claim_id,member_id,provider_id,claim_type,service_from_date,service_to_date,primary_diagnosis_code,claim_status,billed_amount,allowed_amount,paid_amount,denial_reason_code,received_date,updated_at
CLM000000001,MBR0000877,PRV000041,INSTITUTIONAL,2026-06-08,2026-06-09,E11.9,DENIED,3338.82,3096.37,0.00,CO50,2026-06-13,2026-07-05T08:00:00Z
CLM000000002,MBR0000080,PRV000093,PROFESSIONAL,2025-08-02,2025-08-04,E11.9,APPROVED,5083.43,3180.94,2986.89,,2025-08-21,2026-07-13T02:00:00Z
CLM000000003,MBR0000669,PRV000078,PROFESSIONAL,2026-06-19,2026-06-21,Z00.00,APPROVED,3760.87,2552.02,1707.16,,2026-06-30,2026-07-17T22:00:00Z
CLM000000004,MBR0000152,PRV000017,INSTITUTIONAL,2025-07-21,2025-07-23,E11.9,APPROVED,501.07,371.47,247.87,,2025-08-04,2026-07-05T04:00:00Z
CLM000000005,MBR0000702,PRV000074,PROFESSIONAL,2026-03-31,2026-04-02,J45.909,APPROVED,732.84,490.06,381.19,,2026-04-01,2026-07-10T05:00:00Z
CLM000000006,MBR0000972,PRV000080,PROFESSIONAL,2026-01-30,2026-02-01,N39.0,DENIED,5754.69,3480.92,0.00,CO50,2026-02-14,2026-07-16T00:00:00Z
CLM000000007,MBR0000716,PRV000086,PROFESSIONAL,2026-06-12,2026-06-14,I10,DENIED,1680.38,1534.48,0.00,CO16,2026-07-02,2026-07-09T01:00:00Z
CLM000000008,MBR0000889,PRV000084,PROFESSIONAL,2025-05-31,2025-06-02,M54.50,APPROVED,1630.84,959.27,951.42,,2025-06-18,2026-07-03T05:00:00Z
CLM000000009,MBR0000502,PRV000051,INSTITUTIONAL,2026-01-21,2026-01-22,Z00.00,APPROVED,147.89,117.66,91.11,,2026-01-23,2026-07-09T12:00:00Z
CLM000000010,MBR0000748,PRV000049,PROFESSIONAL,2025-01-13,2025-01-16,I10,APPROVED,5688.16,3844.20,3340.35,,2025-01-27,2026-07-10T19:00:00Z
CLM000000011,MBR0000931,PRV000099,PROFESSIONAL,2026-02-02,2026-02-02,I10,APPROVED,3401.36,2640.40,1862.32,,2026-02-07,2026-07-01T10:00:00Z
CLM000000012,MBR0000238,PRV000030,INSTITUTIONAL,2026-06-04,2026-06-06,I10,APPROVED,2476.01,1465.88,1197.35,,2026-06-20,2026-07-16T04:00:00Z
CLM000000013,MBR0000761,PRV000086,INSTITUTIONAL,2025-12-05,2025-12-08,N39.0,APPROVED,3935.36,3042.01,2964.40,,2025-12-20,2026-07-08T13:00:00Z
CLM000000014,MBR0000532,PRV000069,PROFESSIONAL,2025-05-21,2025-05-22,J45.909,APPROVED,5430.43,3936.05,3092.12,,2025-05-31,2026-07-10T14:00:00Z
CLM000000015,MBR0000740,PRV000065,PROFESSIONAL,2026-03-07,2026-03-10,M54.50,APPROVED,977.20,756.00,728.04,,2026-03-08,2026-07-06T14:00:00Z
CLM000000016,MBR0000537,PRV000091,PROFESSIONAL,2025-06-02,2025-06-05,Z00.00,PENDING,3899.25,2919.79,0.00,,2025-06-08,2026-07-11T18:00:00Z
CLM000000017,MBR0000921,PRV000017,INSTITUTIONAL,2025-12-05,2025-12-08,Z00.00,APPROVED,97.63,58.97,38.58,,2025-12-25,2026-07-16T07:00:00Z
CLM000000018,MBR0000644,PRV000072,PROFESSIONAL,2025-11-30,2025-12-01,E11.9,APPROVED,369.69,238.47,209.53,,2025-12-20,2026-07-10T10:00:00Z
CLM000000019,MBR0000768,PRV000075,INSTITUTIONAL,2025-06-27,2025-06-30,E11.9,APPROVED,6036.62,3729.00,2814.47,,2025-07-15,2026-07-03T09:00:00Z
CLM000000020,MBR0000624,PRV000041,INSTITUTIONAL,2025-10-08,2025-10-09,Z00.00,PENDING,3124.89,2122.92,0.00,,2025-10-25,2026-07-16T15:00:00Z
CLM000000021,MBR0000025,PRV000060,INSTITUTIONAL,2026-03-02,2026-03-05,E11.9,APPROVED,3851.22,2961.69,2562.92,,2026-03-20,2026-07-07T00:00:00Z
CLM000000022,MBR0000199,PRV000043,PROFESSIONAL,2025-07-19,2025-07-20,M54.50,APPROVED,4307.59,3692.62,3013.46,,2025-08-03,2026-07-18T10:00:00Z
CLM000000023,MBR0000993,PRV000020,PROFESSIONAL,2025-09-16,2025-09-19,I10,APPROVED,5043.03,3370.12,2633.19,,2025-09-26,2026-07-11T22:00:00Z
CLM000000024,MBR0000538,PRV000039,PROFESSIONAL,2026-01-02,2026-01-05,Z00.00,APPROVED,522.46,488.87,450.85,,2026-01-18,2026-07-17T04:00:00Z
CLM000000025,MBR0000693,PRV000017,PROFESSIONAL,2025-12-02,2025-12-02,J45.909,APPROVED,5091.52,2910.68,2618.99,,2025-12-22,2026-07-03T10:00:00Z
CLM000000026,MBR0000153,PRV000021,PROFESSIONAL,2025-09-23,2025-09-24,Z00.00,PENDING,653.34,497.69,0.00,,2025-10-04,2026-07-09T04:00:00Z
CLM000000027,MBR0000437,PRV000051,INSTITUTIONAL,2025-12-29,2025-12-31,J45.909,DENIED,3679.47,2832.00,0.00,CO16,2026-01-16,2026-07-03T14:00:00Z
CLM000000028,MBR0000882,PRV000079,INSTITUTIONAL,2025-10-09,2025-10-11,M54.50,APPROVED,5174.65,3655.37,3271.06,,2025-10-12,2026-07-16T03:00:00Z
CLM000000029,MBR0000570,PRV000084,INSTITUTIONAL,2026-04-19,2026-04-20,Z00.00,APPROVED,3919.04,3179.06,2512.37,,2026-04-25,2026-07-16T12:00:00Z
CLM000000030,MBR0000679,PRV000086,PROFESSIONAL,2026-04-12,2026-04-15,J45.909,APPROVED,4353.78,2969.20,2799.55,,2026-04-27,2026-07-06T09:00:00Z
CLM000000031,MBR0000677,PRV000020,PROFESSIONAL,2025-03-24,2025-03-25,N39.0,APPROVED,3665.72,2146.12,1829.09,,2025-04-03,2026-07-19T21:00:00Z
CLM000000032,MBR0000882,PRV000037,INSTITUTIONAL,2026-05-30,2026-06-02,M54.50,APPROVED,1303.28,975.38,768.59,,2026-06-17,2026-07-07T21:00:00Z
CLM000000033,MBR0000894,PRV000086,INSTITUTIONAL,2026-02-22,2026-02-25,I10,APPROVED,641.45,576.07,377.61,,2026-03-08,2026-07-15T22:00:00Z
CLM000000034,MBR0000243,PRV000092,INSTITUTIONAL,2025-02-02,2025-02-02,E11.9,DENIED,1638.32,1109.89,0.00,CO97,2025-02-14,2026-07-04T18:00:00Z
CLM000000035,MBR0000484,PRV000081,PROFESSIONAL,2026-04-12,2026-04-14,Z00.00,APPROVED,4494.05,2750.51,2345.83,,2026-04-28,2026-07-15T16:00:00Z
CLM000000036,MBR0000804,PRV000073,PROFESSIONAL,2025-10-07,2025-10-09,N39.0,APPROVED,437.12,287.91,204.18,,2025-10-17,2026-07-16T02:00:00Z
CLM000000037,MBR0000015,PRV000095,PROFESSIONAL,2026-03-08,2026-03-11,J45.909,DENIED,4028.94,2433.11,0.00,CO50,2026-03-16,2026-07-16T05:00:00Z
CLM000000038,MBR0000592,PRV000094,PROFESSIONAL,2025-07-12,2025-07-13,M54.50,APPROVED,350.57,259.86,243.45,,2025-07-22,2026-07-16T23:00:00Z
CLM000000039,MBR0000700,PRV000006,INSTITUTIONAL,2026-03-23,2026-03-25,J45.909,APPROVED,4603.27,3674.55,3618.20,,2026-03-27,2026-07-09T20:00:00Z
CLM000000040,MBR0000101,PRV000068,INSTITUTIONAL,2026-03-16,2026-03-17,E11.9,APPROVED,2942.95,2756.15,2491.11,,2026-03-19,2026-07-02T19:00:00Z
CLM000000041,MBR0000465,PRV000036,INSTITUTIONAL,2025-04-19,2025-04-20,E11.9,APPROVED,3500.59,2782.74,2558.85,,2025-04-21,2026-07-13T12:00:00Z
CLM000000042,MBR0000504,PRV000014,PROFESSIONAL,2026-02-03,2026-02-06,N39.0,APPROVED,2716.44,2183.20,1888.22,,2026-02-05,2026-07-03T02:00:00Z
CLM000000043,MBR0000447,PRV000052,INSTITUTIONAL,2026-04-20,2026-04-20,Z00.00,APPROVED,3165.98,2181.21,2146.21,,2026-05-02,2026-07-11T21:00:00Z
CLM000000044,MBR0000041,PRV000050,INSTITUTIONAL,2025-12-17,2025-12-20,E11.9,APPROVED,2103.02,1227.03,843.42,,2026-01-01,2026-07-07T04:00:00Z
CLM000000045,MBR0000038,PRV000044,PROFESSIONAL,2026-05-04,2026-05-07,N39.0,APPROVED,2350.81,1380.68,1093.40,,2026-05-22,2026-07-05T23:00:00Z
CLM000000046,MBR0000177,PRV000081,PROFESSIONAL,2026-05-10,2026-05-13,Z00.00,DENIED,4267.89,3622.94,0.00,CO97,2026-05-13,2026-07-04T03:00:00Z
CLM000000047,MBR0000124,PRV000088,PROFESSIONAL,2026-02-10,2026-02-10,Z00.00,PENDING,1554.04,1316.89,0.00,,2026-02-13,2026-07-04T08:00:00Z
CLM000000048,MBR0000948,PRV000075,INSTITUTIONAL,2026-05-20,2026-05-21,E11.9,APPROVED,978.78,572.48,498.78,,2026-05-23,2026-07-01T00:00:00Z
CLM000000049,MBR0000961,PRV000023,PROFESSIONAL,2026-05-23,2026-05-25,J45.909,APPROVED,3278.26,2403.26,2076.94,,2026-06-10,2026-07-08T06:00:00Z
CLM000000050,MBR0000055,PRV000025,INSTITUTIONAL,2026-03-07,2026-03-10,I10,APPROVED,3738.28,3195.60,3160.45,,2026-03-09,2026-07-02T20:00:00Z
CLM000000051,MBR0000805,PRV000004,INSTITUTIONAL,2025-02-19,2025-02-21,M54.50,APPROVED,2495.78,2081.44,1524.35,,2025-03-02,2026-07-08T03:00:00Z
CLM000000052,MBR0000951,PRV000079,PROFESSIONAL,2025-03-22,2025-03-24,J45.909,APPROVED,900.32,749.23,607.03,,2025-03-27,2026-07-02T22:00:00Z
CLM000000053,MBR0000994,PRV000071,INSTITUTIONAL,2025-11-07,2025-11-08,Z00.00,DENIED,543.79,387.01,0.00,CO50,2025-11-16,2026-07-01T23:00:00Z
CLM000000054,MBR0000920,PRV000001,PROFESSIONAL,2025-04-29,2025-05-02,Z00.00,APPROVED,5277.49,3921.63,3195.06,,2025-05-03,2026-07-15T15:00:00Z
CLM000000055,MBR0000093,PRV000003,PROFESSIONAL,2025-02-24,2025-02-27,M54.50,APPROVED,4383.37,2691.04,2181.76,,2025-03-09,2026-07-06T11:00:00Z
CLM000000056,MBR0000955,PRV000008,PROFESSIONAL,2025-01-19,2025-01-22,J45.909,APPROVED,5293.52,3783.75,3635.40,,2025-01-21,2026-07-12T11:00:00Z
CLM000000057,MBR0000490,PRV000095,INSTITUTIONAL,2025-11-28,2025-12-01,J45.909,APPROVED,3298.50,3023.80,2304.63,,2025-12-10,2026-07-12T14:00:00Z
CLM000000058,MBR0000982,PRV000010,PROFESSIONAL,2026-03-11,2026-03-12,Z00.00,APPROVED,1228.95,696.65,488.90,,2026-03-12,2026-07-10T13:00:00Z
CLM000000059,MBR0000593,PRV000044,INSTITUTIONAL,2025-07-31,2025-08-03,J45.909,APPROVED,2903.25,1967.72,1644.14,,2025-08-10,2026-07-06T08:00:00Z
CLM000000060,MBR0000634,PRV000021,PROFESSIONAL,2025-09-11,2025-09-12,I10,APPROVED,871.38,765.92,687.67,,2025-09-22,2026-07-19T04:00:00Z
CLM000000061,MBR0000309,PRV000016,INSTITUTIONAL,2026-06-05,2026-06-07,I10,APPROVED,1732.59,1645.04,1152.98,,2026-06-23,2026-07-17T10:00:00Z
CLM000000062,MBR0000026,PRV000052,PROFESSIONAL,2025-11-17,2025-11-18,J45.909,APPROVED,2164.77,1808.82,1210.57,,2025-11-20,2026-07-18T14:00:00Z
CLM000000063,MBR0000396,PRV000048,PROFESSIONAL,2026-06-18,2026-06-19,N39.0,APPROVED,2008.90,1170.79,1161.58,,2026-07-02,2026-07-15T09:00:00Z
CLM000000064,MBR0000775,PRV000049,PROFESSIONAL,2026-04-01,2026-04-04,N39.0,APPROVED,105.06,71.18,53.08,,2026-04-06,2026-07-07T05:00:00Z
CLM000000065,MBR0000670,PRV000086,PROFESSIONAL,2025-09-09,2025-09-09,E11.9,APPROVED,2751.67,1694.86,1509.69,,2025-09-25,2026-07-03T19:00:00Z
CLM000000066,MBR0000370,PRV000054,PROFESSIONAL,2025-07-01,2025-07-02,N39.0,APPROVED,282.22,237.67,207.64,,2025-07-05,2026-07-20T05:00:00Z
CLM000000067,MBR0000422,PRV000044,PROFESSIONAL,2026-01-15,2026-01-15,M54.50,APPROVED,628.00,450.06,327.37,,2026-01-18,2026-07-04T04:00:00Z
CLM000000068,MBR0000727,PRV000039,PROFESSIONAL,2026-06-01,2026-06-02,J45.909,APPROVED,3419.83,2989.34,2077.74,,2026-06-06,2026-07-03T13:00:00Z
CLM000000069,MBR0000802,PRV000016,PROFESSIONAL,2025-12-02,2025-12-02,I10,APPROVED,3990.28,2368.97,2095.85,,2025-12-11,2026-07-19T11:00:00Z
CLM000000070,MBR0000872,PRV000091,PROFESSIONAL,2025-03-01,2025-03-02,J45.909,APPROVED,2668.89,1494.36,1201.29,,2025-03-15,2026-07-07T16:00:00Z
CLM000000071,MBR0000740,PRV000006,INSTITUTIONAL,2026-04-07,2026-04-10,I10,APPROVED,1967.64,1342.70,1006.04,,2026-04-17,2026-07-14T06:00:00Z
CLM000000072,MBR0000536,PRV000085,PROFESSIONAL,2026-04-04,2026-04-05,E11.9,APPROVED,683.23,516.51,461.38,,2026-04-11,2026-07-11T06:00:00Z
CLM000000073,MBR0000524,PRV000036,INSTITUTIONAL,2026-01-31,2026-02-01,N39.0,APPROVED,5415.24,3082.44,2274.04,,2026-02-01,2026-07-04T23:00:00Z
CLM000000074,MBR0000311,PRV000080,INSTITUTIONAL,2026-03-24,2026-03-27,I10,APPROVED,3875.91,3051.48,2538.78,,2026-04-09,2026-07-16T16:00:00Z
CLM000000075,MBR0000471,PRV000005,PROFESSIONAL,2026-05-28,2026-05-31,M54.50,APPROVED,856.84,744.52,687.03,,2026-06-10,2026-07-16T03:00:00Z
CLM000000076,MBR0000063,PRV000004,PROFESSIONAL,2026-05-15,2026-05-17,M54.50,APPROVED,619.93,552.02,515.22,,2026-05-27,2026-07-12T13:00:00Z
CLM000000077,MBR0000674,PRV000055,PROFESSIONAL,2025-01-19,2025-01-21,M54.50,APPROVED,5334.85,3610.08,3225.92,,2025-01-30,2026-07-19T03:00:00Z
CLM000000078,MBR0000651,PRV000010,INSTITUTIONAL,2025-11-23,2025-11-24,Z00.00,APPROVED,1898.85,1181.49,1179.93,,2025-11-26,2026-07-19T03:00:00Z
CLM000000079,MBR0000425,PRV000052,PROFESSIONAL,2025-10-16,2025-10-16,N39.0,APPROVED,3970.14,2516.73,2308.36,,2025-10-22,2026-07-19T15:00:00Z
CLM000000080,MBR0000152,PRV000031,INSTITUTIONAL,2026-01-27,2026-01-29,E11.9,APPROVED,4571.97,2997.14,2833.62,,2026-02-10,2026-07-09T09:00:00Z
CLM000000081,MBR0000663,PRV000005,INSTITUTIONAL,2025-12-06,2025-12-07,N39.0,APPROVED,1140.78,675.26,499.99,,2025-12-22,2026-07-01T01:00:00Z
CLM000000082,MBR0000966,PRV000093,PROFESSIONAL,2026-02-07,2026-02-09,M54.50,APPROVED,1676.65,978.54,807.38,,2026-02-15,2026-07-20T03:00:00Z
CLM000000083,MBR0000547,PRV000048,INSTITUTIONAL,2026-03-07,2026-03-08,J45.909,APPROVED,1823.73,1296.72,1152.73,,2026-03-19,2026-07-10T00:00:00Z
CLM000000084,MBR0000398,PRV000002,INSTITUTIONAL,2025-05-24,2025-05-24,I10,DENIED,4727.27,3713.29,0.00,CO16,2025-06-08,2026-07-11T20:00:00Z
CLM000000085,MBR0000433,PRV000013,INSTITUTIONAL,2026-01-17,2026-01-20,N39.0,APPROVED,3005.47,2807.50,2170.62,,2026-01-19,2026-07-06T20:00:00Z
CLM000000086,MBR0000463,PRV000062,INSTITUTIONAL,2026-02-14,2026-02-15,E11.9,APPROVED,1464.29,1075.99,1010.75,,2026-02-20,2026-07-13T12:00:00Z
CLM000000087,MBR0000267,PRV000020,PROFESSIONAL,2026-03-31,2026-04-03,M54.50,APPROVED,6404.51,3834.02,3253.30,,2026-04-16,2026-07-04T07:00:00Z
CLM000000088,MBR0000185,PRV000053,PROFESSIONAL,2026-02-01,2026-02-04,I10,PENDING,210.76,158.80,0.00,,2026-02-16,2026-07-03T00:00:00Z
CLM000000089,MBR0000098,PRV000072,INSTITUTIONAL,2026-05-01,2026-05-03,Z00.00,DENIED,440.57,251.11,0.00,CO97,2026-05-03,2026-07-01T08:00:00Z
CLM000000090,MBR0000899,PRV000060,INSTITUTIONAL,2026-02-15,2026-02-15,J45.909,APPROVED,432.77,399.56,320.26,,2026-02-20,2026-07-16T08:00:00Z
CLM000000091,MBR0000194,PRV000020,INSTITUTIONAL,2026-05-06,2026-05-09,E11.9,APPROVED,1713.95,954.10,707.06,,2026-05-22,2026-07-02T14:00:00Z
CLM000000092,MBR0000913,PRV000085,PROFESSIONAL,2025-11-25,2025-11-28,E11.9,PENDING,2904.97,2352.93,0.00,,2025-12-11,2026-07-04T10:00:00Z
CLM000000093,MBR0000158,PRV000004,INSTITUTIONAL,2026-04-08,2026-04-08,J45.909,APPROVED,3315.11,1865.22,1525.66,,2026-04-28,2026-07-15T10:00:00Z
CLM000000094,MBR0000092,PRV000003,PROFESSIONAL,2025-11-29,2025-11-29,J45.909,APPROVED,977.70,689.43,516.88,,2025-12-13,2026-07-10T21:00:00Z
CLM000000095,MBR0000437,PRV000012,PROFESSIONAL,2026-05-20,2026-05-21,M54.50,PENDING,2999.72,2075.27,0.00,,2026-06-06,2026-07-03T09:00:00Z
CLM000000096,MBR0000536,PRV000055,PROFESSIONAL,2025-09-01,2025-09-04,M54.50,APPROVED,2570.77,2293.56,2227.17,,2025-09-20,2026-07-09T11:00:00Z
CLM000000097,MBR0000461,PRV000080,PROFESSIONAL,2025-10-02,2025-10-03,I10,DENIED,1546.57,1394.98,0.00,CO97,2025-10-11,2026-07-04T13:00:00Z
CLM000000098,MBR0000634,PRV000079,INSTITUTIONAL,2025-06-26,2025-06-28,E11.9,PENDING,3175.89,2776.57,0.00,,2025-06-27,2026-07-07T03:00:00Z
CLM000000099,MBR0000879,PRV000069,INSTITUTIONAL,2025-12-17,2025-12-17,E11.9,APPROVED,452.80,385.50,270.57,,2025-12-22,2026-07-15T15:00:00Z
CLM000000100,MBR0000500,PRV000052,INSTITUTIONAL,2025-02-18,2025-02-19,N39.0,APPROVED,2273.57,2075.32,2028.31,,2025-02-19,2026-07-14T18:00:00Z
CLM000000101,MBR0000715,PRV000056,INSTITUTIONAL,2026-06-09,2026-06-10,Z00.00,APPROVED,829.78,683.07,556.18,,2026-06-20,2026-07-20T22:00:00Z
CLM000000102,MBR0000495,PRV000017,INSTITUTIONAL,2026-01-04,2026-01-07,J45.909,APPROVED,1022.47,833.96,571.53,,2026-01-22,2026-07-02T00:00:00Z
CLM000000103,MBR0000349,PRV000046,PROFESSIONAL,2026-05-14,2026-05-14,M54.50,APPROVED,5097.36,3090.73,2978.57,,2026-05-18,2026-07-04T19:00:00Z
CLM000000104,MBR0000663,PRV000047,INSTITUTIONAL,2025-07-23,2025-07-23,I10,APPROVED,5505.65,3284.78,2367.21,,2025-08-08,2026-07-11T09:00:00Z
CLM000000105,MBR0000454,PRV000019,INSTITUTIONAL,2026-06-20,2026-06-22,M54.50,APPROVED,5150.74,2883.21,1944.30,,2026-06-26,2026-07-14T01:00:00Z
CLM000000106,MBR0000009,PRV000036,INSTITUTIONAL,2026-01-31,2026-02-02,N39.0,APPROVED,3809.32,2814.67,2031.62,,2026-02-07,2026-07-10T02:00:00Z
CLM000000107,MBR0000029,PRV000070,PROFESSIONAL,2025-10-09,2025-10-09,J45.909,APPROVED,1244.19,999.50,903.83,,2025-10-26,2026-07-12T03:00:00Z
CLM000000108,MBR0000596,PRV000073,PROFESSIONAL,2025-11-03,2025-11-06,Z00.00,APPROVED,2293.41,1430.58,1322.82,,2025-11-07,2026-07-11T16:00:00Z
CLM000000109,MBR0000457,PRV000010,INSTITUTIONAL,2025-06-17,2025-06-19,Z00.00,APPROVED,3876.21,2721.83,2301.69,,2025-07-01,2026-07-15T22:00:00Z
CLM000000110,MBR0000218,PRV000059,PROFESSIONAL,2025-03-03,2025-03-06,E11.9,APPROVED,198.43,173.96,147.11,,2025-03-22,2026-07-10T01:00:00Z
CLM000000111,MBR0000960,PRV000040,PROFESSIONAL,2025-09-13,2025-09-15,E11.9,APPROVED,1528.49,897.62,737.02,,2025-09-27,2026-07-16T18:00:00Z
CLM000000112,MBR0000888,PRV000094,INSTITUTIONAL,2025-08-01,2025-08-02,M54.50,APPROVED,519.40,398.24,345.77,,2025-08-03,2026-07-15T23:00:00Z
CLM000000113,MBR0000515,PRV000003,INSTITUTIONAL,2026-02-27,2026-02-28,I10,APPROVED,4428.83,2648.40,2613.53,,2026-03-18,2026-07-15T02:00:00Z
CLM000000114,MBR0000102,PRV000070,PROFESSIONAL,2026-01-09,2026-01-11,M54.50,APPROVED,1829.54,1173.57,1078.40,,2026-01-11,2026-07-20T10:00:00Z
CLM000000115,MBR0000265,PRV000049,PROFESSIONAL,2026-02-27,2026-03-02,Z00.00,APPROVED,403.86,250.18,214.89,,2026-03-12,2026-07-04T08:00:00Z
CLM000000116,MBR0000782,PRV000072,PROFESSIONAL,2026-02-22,2026-02-23,J45.909,APPROVED,1818.78,1249.74,849.03,,2026-02-28,2026-07-08T17:00:00Z
CLM000000117,MBR0000863,PRV000081,PROFESSIONAL,2025-11-25,2025-11-27,E11.9,APPROVED,3176.75,2359.30,1571.10,,2025-11-29,2026-07-05T23:00:00Z
CLM000000118,MBR0000216,PRV000059,PROFESSIONAL,2025-07-29,2025-08-01,E11.9,APPROVED,186.04,107.78,94.44,,2025-08-04,2026-07-14T17:00:00Z
CLM000000119,MBR0000367,PRV000050,PROFESSIONAL,2025-12-31,2026-01-03,J45.909,APPROVED,5894.04,3363.82,3344.74,,2026-01-15,2026-07-01T07:00:00Z
CLM000000120,MBR0000891,PRV000036,PROFESSIONAL,2025-02-03,2025-02-03,Z00.00,APPROVED,2291.01,1998.81,1760.84,,2025-02-06,2026-07-05T08:00:00Z
CLM000000121,MBR0000865,PRV000053,PROFESSIONAL,2025-09-23,2025-09-24,E11.9,APPROVED,662.44,526.39,433.46,,2025-10-07,2026-07-18T14:00:00Z
CLM000000122,MBR0000169,PRV000043,INSTITUTIONAL,2025-08-16,2025-08-16,Z00.00,APPROVED,483.75,293.55,193.67,,2025-08-27,2026-07-09T07:00:00Z
CLM000000123,MBR0000795,PRV000077,PROFESSIONAL,2025-04-07,2025-04-07,E11.9,APPROVED,4088.47,3067.01,2615.02,,2025-04-10,2026-07-05T01:00:00Z
CLM000000124,MBR0000633,PRV000097,PROFESSIONAL,2025-05-06,2025-05-09,M54.50,APPROVED,1351.96,966.96,851.80,,2025-05-20,2026-07-20T19:00:00Z
CLM000000125,MBR0000522,PRV000033,PROFESSIONAL,2025-07-02,2025-07-03,E11.9,APPROVED,1873.17,1710.08,1377.67,,2025-07-12,2026-07-19T13:00:00Z
CLM000000126,MBR0000244,PRV000065,PROFESSIONAL,2026-05-06,2026-05-06,J45.909,APPROVED,2043.41,1714.25,1234.48,,2026-05-22,2026-07-15T19:00:00Z
CLM000000127,MBR0000236,PRV000060,INSTITUTIONAL,2025-11-24,2025-11-27,I10,APPROVED,1337.16,990.32,973.89,,2025-11-25,2026-07-12T00:00:00Z
CLM000000128,MBR0000999,PRV000004,PROFESSIONAL,2025-12-09,2025-12-11,Z00.00,APPROVED,1021.40,827.40,794.21,,2025-12-16,2026-07-01T05:00:00Z
CLM000000129,MBR0000677,PRV000022,INSTITUTIONAL,2025-01-07,2025-01-07,E11.9,PENDING,4528.40,3909.44,0.00,,2025-01-12,2026-07-07T06:00:00Z
CLM000000130,MBR0000055,PRV000081,INSTITUTIONAL,2025-09-17,2025-09-18,N39.0,DENIED,3885.51,3497.13,0.00,CO50,2025-10-07,2026-07-03T05:00:00Z
CLM000000131,MBR0000275,PRV000075,PROFESSIONAL,2025-05-16,2025-05-17,I10,APPROVED,3568.09,2568.71,2253.81,,2025-05-24,2026-07-13T06:00:00Z
CLM000000132,MBR0000598,PRV000006,INSTITUTIONAL,2025-03-11,2025-03-14,J45.909,APPROVED,3424.15,2071.00,1673.17,,2025-03-22,2026-07-09T12:00:00Z
CLM000000133,MBR0000863,PRV000065,PROFESSIONAL,2025-01-21,2025-01-21,E11.9,APPROVED,2435.46,2207.01,1648.08,,2025-01-23,2026-07-18T06:00:00Z
CLM000000134,MBR0000776,PRV000084,PROFESSIONAL,2026-06-18,2026-06-21,I10,APPROVED,2332.74,1911.78,1751.97,,2026-06-25,2026-07-16T07:00:00Z
CLM000000135,MBR0000143,PRV000074,INSTITUTIONAL,2026-02-19,2026-02-21,I10,APPROVED,1710.28,1253.54,1034.08,,2026-03-04,2026-07-18T09:00:00Z
CLM000000136,MBR0000112,PRV000043,PROFESSIONAL,2025-03-25,2025-03-25,N39.0,APPROVED,3864.88,2572.26,1826.30,,2025-03-26,2026-07-06T06:00:00Z
CLM000000137,MBR0000059,PRV000048,INSTITUTIONAL,2025-01-16,2025-01-17,E11.9,APPROVED,101.71,88.69,85.89,,2025-01-30,2026-07-16T23:00:00Z
CLM000000138,MBR0000619,PRV000074,INSTITUTIONAL,2025-08-17,2025-08-18,E11.9,APPROVED,4247.52,2368.53,2107.26,,2025-09-01,2026-07-03T12:00:00Z
CLM000000139,MBR0000628,PRV000023,INSTITUTIONAL,2025-05-01,2025-05-04,M54.50,DENIED,1785.69,1030.33,0.00,CO16,2025-05-20,2026-07-04T12:00:00Z
CLM000000140,MBR0000079,PRV000097,PROFESSIONAL,2026-03-15,2026-03-17,I10,APPROVED,2916.11,2039.88,1618.71,,2026-03-30,2026-07-01T02:00:00Z
CLM000000141,MBR0000687,PRV000096,PROFESSIONAL,2025-03-12,2025-03-15,I10,APPROVED,2753.17,1962.22,1652.09,,2025-03-21,2026-07-06T05:00:00Z
CLM000000142,MBR0000080,PRV000086,PROFESSIONAL,2026-06-19,2026-06-19,N39.0,APPROVED,3947.76,2724.05,2112.04,,2026-07-04,2026-07-02T20:00:00Z
CLM000000143,MBR0000205,PRV000012,INSTITUTIONAL,2026-06-14,2026-06-15,N39.0,PENDING,2657.71,1712.76,0.00,,2026-06-22,2026-07-04T21:00:00Z
CLM000000144,MBR0000331,PRV000072,INSTITUTIONAL,2025-12-18,2025-12-21,E11.9,DENIED,3079.84,2515.58,0.00,CO16,2025-12-30,2026-07-11T05:00:00Z
CLM000000145,MBR0000068,PRV000085,PROFESSIONAL,2025-09-18,2025-09-21,J45.909,APPROVED,4251.96,2615.53,1761.73,,2025-10-04,2026-07-04T22:00:00Z
CLM000000146,MBR0000344,PRV000003,PROFESSIONAL,2025-03-28,2025-03-29,E11.9,APPROVED,2355.01,1557.28,1138.92,,2025-04-01,2026-07-10T07:00:00Z
CLM000000147,MBR0000899,PRV000043,INSTITUTIONAL,2026-02-13,2026-02-15,E11.9,APPROVED,1398.90,1144.99,1049.01,,2026-02-24,2026-07-11T07:00:00Z
CLM000000148,MBR0000645,PRV000001,PROFESSIONAL,2026-04-25,2026-04-26,I10,APPROVED,3899.44,3485.32,2500.24,,2026-05-14,2026-07-18T06:00:00Z
CLM000000149,MBR0000293,PRV000074,INSTITUTIONAL,2025-03-28,2025-03-28,J45.909,APPROVED,5222.59,3872.36,3685.90,,2025-04-03,2026-07-16T14:00:00Z
CLM000000150,MBR0000551,PRV000020,INSTITUTIONAL,2026-01-02,2026-01-05,E11.9,APPROVED,1381.29,1062.59,859.38,,2026-01-18,2026-07-07T04:00:00Z
CLM000000151,MBR0000383,PRV000050,PROFESSIONAL,2025-02-14,2025-02-17,E11.9,PENDING,2265.17,1262.39,0.00,,2025-02-18,2026-07-13T18:00:00Z
CLM000000152,MBR0000727,PRV000063,PROFESSIONAL,2025-06-18,2025-06-19,M54.50,APPROVED,3011.91,2799.48,2727.48,,2025-06-30,2026-07-01T22:00:00Z
CLM000000153,MBR0000724,PRV000076,INSTITUTIONAL,2026-04-09,2026-04-11,N39.0,APPROVED,2675.65,2095.81,1672.52,,2026-04-27,2026-07-13T18:00:00Z
CLM000000154,MBR0000316,PRV000001,INSTITUTIONAL,2026-01-09,2026-01-12,N39.0,APPROVED,4145.49,3273.82,2208.01,,2026-01-23,2026-07-06T05:00:00Z
CLM000000155,MBR0000642,PRV000080,INSTITUTIONAL,2026-03-11,2026-03-11,J45.909,APPROVED,3821.03,3479.37,2618.55,,2026-03-12,2026-07-19T07:00:00Z
CLM000000156,MBR0000485,PRV000097,INSTITUTIONAL,2025-07-20,2025-07-22,I10,APPROVED,4275.74,2435.29,2164.12,,2025-08-02,2026-07-13T19:00:00Z
CLM000000157,MBR0000856,PRV000018,INSTITUTIONAL,2026-06-04,2026-06-05,J45.909,DENIED,3368.94,2425.55,0.00,CO97,2026-06-20,2026-07-17T13:00:00Z
CLM000000158,MBR0000757,PRV000079,INSTITUTIONAL,2026-04-08,2026-04-08,N39.0,DENIED,1904.44,1422.66,0.00,CO97,2026-04-15,2026-07-05T16:00:00Z
CLM000000159,MBR0000679,PRV000070,PROFESSIONAL,2025-10-27,2025-10-27,M54.50,APPROVED,1808.43,1007.47,987.80,,2025-10-28,2026-07-06T10:00:00Z
CLM000000160,MBR0000352,PRV000049,INSTITUTIONAL,2025-06-05,2025-06-06,I10,APPROVED,3274.12,2631.25,2600.17,,2025-06-15,2026-07-03T03:00:00Z
CLM000000161,MBR0000755,PRV000001,INSTITUTIONAL,2025-08-16,2025-08-18,J45.909,APPROVED,477.55,289.75,274.25,,2025-08-21,2026-07-17T21:00:00Z
CLM000000162,MBR0000291,PRV000019,PROFESSIONAL,2026-05-26,2026-05-28,N39.0,APPROVED,3573.24,2413.57,2405.41,,2026-06-02,2026-07-16T09:00:00Z
CLM000000163,MBR0000562,PRV000051,INSTITUTIONAL,2025-07-20,2025-07-23,E11.9,APPROVED,2480.76,1715.74,1324.39,,2025-07-30,2026-07-10T22:00:00Z
CLM000000164,MBR0000312,PRV000059,PROFESSIONAL,2026-01-14,2026-01-15,I10,APPROVED,3848.25,2327.66,1906.02,,2026-01-21,2026-07-01T11:00:00Z
CLM000000165,MBR0000666,PRV000044,PROFESSIONAL,2025-04-12,2025-04-12,I10,APPROVED,5228.60,3880.27,3070.84,,2025-04-22,2026-07-20T05:00:00Z
CLM000000166,MBR0000601,PRV000074,PROFESSIONAL,2025-02-24,2025-02-27,M54.50,APPROVED,2029.61,1127.58,1046.42,,2025-03-10,2026-07-10T18:00:00Z
CLM000000167,MBR0000570,PRV000069,PROFESSIONAL,2025-02-15,2025-02-16,N39.0,DENIED,513.26,297.85,0.00,CO16,2025-03-07,2026-07-06T00:00:00Z
CLM000000168,MBR0000128,PRV000065,PROFESSIONAL,2025-08-29,2025-08-30,J45.909,APPROVED,1608.37,1482.88,1183.44,,2025-09-15,2026-07-10T21:00:00Z
CLM000000169,MBR0000368,PRV000036,INSTITUTIONAL,2026-02-19,2026-02-22,N39.0,APPROVED,5059.89,2928.61,2467.20,,2026-03-04,2026-07-15T02:00:00Z
CLM000000170,MBR0000842,PRV000020,PROFESSIONAL,2025-08-11,2025-08-11,J45.909,APPROVED,4539.72,3970.14,2616.59,,2025-08-15,2026-07-18T13:00:00Z
CLM000000171,MBR0000993,PRV000029,INSTITUTIONAL,2025-06-08,2025-06-11,E11.9,APPROVED,5510.99,3809.30,2640.71,,2025-06-27,2026-07-10T17:00:00Z
CLM000000172,MBR0000607,PRV000017,PROFESSIONAL,2025-10-08,2025-10-09,M54.50,APPROVED,121.83,82.56,58.16,,2025-10-17,2026-07-02T23:00:00Z
CLM000000173,MBR0000651,PRV000012,PROFESSIONAL,2025-08-22,2025-08-22,N39.0,APPROVED,2032.95,1652.77,1126.44,,2025-08-25,2026-07-06T18:00:00Z
CLM000000174,MBR0000510,PRV000066,PROFESSIONAL,2026-02-23,2026-02-26,N39.0,APPROVED,2391.75,1648.64,1597.22,,2026-03-07,2026-07-08T23:00:00Z
CLM000000175,MBR0000383,PRV000015,PROFESSIONAL,2025-07-19,2025-07-21,J45.909,APPROVED,5169.25,3660.05,3069.65,,2025-07-28,2026-07-07T00:00:00Z
CLM000000176,MBR0000363,PRV000014,PROFESSIONAL,2026-06-25,2026-06-25,M54.50,APPROVED,2026.59,1428.15,1129.27,,2026-06-28,2026-07-17T16:00:00Z
CLM000000177,MBR0000482,PRV000051,INSTITUTIONAL,2025-06-12,2025-06-12,M54.50,APPROVED,1894.87,1228.67,876.98,,2025-06-27,2026-07-06T04:00:00Z
CLM000000178,MBR0000683,PRV000026,PROFESSIONAL,2025-02-25,2025-02-28,M54.50,PENDING,5617.25,3840.61,0.00,,2025-03-02,2026-07-11T12:00:00Z
CLM000000179,MBR0000695,PRV000044,INSTITUTIONAL,2025-04-17,2025-04-19,M54.50,APPROVED,4344.22,3906.81,3133.32,,2025-05-01,2026-07-08T19:00:00Z
CLM000000180,MBR0000841,PRV000055,PROFESSIONAL,2025-12-09,2025-12-10,Z00.00,APPROVED,2920.49,1919.25,1316.75,,2025-12-14,2026-07-08T03:00:00Z
CLM000000181,MBR0000886,PRV000007,PROFESSIONAL,2025-06-06,2025-06-07,J45.909,APPROVED,2267.79,1655.86,1443.34,,2025-06-08,2026-07-17T13:00:00Z
CLM000000182,MBR0000293,PRV000061,INSTITUTIONAL,2025-09-17,2025-09-19,J45.909,APPROVED,4650.40,3638.05,2600.09,,2025-09-21,2026-07-01T21:00:00Z
CLM000000183,MBR0000761,PRV000078,PROFESSIONAL,2026-02-27,2026-02-28,N39.0,PENDING,286.98,207.31,0.00,,2026-03-03,2026-07-03T17:00:00Z
CLM000000184,MBR0000999,PRV000045,PROFESSIONAL,2025-06-21,2025-06-24,M54.50,APPROVED,2624.13,1818.75,1762.00,,2025-07-08,2026-07-01T05:00:00Z
CLM000000185,MBR0000799,PRV000050,PROFESSIONAL,2025-05-16,2025-05-16,Z00.00,APPROVED,3404.57,2446.55,1593.34,,2025-06-02,2026-07-09T09:00:00Z
CLM000000186,MBR0000950,PRV000018,PROFESSIONAL,2025-09-27,2025-09-27,E11.9,APPROVED,5376.51,3499.23,3474.76,,2025-10-17,2026-07-12T10:00:00Z
CLM000000187,MBR0000836,PRV000002,PROFESSIONAL,2025-07-01,2025-07-03,E11.9,PENDING,1325.54,912.25,0.00,,2025-07-20,2026-07-04T23:00:00Z
CLM000000188,MBR0000744,PRV000056,INSTITUTIONAL,2025-06-18,2025-06-19,I10,APPROVED,752.71,631.66,520.23,,2025-07-04,2026-07-06T20:00:00Z
CLM000000189,MBR0000540,PRV000018,PROFESSIONAL,2026-06-18,2026-06-18,I10,APPROVED,3005.38,2431.03,1597.80,,2026-06-21,2026-07-09T04:00:00Z
CLM000000190,MBR0000250,PRV000008,PROFESSIONAL,2025-09-30,2025-10-02,E11.9,APPROVED,3622.44,2526.71,2371.88,,2025-10-14,2026-07-05T00:00:00Z
CLM000000191,MBR0000944,PRV000088,INSTITUTIONAL,2025-06-02,2025-06-03,E11.9,APPROVED,3364.17,2761.16,2666.08,,2025-06-12,2026-07-12T02:00:00Z
CLM000000192,MBR0000278,PRV000064,PROFESSIONAL,2025-06-18,2025-06-18,I10,APPROVED,6099.78,3734.55,3357.20,,2025-06-23,2026-07-11T04:00:00Z
CLM000000193,MBR0000786,PRV000050,INSTITUTIONAL,2025-07-04,2025-07-06,I10,APPROVED,2160.12,1307.89,1167.55,,2025-07-12,2026-07-13T13:00:00Z
CLM000000194,MBR0000944,PRV000015,PROFESSIONAL,2026-04-30,2026-05-02,M54.50,APPROVED,4226.44,3649.44,3456.99,,2026-05-18,2026-07-14T07:00:00Z
CLM000000195,MBR0000989,PRV000055,INSTITUTIONAL,2025-06-15,2025-06-16,E11.9,APPROVED,300.37,258.90,220.99,,2025-06-20,2026-07-03T07:00:00Z
CLM000000196,MBR0000422,PRV000093,PROFESSIONAL,2025-07-20,2025-07-21,E11.9,APPROVED,3081.14,1800.92,1178.92,,2025-07-22,2026-07-20T05:00:00Z
CLM000000197,MBR0000387,PRV000017,PROFESSIONAL,2025-11-26,2025-11-29,M54.50,APPROVED,2092.56,1628.59,1282.19,,2025-12-09,2026-07-13T05:00:00Z
CLM000000198,MBR0000555,PRV000014,PROFESSIONAL,2026-04-25,2026-04-26,N39.0,APPROVED,1542.69,883.10,855.19,,2026-05-03,2026-07-09T02:00:00Z
CLM000000199,MBR0000770,PRV000051,INSTITUTIONAL,2025-07-01,2025-07-01,Z00.00,APPROVED,6451.26,3896.58,2665.58,,2025-07-06,2026-07-01T18:00:00Z
CLM000000200,MBR0000827,PRV000088,INSTITUTIONAL,2026-02-06,2026-02-09,I10,APPROVED,4024.59,3085.71,3046.47,,2026-02-18,2026-07-20T13:00:00Z
CLM000000201,MBR0000825,PRV000002,PROFESSIONAL,2026-02-04,2026-02-07,E11.9,APPROVED,4278.74,3075.78,2933.18,,2026-02-10,2026-07-10T05:00:00Z
CLM000000202,MBR0000666,PRV000018,INSTITUTIONAL,2026-02-24,2026-02-27,M54.50,APPROVED,6581.41,3888.00,3021.81,,2026-03-01,2026-07-15T11:00:00Z
CLM000000203,MBR0000229,PRV000050,INSTITUTIONAL,2025-03-14,2025-03-14,E11.9,APPROVED,3189.97,2691.49,2190.79,,2025-03-18,2026-07-13T13:00:00Z
CLM000000204,MBR0000720,PRV000095,INSTITUTIONAL,2025-02-28,2025-03-01,N39.0,APPROVED,601.61,497.16,418.00,,2025-03-19,2026-07-02T19:00:00Z
CLM000000205,MBR0000259,PRV000082,INSTITUTIONAL,2026-01-01,2026-01-04,M54.50,APPROVED,542.21,375.60,297.39,,2026-01-10,2026-07-06T01:00:00Z
CLM000000206,MBR0000487,PRV000069,INSTITUTIONAL,2026-01-17,2026-01-17,Z00.00,APPROVED,6326.40,3863.91,3745.71,,2026-02-06,2026-07-07T02:00:00Z
CLM000000207,MBR0000966,PRV000017,PROFESSIONAL,2025-03-27,2025-03-30,N39.0,APPROVED,3753.87,2571.91,1704.59,,2025-04-02,2026-07-20T12:00:00Z
CLM000000208,MBR0000919,PRV000040,INSTITUTIONAL,2025-02-01,2025-02-04,M54.50,APPROVED,4314.97,3284.35,2708.59,,2025-02-19,2026-07-14T16:00:00Z
CLM000000209,MBR0000291,PRV000090,PROFESSIONAL,2026-03-21,2026-03-24,E11.9,APPROVED,5663.13,3981.66,2732.75,,2026-04-10,2026-07-18T03:00:00Z
CLM000000210,MBR0000423,PRV000083,INSTITUTIONAL,2025-05-21,2025-05-23,N39.0,APPROVED,93.73,75.08,54.69,,2025-06-04,2026-07-08T00:00:00Z
CLM000000211,MBR0000570,PRV000051,INSTITUTIONAL,2025-12-15,2025-12-16,N39.0,APPROVED,3333.31,2482.34,1658.34,,2025-12-21,2026-07-13T10:00:00Z
CLM000000212,MBR0000633,PRV000091,INSTITUTIONAL,2026-04-11,2026-04-13,I10,APPROVED,2836.44,2306.44,2091.85,,2026-04-19,2026-07-10T06:00:00Z
CLM000000213,MBR0000146,PRV000037,INSTITUTIONAL,2025-10-05,2025-10-06,M54.50,APPROVED,4032.86,3583.16,2948.89,,2025-10-06,2026-07-14T02:00:00Z
CLM000000214,MBR0000011,PRV000023,PROFESSIONAL,2026-05-29,2026-05-30,Z00.00,APPROVED,816.87,508.55,392.28,,2026-06-02,2026-07-07T19:00:00Z
CLM000000215,MBR0000746,PRV000089,INSTITUTIONAL,2026-02-21,2026-02-23,M54.50,APPROVED,1775.13,1103.32,1085.26,,2026-03-09,2026-07-14T16:00:00Z
CLM000000216,MBR0000766,PRV000035,INSTITUTIONAL,2025-08-08,2025-08-10,N39.0,APPROVED,4175.60,2508.61,2007.54,,2025-08-23,2026-07-06T01:00:00Z
CLM000000217,MBR0000075,PRV000028,INSTITUTIONAL,2025-06-15,2025-06-15,N39.0,APPROVED,1965.88,1516.12,1050.38,,2025-06-30,2026-07-19T10:00:00Z
CLM000000218,MBR0000285,PRV000092,INSTITUTIONAL,2026-04-15,2026-04-17,J45.909,APPROVED,2774.75,2314.97,2057.42,,2026-04-17,2026-07-16T15:00:00Z
CLM000000219,MBR0000019,PRV000083,INSTITUTIONAL,2026-06-26,2026-06-26,Z00.00,APPROVED,6346.58,3650.55,3448.22,,2026-06-28,2026-07-11T20:00:00Z
CLM000000220,MBR0000082,PRV000072,INSTITUTIONAL,2025-08-14,2025-08-17,N39.0,APPROVED,3547.27,1998.05,1507.44,,2025-08-18,2026-07-12T19:00:00Z
CLM000000221,MBR0000742,PRV000048,INSTITUTIONAL,2026-06-25,2026-06-25,E11.9,DENIED,4061.01,3739.41,0.00,CO50,2026-06-28,2026-07-09T10:00:00Z
CLM000000222,MBR0000126,PRV000067,INSTITUTIONAL,2025-10-27,2025-10-30,I10,APPROVED,2607.51,2330.53,2311.24,,2025-11-06,2026-07-03T11:00:00Z
CLM000000223,MBR0000726,PRV000059,INSTITUTIONAL,2026-01-24,2026-01-27,M54.50,APPROVED,5779.77,3398.08,2363.44,,2026-02-10,2026-07-07T12:00:00Z
CLM000000224,MBR0000473,PRV000014,PROFESSIONAL,2026-03-10,2026-03-12,E11.9,DENIED,1402.14,996.42,0.00,CO97,2026-03-25,2026-07-12T08:00:00Z
CLM000000225,MBR0000515,PRV000056,PROFESSIONAL,2025-01-26,2025-01-29,N39.0,APPROVED,2383.21,1364.94,1063.87,,2025-02-02,2026-07-10T06:00:00Z
CLM000000226,MBR0000055,PRV000005,INSTITUTIONAL,2025-10-01,2025-10-04,M54.50,APPROVED,1113.95,989.32,738.44,,2025-10-10,2026-07-16T06:00:00Z
CLM000000227,MBR0000323,PRV000088,PROFESSIONAL,2026-04-20,2026-04-23,M54.50,APPROVED,915.68,704.08,569.83,,2026-04-26,2026-07-09T02:00:00Z
CLM000000228,MBR0000113,PRV000006,PROFESSIONAL,2026-06-13,2026-06-14,I10,PENDING,3733.62,2288.54,0.00,,2026-06-17,2026-07-10T23:00:00Z
CLM000000229,MBR0000848,PRV000046,INSTITUTIONAL,2025-08-26,2025-08-26,J45.909,DENIED,4464.10,2853.67,0.00,CO97,2025-08-27,2026-07-05T13:00:00Z
CLM000000230,MBR0000759,PRV000090,INSTITUTIONAL,2025-04-15,2025-04-15,J45.909,APPROVED,2504.59,1466.51,1052.73,,2025-05-03,2026-07-15T16:00:00Z
CLM000000231,MBR0000196,PRV000006,PROFESSIONAL,2025-01-14,2025-01-17,M54.50,DENIED,4160.61,2820.76,0.00,CO50,2025-01-24,2026-07-04T00:00:00Z
CLM000000232,MBR0000499,PRV000037,INSTITUTIONAL,2026-04-25,2026-04-25,E11.9,APPROVED,4543.62,3208.15,2131.28,,2026-04-26,2026-07-14T11:00:00Z
CLM000000233,MBR0000600,PRV000011,INSTITUTIONAL,2025-09-06,2025-09-09,M54.50,APPROVED,1616.44,910.58,704.90,,2025-09-10,2026-07-09T09:00:00Z
CLM000000234,MBR0000088,PRV000039,INSTITUTIONAL,2025-03-15,2025-03-15,I10,APPROVED,3184.28,2203.76,2108.06,,2025-03-26,2026-07-17T21:00:00Z
CLM000000235,MBR0000636,PRV000070,PROFESSIONAL,2025-09-03,2025-09-06,N39.0,DENIED,270.71,256.73,0.00,CO97,2025-09-18,2026-07-02T02:00:00Z
CLM000000236,MBR0000494,PRV000089,PROFESSIONAL,2025-07-26,2025-07-27,Z00.00,APPROVED,4010.97,3463.36,2959.84,,2025-08-11,2026-07-05T07:00:00Z
CLM000000237,MBR0000026,PRV000065,INSTITUTIONAL,2025-04-02,2025-04-05,M54.50,DENIED,2841.85,1590.27,0.00,CO16,2025-04-20,2026-07-09T19:00:00Z
CLM000000238,MBR0000492,PRV000038,INSTITUTIONAL,2025-09-07,2025-09-09,N39.0,PENDING,3373.52,2685.10,0.00,,2025-09-20,2026-07-04T14:00:00Z
CLM000000239,MBR0000311,PRV000005,PROFESSIONAL,2025-04-01,2025-04-04,N39.0,DENIED,297.72,213.61,0.00,CO16,2025-04-07,2026-07-12T16:00:00Z
CLM000000240,MBR0000733,PRV000018,PROFESSIONAL,2025-09-18,2025-09-21,M54.50,APPROVED,5580.69,3149.52,3065.17,,2025-10-08,2026-07-06T18:00:00Z
CLM000000241,MBR0000099,PRV000086,PROFESSIONAL,2026-03-14,2026-03-15,E11.9,APPROVED,3484.64,2020.26,1542.03,,2026-03-20,2026-07-13T13:00:00Z
CLM000000242,MBR0000647,PRV000004,PROFESSIONAL,2026-01-03,2026-01-04,J45.909,APPROVED,1865.36,1315.18,1028.69,,2026-01-13,2026-07-08T06:00:00Z
CLM000000243,MBR0000190,PRV000088,INSTITUTIONAL,2025-02-07,2025-02-09,Z00.00,APPROVED,1374.66,796.99,748.89,,2025-02-12,2026-07-03T14:00:00Z
CLM000000244,MBR0000230,PRV000038,PROFESSIONAL,2025-10-16,2025-10-18,E11.9,APPROVED,2305.55,1589.14,1518.19,,2025-10-24,2026-07-17T19:00:00Z
CLM000000245,MBR0000143,PRV000027,PROFESSIONAL,2025-07-28,2025-07-31,E11.9,APPROVED,6120.89,3700.11,3542.47,,2025-08-16,2026-07-20T22:00:00Z
CLM000000246,MBR0000043,PRV000014,INSTITUTIONAL,2026-05-25,2026-05-27,I10,APPROVED,2141.80,2009.04,1552.16,,2026-05-27,2026-07-01T06:00:00Z
CLM000000247,MBR0000121,PRV000079,PROFESSIONAL,2025-06-19,2025-06-20,E11.9,APPROVED,2142.23,1436.33,1395.14,,2025-06-27,2026-07-14T23:00:00Z
CLM000000248,MBR0000617,PRV000084,PROFESSIONAL,2025-10-23,2025-10-23,E11.9,APPROVED,4941.24,3992.44,3150.98,,2025-11-10,2026-07-07T15:00:00Z
CLM000000249,MBR0000355,PRV000053,PROFESSIONAL,2025-02-18,2025-02-20,N39.0,APPROVED,1686.70,1151.55,803.78,,2025-02-22,2026-07-12T23:00:00Z
CLM000000250,MBR0000848,PRV000011,INSTITUTIONAL,2026-04-30,2026-05-03,M54.50,APPROVED,1244.52,1148.81,945.90,,2026-05-07,2026-07-13T05:00:00Z
CLM000000251,MBR0000802,PRV000094,INSTITUTIONAL,2026-05-03,2026-05-06,M54.50,APPROVED,4790.84,3238.25,3184.38,,2026-05-22,2026-07-17T08:00:00Z
CLM000000252,MBR0000256,PRV000099,INSTITUTIONAL,2025-09-01,2025-09-03,N39.0,APPROVED,1708.21,1379.94,1194.26,,2025-09-21,2026-07-01T03:00:00Z
CLM000000253,MBR0000060,PRV000075,PROFESSIONAL,2026-04-10,2026-04-13,I10,APPROVED,1415.53,1138.34,865.04,,2026-04-19,2026-07-09T15:00:00Z
CLM000000254,MBR0000325,PRV000006,INSTITUTIONAL,2025-11-09,2025-11-09,N39.0,APPROVED,480.71,285.51,211.47,,2025-11-21,2026-07-18T22:00:00Z
CLM000000255,MBR0000080,PRV000031,INSTITUTIONAL,2025-12-04,2025-12-04,N39.0,APPROVED,1826.70,1333.50,1250.75,,2025-12-14,2026-07-05T00:00:00Z
CLM000000256,MBR0000624,PRV000028,INSTITUTIONAL,2025-08-14,2025-08-15,M54.50,APPROVED,3455.17,2065.20,1709.70,,2025-08-16,2026-07-05T12:00:00Z
CLM000000257,MBR0000337,PRV000032,PROFESSIONAL,2025-06-25,2025-06-28,N39.0,APPROVED,1694.24,958.17,948.91,,2025-07-09,2026-07-12T02:00:00Z
CLM000000258,MBR0000251,PRV000100,INSTITUTIONAL,2025-05-09,2025-05-11,J45.909,APPROVED,3086.50,2711.09,2336.80,,2025-05-23,2026-07-14T16:00:00Z
CLM000000259,MBR0000104,PRV000017,PROFESSIONAL,2026-05-27,2026-05-28,Z00.00,APPROVED,5683.48,3342.91,2368.21,,2026-06-09,2026-07-14T11:00:00Z
CLM000000260,MBR0000624,PRV000079,INSTITUTIONAL,2026-03-12,2026-03-15,M54.50,APPROVED,6057.16,3976.80,3613.17,,2026-03-26,2026-07-10T15:00:00Z
CLM000000261,MBR0000350,PRV000007,INSTITUTIONAL,2025-01-16,2025-01-18,J45.909,APPROVED,4808.73,3593.83,3397.69,,2025-01-22,2026-07-05T01:00:00Z
CLM000000262,MBR0000230,PRV000022,PROFESSIONAL,2025-09-08,2025-09-09,N39.0,APPROVED,4733.18,3759.56,3241.34,,2025-09-12,2026-07-07T17:00:00Z
CLM000000263,MBR0000456,PRV000067,PROFESSIONAL,2026-02-21,2026-02-24,M54.50,APPROVED,4730.89,3331.75,2293.46,,2026-02-24,2026-07-05T08:00:00Z
CLM000000264,MBR0000705,PRV000041,INSTITUTIONAL,2026-05-22,2026-05-23,Z00.00,DENIED,2719.16,1759.01,0.00,CO97,2026-05-24,2026-07-01T07:00:00Z
CLM000000265,MBR0000156,PRV000063,PROFESSIONAL,2025-12-21,2025-12-22,E11.9,APPROVED,4053.24,2946.23,2119.81,,2026-01-06,2026-07-18T19:00:00Z
CLM000000266,MBR0000358,PRV000062,INSTITUTIONAL,2025-12-28,2025-12-31,M54.50,DENIED,5794.55,3517.05,0.00,CO50,2026-01-17,2026-07-12T17:00:00Z
CLM000000267,MBR0000679,PRV000055,PROFESSIONAL,2026-03-04,2026-03-06,N39.0,PENDING,1000.43,741.85,0.00,,2026-03-09,2026-07-16T15:00:00Z
CLM000000268,MBR0000401,PRV000057,INSTITUTIONAL,2025-04-21,2025-04-24,N39.0,DENIED,1969.18,1621.78,0.00,CO97,2025-04-23,2026-07-10T14:00:00Z
CLM000000269,MBR0000800,PRV000091,PROFESSIONAL,2025-07-24,2025-07-25,J45.909,APPROVED,5302.51,3652.86,3081.23,,2025-07-30,2026-07-18T12:00:00Z
CLM000000270,MBR0000408,PRV000063,PROFESSIONAL,2026-05-18,2026-05-18,J45.909,APPROVED,1073.43,665.72,486.31,,2026-05-31,2026-07-13T04:00:00Z
CLM000000271,MBR0000436,PRV000066,INSTITUTIONAL,2026-06-07,2026-06-10,J45.909,APPROVED,1701.49,1240.02,849.27,,2026-06-15,2026-07-14T17:00:00Z
CLM000000272,MBR0000230,PRV000074,PROFESSIONAL,2026-06-05,2026-06-07,J45.909,APPROVED,1871.64,1616.51,1259.97,,2026-06-08,2026-07-04T17:00:00Z
CLM000000273,MBR0000741,PRV000073,INSTITUTIONAL,2025-11-04,2025-11-05,E11.9,APPROVED,359.02,278.08,220.84,,2025-11-23,2026-07-20T13:00:00Z
CLM000000274,MBR0000473,PRV000091,PROFESSIONAL,2025-02-21,2025-02-21,M54.50,DENIED,3274.18,2079.58,0.00,CO50,2025-02-26,2026-07-01T05:00:00Z
CLM000000275,MBR0000010,PRV000038,INSTITUTIONAL,2026-03-02,2026-03-04,Z00.00,APPROVED,3034.77,1767.32,1719.05,,2026-03-21,2026-07-06T04:00:00Z
CLM000000276,MBR0000537,PRV000092,PROFESSIONAL,2025-03-02,2025-03-02,J45.909,APPROVED,132.14,83.84,58.91,,2025-03-09,2026-07-04T17:00:00Z
CLM000000277,MBR0000644,PRV000002,INSTITUTIONAL,2025-12-15,2025-12-17,J45.909,DENIED,1717.24,1130.97,0.00,CO50,2025-12-24,2026-07-18T17:00:00Z
CLM000000278,MBR0000590,PRV000099,INSTITUTIONAL,2025-09-20,2025-09-21,I10,APPROVED,4069.30,3868.14,3348.11,,2025-09-28,2026-07-07T02:00:00Z
CLM000000279,MBR0000513,PRV000098,INSTITUTIONAL,2026-03-02,2026-03-04,J45.909,APPROVED,1674.39,997.26,918.35,,2026-03-13,2026-07-17T02:00:00Z
CLM000000280,MBR0000357,PRV000023,INSTITUTIONAL,2026-06-05,2026-06-08,I10,DENIED,5250.05,3470.58,0.00,CO16,2026-06-18,2026-07-12T05:00:00Z
CLM000000281,MBR0000663,PRV000036,INSTITUTIONAL,2025-02-25,2025-02-27,N39.0,PENDING,1770.80,1620.25,0.00,,2025-03-16,2026-07-01T22:00:00Z
CLM000000282,MBR0000085,PRV000054,PROFESSIONAL,2026-02-28,2026-03-02,I10,APPROVED,411.03,266.67,179.15,,2026-03-01,2026-07-11T21:00:00Z
CLM000000283,MBR0000455,PRV000006,PROFESSIONAL,2025-09-21,2025-09-23,J45.909,APPROVED,3605.07,2451.73,1944.81,,2025-09-25,2026-07-11T14:00:00Z
CLM000000284,MBR0000654,PRV000048,PROFESSIONAL,2025-03-16,2025-03-17,J45.909,APPROVED,399.42,366.44,269.83,,2025-03-26,2026-07-06T08:00:00Z
CLM000000285,MBR0000303,PRV000034,INSTITUTIONAL,2025-04-06,2025-04-09,N39.0,APPROVED,1708.16,1091.28,930.36,,2025-04-12,2026-07-02T18:00:00Z
CLM000000286,MBR0000033,PRV000015,INSTITUTIONAL,2025-01-17,2025-01-19,Z00.00,APPROVED,3531.86,2648.70,1851.27,,2025-02-05,2026-07-02T10:00:00Z
CLM000000287,MBR0000191,PRV000097,INSTITUTIONAL,2026-06-08,2026-06-11,M54.50,APPROVED,2984.66,1781.28,1527.89,,2026-06-17,2026-07-12T19:00:00Z
CLM000000288,MBR0000030,PRV000021,PROFESSIONAL,2025-01-22,2025-01-23,I10,APPROVED,1088.01,703.05,603.85,,2025-01-24,2026-07-03T09:00:00Z
CLM000000289,MBR0000190,PRV000031,INSTITUTIONAL,2025-12-04,2025-12-04,M54.50,APPROVED,2071.82,1771.55,1247.08,,2025-12-08,2026-07-16T17:00:00Z
CLM000000290,MBR0000792,PRV000042,INSTITUTIONAL,2025-09-14,2025-09-14,J45.909,APPROVED,4655.54,3287.27,2625.24,,2025-10-03,2026-07-01T07:00:00Z
CLM000000291,MBR0000310,PRV000056,INSTITUTIONAL,2026-03-27,2026-03-29,M54.50,APPROVED,2160.47,1388.07,1109.07,,2026-04-12,2026-07-02T08:00:00Z
CLM000000292,MBR0000884,PRV000052,INSTITUTIONAL,2026-06-18,2026-06-18,M54.50,APPROVED,1049.45,681.30,563.73,,2026-07-01,2026-07-14T01:00:00Z
CLM000000293,MBR0000805,PRV000023,PROFESSIONAL,2025-04-22,2025-04-22,J45.909,APPROVED,3782.81,2147.92,1903.38,,2025-05-11,2026-07-09T06:00:00Z
CLM000000294,MBR0000304,PRV000099,PROFESSIONAL,2026-06-06,2026-06-09,J45.909,APPROVED,2790.44,2191.57,1698.27,,2026-06-08,2026-07-20T03:00:00Z
CLM000000295,MBR0000915,PRV000036,INSTITUTIONAL,2025-07-12,2025-07-12,E11.9,APPROVED,5035.61,3888.68,2859.87,,2025-07-14,2026-07-05T19:00:00Z
CLM000000296,MBR0000989,PRV000015,PROFESSIONAL,2025-12-16,2025-12-16,J45.909,PENDING,3408.28,2302.89,0.00,,2025-12-23,2026-07-14T08:00:00Z
CLM000000297,MBR0000274,PRV000060,PROFESSIONAL,2025-08-09,2025-08-09,Z00.00,APPROVED,543.34,429.22,385.51,,2025-08-29,2026-07-15T18:00:00Z
CLM000000298,MBR0000474,PRV000096,INSTITUTIONAL,2025-02-05,2025-02-08,E11.9,APPROVED,1357.08,878.07,777.57,,2025-02-24,2026-07-03T20:00:00Z
CLM000000299,MBR0000160,PRV000080,PROFESSIONAL,2026-01-11,2026-01-13,Z00.00,APPROVED,4042.56,2513.97,1999.58,,2026-01-19,2026-07-13T17:00:00Z
CLM000000300,MBR0000419,PRV000046,INSTITUTIONAL,2025-11-20,2025-11-20,N39.0,APPROVED,2911.18,1698.90,1294.21,,2025-12-01,2026-07-17T17:00:00Z
CLM000000301,MBR0000930,PRV000013,PROFESSIONAL,2025-06-03,2025-06-03,Z00.00,APPROVED,2849.87,2339.52,1863.18,,2025-06-23,2026-07-20T16:00:00Z
CLM000000302,MBR0000761,PRV000077,PROFESSIONAL,2025-05-28,2025-05-31,J45.909,DENIED,3548.25,2228.39,0.00,CO16,2025-06-03,2026-07-16T22:00:00Z
CLM000000303,MBR0000701,PRV000078,PROFESSIONAL,2025-04-02,2025-04-04,I10,APPROVED,4884.41,3959.32,3921.63,,2025-04-05,2026-07-01T23:00:00Z
CLM000000304,MBR0000551,PRV000016,PROFESSIONAL,2026-06-06,2026-06-08,M54.50,DENIED,2973.70,1779.35,0.00,CO97,2026-06-08,2026-07-12T12:00:00Z
CLM000000305,MBR0000935,PRV000032,PROFESSIONAL,2025-02-21,2025-02-24,N39.0,APPROVED,1242.61,875.89,766.15,,2025-03-01,2026-07-09T10:00:00Z
CLM000000306,MBR0000299,PRV000040,INSTITUTIONAL,2026-01-19,2026-01-20,N39.0,APPROVED,3787.46,2290.02,2060.05,,2026-01-24,2026-07-05T19:00:00Z
CLM000000307,MBR0000634,PRV000022,INSTITUTIONAL,2025-07-13,2025-07-16,M54.50,APPROVED,3981.17,2591.43,2138.92,,2025-07-30,2026-07-16T05:00:00Z
CLM000000308,MBR0000471,PRV000073,PROFESSIONAL,2026-06-18,2026-06-19,J45.909,DENIED,5212.90,3367.11,0.00,CO50,2026-06-22,2026-07-11T16:00:00Z
CLM000000309,MBR0000263,PRV000095,INSTITUTIONAL,2025-12-25,2025-12-26,E11.9,APPROVED,4948.08,2772.76,2040.14,,2026-01-03,2026-07-18T08:00:00Z
CLM000000310,MBR0000101,PRV000069,PROFESSIONAL,2026-05-09,2026-05-12,E11.9,APPROVED,1837.69,1306.08,938.74,,2026-05-13,2026-07-18T18:00:00Z
CLM000000311,MBR0000908,PRV000057,PROFESSIONAL,2025-12-13,2025-12-15,M54.50,APPROVED,3563.79,2374.25,2171.11,,2025-12-29,2026-07-06T10:00:00Z
CLM000000312,MBR0000482,PRV000064,PROFESSIONAL,2026-01-14,2026-01-17,J45.909,APPROVED,1149.56,752.13,666.04,,2026-02-01,2026-07-06T06:00:00Z
CLM000000313,MBR0000702,PRV000039,INSTITUTIONAL,2025-11-27,2025-11-28,I10,APPROVED,3472.50,2303.34,1623.25,,2025-12-03,2026-07-11T16:00:00Z
CLM000000314,MBR0000436,PRV000073,PROFESSIONAL,2025-05-24,2025-05-27,J45.909,APPROVED,4697.33,3061.46,2997.16,,2025-05-29,2026-07-15T08:00:00Z
CLM000000315,MBR0000438,PRV000049,INSTITUTIONAL,2025-08-01,2025-08-03,E11.9,APPROVED,2490.48,2252.16,2092.52,,2025-08-07,2026-07-11T23:00:00Z
CLM000000316,MBR0000104,PRV000008,PROFESSIONAL,2025-07-15,2025-07-18,I10,APPROVED,1944.58,1136.76,1106.37,,2025-07-18,2026-07-11T23:00:00Z
CLM000000317,MBR0000544,PRV000038,INSTITUTIONAL,2026-06-08,2026-06-10,M54.50,APPROVED,967.16,600.55,573.38,,2026-06-15,2026-07-06T10:00:00Z
CLM000000318,MBR0000852,PRV000068,INSTITUTIONAL,2026-04-30,2026-04-30,Z00.00,APPROVED,6232.52,3655.84,2397.03,,2026-05-11,2026-07-18T15:00:00Z
CLM000000319,MBR0000945,PRV000060,INSTITUTIONAL,2025-12-17,2025-12-20,M54.50,APPROVED,5183.31,3018.79,2417.54,,2025-12-22,2026-07-11T02:00:00Z
CLM000000320,MBR0000639,PRV000050,PROFESSIONAL,2026-06-11,2026-06-13,Z00.00,APPROVED,109.75,78.77,55.35,,2026-06-18,2026-07-19T11:00:00Z
CLM000000321,MBR0000892,PRV000041,INSTITUTIONAL,2025-11-07,2025-11-08,I10,APPROVED,4314.36,2648.05,1872.57,,2025-11-08,2026-07-05T14:00:00Z
CLM000000322,MBR0000835,PRV000016,PROFESSIONAL,2026-03-27,2026-03-28,I10,APPROVED,4422.37,3878.36,3305.94,,2026-04-12,2026-07-20T11:00:00Z
CLM000000323,MBR0000969,PRV000040,INSTITUTIONAL,2026-04-25,2026-04-26,N39.0,DENIED,1961.77,1762.06,0.00,CO97,2026-05-08,2026-07-16T00:00:00Z
CLM000000324,MBR0000160,PRV000018,INSTITUTIONAL,2025-03-06,2025-03-08,Z00.00,APPROVED,4164.94,3059.85,2848.21,,2025-03-12,2026-07-14T05:00:00Z
CLM000000325,MBR0000209,PRV000040,INSTITUTIONAL,2025-05-13,2025-05-15,E11.9,DENIED,4123.28,2518.11,0.00,CO50,2025-05-14,2026-07-16T01:00:00Z
CLM000000326,MBR0000430,PRV000009,INSTITUTIONAL,2026-03-07,2026-03-08,Z00.00,APPROVED,6423.35,3876.33,3082.76,,2026-03-08,2026-07-10T15:00:00Z
CLM000000327,MBR0000225,PRV000066,PROFESSIONAL,2026-02-18,2026-02-21,J45.909,APPROVED,5540.98,3230.54,2845.21,,2026-02-22,2026-07-08T07:00:00Z
CLM000000328,MBR0000755,PRV000005,PROFESSIONAL,2025-06-01,2025-06-02,N39.0,APPROVED,2736.39,2544.09,2525.86,,2025-06-09,2026-07-06T12:00:00Z
CLM000000329,MBR0000451,PRV000016,PROFESSIONAL,2025-09-17,2025-09-19,J45.909,APPROVED,4365.45,2637.35,2025.68,,2025-10-03,2026-07-18T14:00:00Z
CLM000000330,MBR0000564,PRV000092,PROFESSIONAL,2025-09-01,2025-09-02,M54.50,APPROVED,906.62,544.51,440.18,,2025-09-18,2026-07-07T04:00:00Z
CLM000000331,MBR0000170,PRV000082,INSTITUTIONAL,2025-11-11,2025-11-12,J45.909,APPROVED,3673.00,3380.01,2376.88,,2025-11-24,2026-07-10T12:00:00Z
CLM000000332,MBR0000774,PRV000053,PROFESSIONAL,2026-02-07,2026-02-10,I10,DENIED,941.76,613.70,0.00,CO50,2026-02-26,2026-07-07T07:00:00Z
CLM000000333,MBR0000455,PRV000019,INSTITUTIONAL,2025-09-21,2025-09-21,N39.0,APPROVED,4576.11,3053.11,2109.86,,2025-09-29,2026-07-15T09:00:00Z
CLM000000334,MBR0000859,PRV000033,INSTITUTIONAL,2026-03-07,2026-03-09,I10,APPROVED,3640.48,2524.38,1789.68,,2026-03-10,2026-07-20T19:00:00Z
CLM000000335,MBR0000683,PRV000033,PROFESSIONAL,2025-06-30,2025-07-03,I10,APPROVED,557.95,373.63,348.26,,2025-07-09,2026-07-04T22:00:00Z
CLM000000336,MBR0000595,PRV000087,INSTITUTIONAL,2025-04-25,2025-04-28,Z00.00,APPROVED,5550.08,3269.45,2170.76,,2025-04-27,2026-07-13T20:00:00Z
CLM000000337,MBR0000368,PRV000088,INSTITUTIONAL,2025-07-13,2025-07-16,E11.9,PENDING,1860.74,1438.66,0.00,,2025-07-22,2026-07-06T06:00:00Z
CLM000000338,MBR0000849,PRV000040,INSTITUTIONAL,2026-03-19,2026-03-20,M54.50,APPROVED,4398.56,3660.55,2899.61,,2026-04-04,2026-07-12T10:00:00Z
CLM000000339,MBR0000552,PRV000023,INSTITUTIONAL,2025-05-19,2025-05-21,I10,APPROVED,3953.09,2491.05,1700.58,,2025-06-06,2026-07-12T12:00:00Z
CLM000000340,MBR0000252,PRV000071,PROFESSIONAL,2026-01-23,2026-01-24,I10,APPROVED,3706.09,2685.05,2209.99,,2026-01-30,2026-07-05T00:00:00Z
CLM000000341,MBR0000590,PRV000050,INSTITUTIONAL,2025-10-06,2025-10-09,J45.909,PENDING,3758.65,2840.18,0.00,,2025-10-14,2026-07-11T17:00:00Z
CLM000000342,MBR0000234,PRV000093,PROFESSIONAL,2025-07-09,2025-07-12,J45.909,APPROVED,4268.80,2882.97,2433.01,,2025-07-11,2026-07-15T19:00:00Z
CLM000000343,MBR0000699,PRV000046,PROFESSIONAL,2026-04-25,2026-04-28,M54.50,APPROVED,6030.11,3820.97,2820.66,,2026-04-30,2026-07-13T06:00:00Z
CLM000000344,MBR0000066,PRV000068,PROFESSIONAL,2025-05-03,2025-05-04,E11.9,APPROVED,4509.18,2933.65,2162.33,,2025-05-19,2026-07-04T10:00:00Z
CLM000000345,MBR0000188,PRV000013,INSTITUTIONAL,2025-08-16,2025-08-16,I10,APPROVED,1805.36,1449.65,1388.29,,2025-08-23,2026-07-08T11:00:00Z
CLM000000346,MBR0000029,PRV000073,PROFESSIONAL,2025-06-12,2025-06-15,I10,PENDING,4998.31,3443.76,0.00,,2025-06-24,2026-07-04T21:00:00Z
CLM000000347,MBR0000153,PRV000057,PROFESSIONAL,2026-05-30,2026-06-01,J45.909,DENIED,2833.12,2505.34,0.00,CO97,2026-06-05,2026-07-19T16:00:00Z
CLM000000348,MBR0000951,PRV000085,PROFESSIONAL,2025-05-28,2025-05-30,I10,DENIED,4166.11,3145.97,0.00,CO16,2025-06-13,2026-07-07T12:00:00Z
CLM000000349,MBR0000094,PRV000085,INSTITUTIONAL,2025-08-06,2025-08-07,J45.909,APPROVED,4711.21,3651.43,3270.85,,2025-08-21,2026-07-07T09:00:00Z
CLM000000350,MBR0000806,PRV000099,PROFESSIONAL,2025-09-09,2025-09-10,E11.9,APPROVED,3960.96,3093.68,2582.12,,2025-09-28,2026-07-19T17:00:00Z
CLM000000351,MBR0000361,PRV000069,PROFESSIONAL,2026-05-08,2026-05-10,N39.0,APPROVED,5200.08,3302.92,2648.39,,2026-05-15,2026-07-04T14:00:00Z
CLM000000352,MBR0000120,PRV000038,INSTITUTIONAL,2026-06-26,2026-06-27,M54.50,APPROVED,6048.30,3621.89,3514.45,,2026-07-08,2026-07-13T01:00:00Z
CLM000000353,MBR0000844,PRV000053,INSTITUTIONAL,2025-06-09,2025-06-11,Z00.00,DENIED,1211.03,1144.83,0.00,CO97,2025-06-22,2026-07-02T22:00:00Z
CLM000000354,MBR0000967,PRV000095,INSTITUTIONAL,2025-10-11,2025-10-13,J45.909,APPROVED,6467.58,3823.28,3415.17,,2025-10-20,2026-07-04T03:00:00Z
CLM000000355,MBR0000826,PRV000009,INSTITUTIONAL,2025-10-26,2025-10-26,N39.0,APPROVED,3096.44,1769.18,1607.16,,2025-11-02,2026-07-07T23:00:00Z
CLM000000356,MBR0000518,PRV000009,INSTITUTIONAL,2025-11-12,2025-11-12,M54.50,APPROVED,851.40,772.57,680.10,,2025-11-20,2026-07-20T16:00:00Z
CLM000000357,MBR0000738,PRV000022,PROFESSIONAL,2025-08-05,2025-08-05,M54.50,APPROVED,1589.18,1509.82,1036.23,,2025-08-07,2026-07-13T18:00:00Z
CLM000000358,MBR0000703,PRV000079,INSTITUTIONAL,2025-05-30,2025-06-01,N39.0,APPROVED,2536.85,1823.45,1621.06,,2025-06-04,2026-07-15T17:00:00Z
CLM000000359,MBR0000825,PRV000039,PROFESSIONAL,2026-02-03,2026-02-06,I10,APPROVED,358.37,213.30,204.33,,2026-02-15,2026-07-07T12:00:00Z
CLM000000360,MBR0000741,PRV000068,INSTITUTIONAL,2025-12-02,2025-12-05,Z00.00,APPROVED,1727.30,1017.96,864.18,,2025-12-16,2026-07-12T20:00:00Z
CLM000000361,MBR0000443,PRV000024,PROFESSIONAL,2025-04-03,2025-04-05,N39.0,APPROVED,217.33,139.27,118.18,,2025-04-08,2026-07-13T18:00:00Z
CLM000000362,MBR0000324,PRV000079,PROFESSIONAL,2026-05-25,2026-05-25,J45.909,APPROVED,4594.17,2719.33,1849.18,,2026-06-05,2026-07-12T06:00:00Z
CLM000000363,MBR0000164,PRV000020,PROFESSIONAL,2026-01-14,2026-01-17,N39.0,APPROVED,3015.58,1687.06,1461.67,,2026-01-22,2026-07-04T21:00:00Z
CLM000000364,MBR0000786,PRV000003,PROFESSIONAL,2025-06-24,2025-06-27,N39.0,APPROVED,5497.47,3726.88,2659.66,,2025-07-05,2026-07-03T11:00:00Z
CLM000000365,MBR0000812,PRV000011,INSTITUTIONAL,2025-07-02,2025-07-03,J45.909,APPROVED,4101.42,2429.12,1592.49,,2025-07-09,2026-07-17T08:00:00Z
CLM000000366,MBR0000778,PRV000085,PROFESSIONAL,2025-03-18,2025-03-18,J45.909,APPROVED,3543.05,2652.97,1753.56,,2025-04-03,2026-07-13T12:00:00Z
CLM000000367,MBR0000725,PRV000044,INSTITUTIONAL,2026-02-15,2026-02-17,J45.909,APPROVED,4198.71,3774.19,3182.90,,2026-03-02,2026-07-03T21:00:00Z
CLM000000368,MBR0000821,PRV000031,INSTITUTIONAL,2026-04-02,2026-04-02,I10,APPROVED,5146.59,3460.90,2265.87,,2026-04-17,2026-07-11T21:00:00Z
CLM000000369,MBR0000094,PRV000092,PROFESSIONAL,2026-03-29,2026-03-29,M54.50,APPROVED,77.66,60.19,44.03,,2026-04-15,2026-07-07T15:00:00Z
CLM000000370,MBR0000190,PRV000065,INSTITUTIONAL,2026-06-24,2026-06-25,Z00.00,PENDING,532.85,359.65,0.00,,2026-07-01,2026-07-04T22:00:00Z
CLM000000371,MBR0000405,PRV000082,INSTITUTIONAL,2025-08-31,2025-09-02,J45.909,APPROVED,3882.48,2424.15,1817.85,,2025-09-17,2026-07-01T20:00:00Z
CLM000000372,MBR0000763,PRV000087,PROFESSIONAL,2026-04-01,2026-04-03,N39.0,APPROVED,2190.89,1304.26,1265.22,,2026-04-16,2026-07-12T23:00:00Z
CLM000000373,MBR0000475,PRV000060,PROFESSIONAL,2025-03-24,2025-03-25,J45.909,APPROVED,866.95,648.87,509.33,,2025-03-29,2026-07-13T11:00:00Z
CLM000000374,MBR0000023,PRV000064,INSTITUTIONAL,2025-05-25,2025-05-26,I10,DENIED,949.60,671.14,0.00,CO97,2025-06-10,2026-07-14T13:00:00Z
CLM000000375,MBR0000723,PRV000062,PROFESSIONAL,2025-09-07,2025-09-10,M54.50,APPROVED,640.65,604.54,497.52,,2025-09-17,2026-07-06T10:00:00Z
CLM000000376,MBR0000705,PRV000030,INSTITUTIONAL,2025-08-14,2025-08-16,Z00.00,DENIED,3331.76,2551.96,0.00,CO50,2025-08-21,2026-07-05T10:00:00Z
CLM000000377,MBR0000330,PRV000011,INSTITUTIONAL,2025-02-13,2025-02-13,M54.50,DENIED,2516.51,1874.94,0.00,CO16,2025-02-22,2026-07-05T11:00:00Z
CLM000000378,MBR0000845,PRV000080,INSTITUTIONAL,2025-02-21,2025-02-23,Z00.00,APPROVED,3882.43,2267.23,2232.84,,2025-02-28,2026-07-07T19:00:00Z
CLM000000379,MBR0000026,PRV000004,PROFESSIONAL,2025-04-25,2025-04-28,N39.0,APPROVED,476.20,356.30,345.05,,2025-05-01,2026-07-20T14:00:00Z
CLM000000380,MBR0000127,PRV000007,INSTITUTIONAL,2025-07-31,2025-07-31,N39.0,APPROVED,3068.39,2230.43,1695.89,,2025-08-11,2026-07-13T05:00:00Z
CLM000000381,MBR0000241,PRV000012,PROFESSIONAL,2025-06-27,2025-06-30,M54.50,APPROVED,5675.62,3890.52,3090.72,,2025-07-14,2026-07-14T20:00:00Z
CLM000000382,MBR0000700,PRV000072,PROFESSIONAL,2026-06-06,2026-06-09,E11.9,DENIED,273.19,252.57,0.00,CO16,2026-06-11,2026-07-05T16:00:00Z
CLM000000383,MBR0000604,PRV000005,PROFESSIONAL,2025-11-29,2025-12-01,Z00.00,APPROVED,1642.39,952.70,735.75,,2025-12-05,2026-07-13T06:00:00Z
CLM000000384,MBR0000773,PRV000078,PROFESSIONAL,2025-10-11,2025-10-13,M54.50,APPROVED,1465.85,1367.89,1013.77,,2025-10-31,2026-07-17T12:00:00Z
CLM000000385,MBR0000778,PRV000073,INSTITUTIONAL,2025-08-29,2025-08-31,M54.50,APPROVED,3642.36,3339.24,3206.77,,2025-09-06,2026-07-19T08:00:00Z
CLM000000386,MBR0000512,PRV000093,PROFESSIONAL,2025-05-29,2025-06-01,M54.50,APPROVED,4253.75,2892.48,2275.70,,2025-06-08,2026-07-08T02:00:00Z
CLM000000387,MBR0000055,PRV000048,INSTITUTIONAL,2025-11-22,2025-11-22,J45.909,PENDING,3542.78,2599.03,0.00,,2025-11-23,2026-07-10T01:00:00Z
CLM000000388,MBR0000942,PRV000082,PROFESSIONAL,2026-05-30,2026-05-30,E11.9,DENIED,3930.59,3526.55,0.00,CO16,2026-06-14,2026-07-19T22:00:00Z
CLM000000389,MBR0000851,PRV000060,PROFESSIONAL,2025-05-04,2025-05-06,N39.0,APPROVED,929.76,737.22,710.75,,2025-05-20,2026-07-07T08:00:00Z
CLM000000390,MBR0000856,PRV000056,INSTITUTIONAL,2025-02-15,2025-02-17,E11.9,APPROVED,4761.18,3177.22,2890.90,,2025-03-02,2026-07-16T17:00:00Z
CLM000000391,MBR0000479,PRV000045,INSTITUTIONAL,2025-09-04,2025-09-06,M54.50,APPROVED,701.11,628.89,604.55,,2025-09-13,2026-07-05T10:00:00Z
CLM000000392,MBR0000143,PRV000027,PROFESSIONAL,2025-05-21,2025-05-21,Z00.00,APPROVED,387.83,368.30,253.82,,2025-06-08,2026-07-06T23:00:00Z
CLM000000393,MBR0000960,PRV000051,INSTITUTIONAL,2025-01-11,2025-01-11,I10,APPROVED,4044.74,2643.01,2251.73,,2025-01-26,2026-07-05T22:00:00Z
CLM000000394,MBR0000774,PRV000052,PROFESSIONAL,2025-08-24,2025-08-24,E11.9,APPROVED,3551.40,3308.79,2262.57,,2025-08-28,2026-07-07T05:00:00Z
CLM000000395,MBR0000439,PRV000080,PROFESSIONAL,2025-02-26,2025-03-01,J45.909,APPROVED,3359.31,2557.29,2270.08,,2025-03-07,2026-07-16T12:00:00Z
CLM000000396,MBR0000252,PRV000093,INSTITUTIONAL,2026-03-26,2026-03-26,J45.909,APPROVED,2363.75,1843.28,1353.86,,2026-04-10,2026-07-07T19:00:00Z
CLM000000397,MBR0000670,PRV000093,PROFESSIONAL,2026-05-12,2026-05-15,J45.909,APPROVED,1768.62,1046.42,869.43,,2026-05-14,2026-07-10T19:00:00Z
CLM000000398,MBR0000229,PRV000044,PROFESSIONAL,2025-02-10,2025-02-10,I10,APPROVED,1096.27,949.64,850.19,,2025-03-02,2026-07-19T00:00:00Z
CLM000000399,MBR0000899,PRV000086,PROFESSIONAL,2025-06-29,2025-06-29,E11.9,APPROVED,2251.78,1922.14,1413.03,,2025-07-18,2026-07-06T21:00:00Z
CLM000000400,MBR0000424,PRV000015,INSTITUTIONAL,2026-05-21,2026-05-21,J45.909,APPROVED,1055.07,963.54,671.23,,2026-05-22,2026-07-04T16:00:00Z
CLM000000401,MBR0000398,PRV000071,PROFESSIONAL,2026-04-19,2026-04-22,Z00.00,APPROVED,1116.43,622.87,516.02,,2026-04-22,2026-07-19T05:00:00Z
CLM000000402,MBR0000892,PRV000042,INSTITUTIONAL,2025-05-22,2025-05-25,Z00.00,APPROVED,259.01,154.42,150.68,,2025-05-30,2026-07-05T15:00:00Z
CLM000000403,MBR0000041,PRV000048,INSTITUTIONAL,2025-09-19,2025-09-21,Z00.00,APPROVED,2406.91,1600.37,1492.16,,2025-09-29,2026-07-16T16:00:00Z
CLM000000404,MBR0000896,PRV000037,INSTITUTIONAL,2025-01-21,2025-01-22,Z00.00,DENIED,1129.15,946.12,0.00,CO50,2025-01-28,2026-07-11T16:00:00Z
CLM000000405,MBR0000818,PRV000060,PROFESSIONAL,2025-01-14,2025-01-15,Z00.00,APPROVED,1200.41,730.86,699.18,,2025-01-25,2026-07-06T20:00:00Z
CLM000000406,MBR0000128,PRV000049,INSTITUTIONAL,2025-05-24,2025-05-27,Z00.00,APPROVED,86.17,57.92,56.58,,2025-06-02,2026-07-17T18:00:00Z
CLM000000407,MBR0000186,PRV000016,PROFESSIONAL,2025-06-25,2025-06-25,J45.909,PENDING,3449.78,3051.29,0.00,,2025-07-13,2026-07-09T04:00:00Z
CLM000000408,MBR0000737,PRV000036,INSTITUTIONAL,2025-09-12,2025-09-14,I10,APPROVED,2030.64,1744.87,1511.77,,2025-09-30,2026-07-19T10:00:00Z
CLM000000409,MBR0000866,PRV000053,PROFESSIONAL,2025-11-16,2025-11-18,E11.9,APPROVED,1054.70,1002.21,964.29,,2025-11-26,2026-07-14T18:00:00Z
CLM000000410,MBR0000555,PRV000098,INSTITUTIONAL,2025-09-25,2025-09-27,E11.9,APPROVED,1219.58,856.28,687.45,,2025-10-15,2026-07-13T14:00:00Z
CLM000000411,MBR0000733,PRV000038,PROFESSIONAL,2025-11-06,2025-11-07,N39.0,DENIED,2431.67,1545.70,0.00,CO50,2025-11-07,2026-07-13T18:00:00Z
CLM000000412,MBR0000262,PRV000045,INSTITUTIONAL,2025-11-08,2025-11-11,I10,DENIED,1305.08,1109.38,0.00,CO97,2025-11-25,2026-07-20T16:00:00Z
CLM000000413,MBR0000713,PRV000071,PROFESSIONAL,2026-05-10,2026-05-12,I10,APPROVED,1753.67,1035.30,765.40,,2026-05-19,2026-07-06T07:00:00Z
CLM000000414,MBR0000242,PRV000003,INSTITUTIONAL,2025-12-12,2025-12-13,Z00.00,APPROVED,2775.93,2428.42,2235.34,,2025-12-27,2026-07-18T11:00:00Z
CLM000000415,MBR0000855,PRV000048,PROFESSIONAL,2025-09-18,2025-09-19,N39.0,APPROVED,2819.16,1873.81,1683.76,,2025-09-20,2026-07-03T12:00:00Z
CLM000000416,MBR0000478,PRV000083,INSTITUTIONAL,2025-01-14,2025-01-16,Z00.00,APPROVED,2532.25,1444.81,1302.39,,2025-01-20,2026-07-17T15:00:00Z
CLM000000417,MBR0000323,PRV000063,PROFESSIONAL,2025-12-09,2025-12-12,Z00.00,APPROVED,4949.18,3012.48,2775.32,,2025-12-14,2026-07-10T12:00:00Z
CLM000000418,MBR0000477,PRV000048,PROFESSIONAL,2025-12-03,2025-12-03,J45.909,APPROVED,2497.86,1877.35,1254.02,,2025-12-15,2026-07-15T12:00:00Z
CLM000000419,MBR0000104,PRV000019,INSTITUTIONAL,2025-09-27,2025-09-27,M54.50,APPROVED,381.22,281.85,245.42,,2025-10-17,2026-07-15T11:00:00Z
CLM000000420,MBR0000677,PRV000092,PROFESSIONAL,2025-04-06,2025-04-06,Z00.00,APPROVED,3930.64,2937.88,2057.64,,2025-04-19,2026-07-08T01:00:00Z
CLM000000421,MBR0000438,PRV000071,PROFESSIONAL,2025-10-12,2025-10-12,J45.909,APPROVED,6321.31,3962.14,3949.70,,2025-10-15,2026-07-08T14:00:00Z
CLM000000422,MBR0000746,PRV000048,INSTITUTIONAL,2025-03-07,2025-03-09,Z00.00,APPROVED,4462.24,3824.67,3233.75,,2025-03-26,2026-07-17T21:00:00Z
CLM000000423,MBR0000997,PRV000093,INSTITUTIONAL,2025-05-12,2025-05-12,I10,APPROVED,363.40,247.84,230.64,,2025-05-20,2026-07-08T14:00:00Z
CLM000000424,MBR0000249,PRV000021,PROFESSIONAL,2025-02-23,2025-02-26,M54.50,APPROVED,6306.74,3796.28,3497.28,,2025-02-28,2026-07-14T15:00:00Z
CLM000000425,MBR0000603,PRV000028,PROFESSIONAL,2025-05-11,2025-05-13,I10,APPROVED,2616.46,1746.07,1283.59,,2025-05-30,2026-07-13T02:00:00Z
CLM000000426,MBR0000664,PRV000020,INSTITUTIONAL,2026-05-09,2026-05-11,N39.0,APPROVED,78.77,53.26,37.11,,2026-05-11,2026-07-06T09:00:00Z
CLM000000427,MBR0000274,PRV000076,INSTITUTIONAL,2025-09-05,2025-09-06,E11.9,APPROVED,3462.62,2479.05,2333.11,,2025-09-14,2026-07-06T20:00:00Z
CLM000000428,MBR0000314,PRV000038,INSTITUTIONAL,2025-05-16,2025-05-18,I10,DENIED,2089.49,1698.07,0.00,CO16,2025-05-21,2026-07-02T02:00:00Z
CLM000000429,MBR0000789,PRV000043,PROFESSIONAL,2025-08-07,2025-08-09,N39.0,APPROVED,2820.33,2336.01,1874.34,,2025-08-23,2026-07-02T11:00:00Z
CLM000000430,MBR0000675,PRV000051,INSTITUTIONAL,2025-08-03,2025-08-05,Z00.00,APPROVED,3101.48,1823.22,1660.68,,2025-08-09,2026-07-01T05:00:00Z
CLM000000431,MBR0000930,PRV000026,INSTITUTIONAL,2025-12-28,2025-12-30,J45.909,APPROVED,1786.05,1697.68,1478.74,,2026-01-13,2026-07-17T06:00:00Z
CLM000000432,MBR0000988,PRV000093,INSTITUTIONAL,2025-09-06,2025-09-06,M54.50,APPROVED,3246.45,2175.92,1448.25,,2025-09-09,2026-07-16T13:00:00Z
CLM000000433,MBR0000685,PRV000075,PROFESSIONAL,2025-10-13,2025-10-16,I10,APPROVED,2165.11,1606.48,1173.10,,2025-10-27,2026-07-02T02:00:00Z
CLM000000434,MBR0000876,PRV000031,PROFESSIONAL,2025-05-28,2025-05-28,N39.0,APPROVED,3104.82,2262.78,1902.48,,2025-06-08,2026-07-08T15:00:00Z
CLM000000435,MBR0000928,PRV000055,INSTITUTIONAL,2025-12-04,2025-12-06,Z00.00,APPROVED,4594.36,2928.83,2688.03,,2025-12-07,2026-07-03T04:00:00Z
CLM000000436,MBR0000126,PRV000062,PROFESSIONAL,2025-09-19,2025-09-22,I10,APPROVED,4598.17,3151.64,2150.08,,2025-09-28,2026-07-01T19:00:00Z
CLM000000437,MBR0000947,PRV000097,INSTITUTIONAL,2025-07-06,2025-07-06,Z00.00,DENIED,265.71,162.82,0.00,CO50,2025-07-13,2026-07-06T06:00:00Z
CLM000000438,MBR0000922,PRV000006,INSTITUTIONAL,2026-05-24,2026-05-26,M54.50,APPROVED,2960.60,1836.26,1422.00,,2026-05-25,2026-07-11T14:00:00Z
CLM000000439,MBR0000640,PRV000005,PROFESSIONAL,2025-08-10,2025-08-10,E11.9,APPROVED,1786.00,1018.08,813.42,,2025-08-15,2026-07-09T12:00:00Z
CLM000000440,MBR0000336,PRV000024,PROFESSIONAL,2026-03-27,2026-03-29,E11.9,DENIED,3906.72,3483.89,0.00,CO50,2026-04-07,2026-07-11T03:00:00Z
CLM000000441,MBR0000862,PRV000098,INSTITUTIONAL,2026-04-10,2026-04-12,E11.9,APPROVED,5603.10,3254.79,2773.33,,2026-04-12,2026-07-10T13:00:00Z
CLM000000442,MBR0000829,PRV000047,PROFESSIONAL,2025-05-11,2025-05-11,J45.909,APPROVED,2574.26,2188.47,1875.08,,2025-05-30,2026-07-04T20:00:00Z
CLM000000443,MBR0000536,PRV000035,INSTITUTIONAL,2025-12-20,2025-12-21,Z00.00,APPROVED,2530.73,1993.44,1595.56,,2025-12-25,2026-07-13T18:00:00Z
CLM000000444,MBR0000132,PRV000074,PROFESSIONAL,2025-12-24,2025-12-25,N39.0,APPROVED,3527.93,3266.13,3228.61,,2026-01-01,2026-07-02T23:00:00Z
CLM000000445,MBR0000216,PRV000092,PROFESSIONAL,2026-03-09,2026-03-12,I10,APPROVED,3860.74,3327.53,2287.46,,2026-03-13,2026-07-12T10:00:00Z
CLM000000446,MBR0000501,PRV000036,PROFESSIONAL,2025-04-09,2025-04-09,N39.0,APPROVED,332.53,238.53,193.75,,2025-04-19,2026-07-07T13:00:00Z
CLM000000447,MBR0000805,PRV000098,INSTITUTIONAL,2026-04-25,2026-04-26,N39.0,APPROVED,4014.74,2364.55,2070.13,,2026-05-11,2026-07-13T08:00:00Z
CLM000000448,MBR0000225,PRV000071,INSTITUTIONAL,2025-01-25,2025-01-27,N39.0,APPROVED,2904.37,2583.67,1921.44,,2025-02-11,2026-07-10T23:00:00Z
CLM000000449,MBR0000982,PRV000003,INSTITUTIONAL,2025-07-30,2025-07-30,M54.50,APPROVED,3686.04,3084.39,2457.96,,2025-08-03,2026-07-10T23:00:00Z
CLM000000450,MBR0000333,PRV000006,INSTITUTIONAL,2025-07-21,2025-07-22,M54.50,APPROVED,2575.21,1456.46,1218.14,,2025-07-22,2026-07-03T03:00:00Z
CLM000000451,MBR0000380,PRV000013,INSTITUTIONAL,2026-05-24,2026-05-24,J45.909,DENIED,1623.11,1059.29,0.00,CO50,2026-05-31,2026-07-03T10:00:00Z
CLM000000452,MBR0000488,PRV000089,PROFESSIONAL,2025-09-20,2025-09-23,I10,APPROVED,3598.16,2184.95,1952.37,,2025-10-01,2026-07-04T02:00:00Z
CLM000000453,MBR0000282,PRV000025,PROFESSIONAL,2026-01-05,2026-01-06,I10,APPROVED,3950.88,3297.25,2195.38,,2026-01-15,2026-07-15T01:00:00Z
CLM000000454,MBR0000388,PRV000001,INSTITUTIONAL,2026-01-06,2026-01-06,E11.9,APPROVED,2477.65,1526.29,1357.72,,2026-01-13,2026-07-03T04:00:00Z
CLM000000455,MBR0000857,PRV000057,PROFESSIONAL,2025-09-18,2025-09-19,M54.50,APPROVED,1645.15,1293.71,1260.30,,2025-10-06,2026-07-15T02:00:00Z
CLM000000456,MBR0000521,PRV000078,PROFESSIONAL,2026-04-16,2026-04-18,J45.909,APPROVED,1299.20,1000.11,768.77,,2026-04-21,2026-07-06T01:00:00Z
CLM000000457,MBR0000779,PRV000042,PROFESSIONAL,2025-03-16,2025-03-16,E11.9,APPROVED,1138.20,696.13,658.91,,2025-03-17,2026-07-01T02:00:00Z
CLM000000458,MBR0000807,PRV000081,INSTITUTIONAL,2026-06-04,2026-06-07,N39.0,PENDING,3283.58,2889.54,0.00,,2026-06-21,2026-07-10T09:00:00Z
CLM000000459,MBR0000180,PRV000098,INSTITUTIONAL,2025-09-08,2025-09-08,Z00.00,APPROVED,2790.70,2028.10,1541.23,,2025-09-09,2026-07-02T19:00:00Z
CLM000000460,MBR0000742,PRV000067,PROFESSIONAL,2025-09-22,2025-09-25,I10,APPROVED,3529.43,2141.29,1813.78,,2025-10-09,2026-07-08T10:00:00Z
CLM000000461,MBR0000213,PRV000031,INSTITUTIONAL,2025-05-06,2025-05-06,Z00.00,APPROVED,3964.51,2426.32,1967.77,,2025-05-23,2026-07-06T04:00:00Z
CLM000000462,MBR0000938,PRV000068,PROFESSIONAL,2026-06-25,2026-06-28,M54.50,APPROVED,1846.59,1079.66,1065.36,,2026-07-03,2026-07-17T06:00:00Z
CLM000000463,MBR0000305,PRV000021,INSTITUTIONAL,2026-06-09,2026-06-12,I10,APPROVED,1133.64,1004.94,905.40,,2026-06-18,2026-07-03T14:00:00Z
CLM000000464,MBR0000888,PRV000006,INSTITUTIONAL,2025-12-21,2025-12-22,J45.909,APPROVED,1957.72,1639.97,1453.85,,2025-12-22,2026-07-03T15:00:00Z
CLM000000465,MBR0000340,PRV000093,PROFESSIONAL,2026-02-13,2026-02-15,E11.9,DENIED,2391.06,1886.78,0.00,CO97,2026-02-15,2026-07-10T07:00:00Z
CLM000000466,MBR0000746,PRV000029,INSTITUTIONAL,2026-02-06,2026-02-09,N39.0,APPROVED,5524.21,3232.52,2905.90,,2026-02-10,2026-07-18T01:00:00Z
CLM000000467,MBR0000780,PRV000065,INSTITUTIONAL,2025-02-07,2025-02-10,Z00.00,APPROVED,4841.36,3044.47,2393.77,,2025-02-24,2026-07-01T00:00:00Z
CLM000000468,MBR0000131,PRV000077,INSTITUTIONAL,2025-01-10,2025-01-13,J45.909,APPROVED,5909.83,3700.71,2894.15,,2025-01-30,2026-07-04T23:00:00Z
CLM000000469,MBR0000892,PRV000068,INSTITUTIONAL,2025-09-10,2025-09-12,E11.9,APPROVED,708.50,475.53,347.60,,2025-09-24,2026-07-07T05:00:00Z
CLM000000470,MBR0000044,PRV000047,INSTITUTIONAL,2026-06-09,2026-06-12,M54.50,APPROVED,5540.77,3122.06,2567.37,,2026-06-11,2026-07-17T22:00:00Z
CLM000000471,MBR0000907,PRV000027,PROFESSIONAL,2025-06-26,2025-06-26,M54.50,DENIED,1852.88,1589.78,0.00,CO50,2025-06-29,2026-07-11T23:00:00Z
CLM000000472,MBR0000054,PRV000056,INSTITUTIONAL,2025-01-25,2025-01-28,Z00.00,APPROVED,3405.66,2221.40,1528.48,,2025-01-30,2026-07-20T06:00:00Z
CLM000000473,MBR0000935,PRV000071,PROFESSIONAL,2026-02-11,2026-02-11,E11.9,APPROVED,2568.01,1656.49,1450.75,,2026-02-26,2026-07-01T19:00:00Z
CLM000000474,MBR0000464,PRV000033,INSTITUTIONAL,2026-01-12,2026-01-15,N39.0,APPROVED,2084.41,1638.29,1393.33,,2026-01-30,2026-07-20T19:00:00Z
CLM000000475,MBR0000022,PRV000099,PROFESSIONAL,2025-02-03,2025-02-04,I10,APPROVED,4021.00,3554.42,3296.03,,2025-02-11,2026-07-10T04:00:00Z
CLM000000476,MBR0000996,PRV000004,PROFESSIONAL,2025-04-04,2025-04-05,J45.909,APPROVED,1137.80,732.83,620.40,,2025-04-24,2026-07-12T20:00:00Z
CLM000000477,MBR0000121,PRV000019,PROFESSIONAL,2025-04-12,2025-04-15,Z00.00,APPROVED,2263.15,1395.00,1321.26,,2025-04-30,2026-07-05T13:00:00Z
CLM000000478,MBR0000851,PRV000088,INSTITUTIONAL,2026-02-01,2026-02-01,J45.909,APPROVED,5176.10,3076.47,2337.48,,2026-02-10,2026-07-13T17:00:00Z
CLM000000479,MBR0000771,PRV000029,INSTITUTIONAL,2026-06-29,2026-07-02,M54.50,DENIED,77.62,70.76,0.00,CO16,2026-07-03,2026-07-13T16:00:00Z
CLM000000480,MBR0000050,PRV000009,INSTITUTIONAL,2025-06-11,2025-06-11,N39.0,APPROVED,2753.15,2132.50,1594.55,,2025-06-26,2026-07-14T05:00:00Z
CLM000000481,MBR0000167,PRV000008,INSTITUTIONAL,2025-03-28,2025-03-29,Z00.00,APPROVED,4089.20,3546.90,3252.64,,2025-03-29,2026-07-18T02:00:00Z
CLM000000482,MBR0000465,PRV000030,INSTITUTIONAL,2026-03-31,2026-04-02,N39.0,PENDING,6557.97,3751.79,0.00,,2026-04-07,2026-07-12T12:00:00Z
CLM000000483,MBR0000168,PRV000001,INSTITUTIONAL,2025-06-07,2025-06-08,M54.50,APPROVED,697.27,490.41,359.61,,2025-06-26,2026-07-12T12:00:00Z
CLM000000484,MBR0000985,PRV000022,INSTITUTIONAL,2025-08-04,2025-08-04,E11.9,DENIED,321.35,233.99,0.00,CO50,2025-08-06,2026-07-08T14:00:00Z
CLM000000485,MBR0000927,PRV000060,PROFESSIONAL,2025-02-04,2025-02-05,N39.0,APPROVED,3004.03,2684.08,1919.99,,2025-02-20,2026-07-19T17:00:00Z
CLM000000486,MBR0000850,PRV000063,PROFESSIONAL,2025-04-08,2025-04-08,Z00.00,APPROVED,1147.34,969.93,910.97,,2025-04-19,2026-07-14T00:00:00Z
CLM000000487,MBR0000882,PRV000064,PROFESSIONAL,2025-11-01,2025-11-03,E11.9,APPROVED,4803.16,3605.74,3362.94,,2025-11-06,2026-07-03T21:00:00Z
CLM000000488,MBR0000704,PRV000034,PROFESSIONAL,2025-05-12,2025-05-12,Z00.00,APPROVED,2650.99,2297.10,1913.47,,2025-05-31,2026-07-13T14:00:00Z
CLM000000489,MBR0000862,PRV000070,INSTITUTIONAL,2025-04-13,2025-04-14,J45.909,APPROVED,6678.27,3901.16,3479.80,,2025-04-24,2026-07-20T16:00:00Z
CLM000000490,MBR0000917,PRV000070,PROFESSIONAL,2025-05-15,2025-05-15,Z00.00,APPROVED,2521.29,1815.18,1522.47,,2025-05-28,2026-07-03T19:00:00Z
CLM000000491,MBR0000510,PRV000092,PROFESSIONAL,2026-01-24,2026-01-27,N39.0,APPROVED,3619.37,3355.51,2787.22,,2026-02-11,2026-07-11T21:00:00Z
CLM000000492,MBR0000468,PRV000073,PROFESSIONAL,2026-05-22,2026-05-24,J45.909,APPROVED,207.91,166.16,124.26,,2026-05-28,2026-07-17T12:00:00Z
CLM000000493,MBR0000546,PRV000095,PROFESSIONAL,2025-09-28,2025-09-29,Z00.00,DENIED,5607.80,3167.61,0.00,CO97,2025-10-02,2026-07-11T12:00:00Z
CLM000000494,MBR0000399,PRV000022,PROFESSIONAL,2026-01-06,2026-01-08,Z00.00,APPROVED,2471.93,1641.44,1565.80,,2026-01-18,2026-07-04T07:00:00Z
CLM000000495,MBR0000295,PRV000034,PROFESSIONAL,2025-11-13,2025-11-13,M54.50,APPROVED,112.55,75.07,65.17,,2025-11-19,2026-07-02T06:00:00Z
CLM000000496,MBR0000335,PRV000042,PROFESSIONAL,2025-12-05,2025-12-08,M54.50,APPROVED,748.56,469.06,364.99,,2025-12-22,2026-07-04T07:00:00Z
CLM000000497,MBR0000795,PRV000046,PROFESSIONAL,2025-12-31,2026-01-03,Z00.00,APPROVED,2027.02,1850.98,1817.28,,2026-01-05,2026-07-16T00:00:00Z
CLM000000498,MBR0000060,PRV000042,INSTITUTIONAL,2025-01-28,2025-01-30,I10,APPROVED,1947.79,1688.35,1415.88,,2025-02-08,2026-07-17T10:00:00Z
CLM000000499,MBR0000832,PRV000089,PROFESSIONAL,2025-04-18,2025-04-18,E11.9,APPROVED,4600.38,3942.20,3849.17,,2025-04-28,2026-07-12T20:00:00Z
CLM000000500,MBR0000890,PRV000041,PROFESSIONAL,2026-04-21,2026-04-24,Z00.00,APPROVED,1393.54,869.00,711.00,,2026-04-25,2026-07-10T09:00:00Z
CLM000000501,MBR0000973,PRV000038,PROFESSIONAL,2025-05-03,2025-05-05,J45.909,APPROVED,768.87,637.08,495.78,,2025-05-06,2026-07-17T06:00:00Z
CLM000000502,MBR0000095,PRV000008,PROFESSIONAL,2025-06-09,2025-06-12,J45.909,DENIED,4201.80,2964.96,0.00,CO16,2025-06-27,2026-07-15T11:00:00Z
CLM000000503,MBR0000467,PRV000023,INSTITUTIONAL,2025-12-27,2025-12-29,M54.50,APPROVED,4150.80,3603.91,2747.25,,2026-01-01,2026-07-19T01:00:00Z
CLM000000504,MBR0000451,PRV000016,INSTITUTIONAL,2025-03-07,2025-03-08,Z00.00,APPROVED,1139.67,739.30,536.20,,2025-03-13,2026-07-01T10:00:00Z
CLM000000505,MBR0000674,PRV000075,PROFESSIONAL,2026-04-14,2026-04-15,J45.909,APPROVED,3969.49,2577.61,2172.23,,2026-04-22,2026-07-19T17:00:00Z
CLM000000506,MBR0000762,PRV000064,PROFESSIONAL,2025-11-18,2025-11-20,J45.909,APPROVED,1162.13,683.98,503.75,,2025-12-07,2026-07-16T19:00:00Z
CLM000000507,MBR0000503,PRV000091,PROFESSIONAL,2025-07-31,2025-08-01,I10,PENDING,633.94,591.88,0.00,,2025-08-04,2026-07-05T11:00:00Z
CLM000000508,MBR0000831,PRV000088,INSTITUTIONAL,2025-03-11,2025-03-12,N39.0,APPROVED,3364.31,2096.16,1779.90,,2025-03-23,2026-07-17T11:00:00Z
CLM000000509,MBR0000876,PRV000074,PROFESSIONAL,2025-08-06,2025-08-07,N39.0,APPROVED,706.43,478.00,450.43,,2025-08-09,2026-07-01T04:00:00Z
CLM000000510,MBR0000085,PRV000027,PROFESSIONAL,2025-02-04,2025-02-07,E11.9,PENDING,629.11,412.54,0.00,,2025-02-09,2026-07-04T06:00:00Z
CLM000000511,MBR0000118,PRV000078,PROFESSIONAL,2026-03-31,2026-03-31,E11.9,APPROVED,761.89,503.52,345.71,,2026-04-02,2026-07-15T04:00:00Z
CLM000000512,MBR0000107,PRV000020,INSTITUTIONAL,2025-09-15,2025-09-16,J45.909,APPROVED,1256.96,741.62,487.95,,2025-10-04,2026-07-11T04:00:00Z
CLM000000513,MBR0000868,PRV000047,PROFESSIONAL,2025-07-07,2025-07-07,I10,DENIED,4599.73,2898.83,0.00,CO97,2025-07-27,2026-07-12T04:00:00Z
CLM000000514,MBR0000781,PRV000017,PROFESSIONAL,2025-11-25,2025-11-25,I10,APPROVED,6080.92,3392.28,2293.97,,2025-11-27,2026-07-14T03:00:00Z
CLM000000515,MBR0000737,PRV000093,PROFESSIONAL,2026-04-04,2026-04-07,I10,DENIED,2008.66,1750.48,0.00,CO50,2026-04-21,2026-07-04T10:00:00Z
CLM000000516,MBR0000631,PRV000047,INSTITUTIONAL,2025-05-11,2025-05-13,M54.50,APPROVED,6583.86,3828.31,3518.00,,2025-05-21,2026-07-20T02:00:00Z
CLM000000517,MBR0000857,PRV000033,PROFESSIONAL,2025-03-15,2025-03-15,E11.9,APPROVED,2124.18,1762.20,1487.70,,2025-03-29,2026-07-18T07:00:00Z
CLM000000518,MBR0000687,PRV000047,PROFESSIONAL,2025-03-29,2025-03-31,N39.0,APPROVED,514.69,469.78,448.15,,2025-04-01,2026-07-07T16:00:00Z
CLM000000519,MBR0000082,PRV000007,INSTITUTIONAL,2025-09-09,2025-09-10,M54.50,APPROVED,1740.23,1473.23,1099.68,,2025-09-16,2026-07-01T00:00:00Z
CLM000000520,MBR0000413,PRV000021,INSTITUTIONAL,2025-04-06,2025-04-09,I10,DENIED,4094.49,3691.39,0.00,CO97,2025-04-09,2026-07-17T07:00:00Z
CLM000000521,MBR0000989,PRV000043,INSTITUTIONAL,2026-06-05,2026-06-08,E11.9,APPROVED,5260.83,3031.40,2024.07,,2026-06-07,2026-07-01T23:00:00Z
CLM000000522,MBR0000803,PRV000078,INSTITUTIONAL,2025-02-11,2025-02-11,M54.50,APPROVED,3437.61,2571.78,1850.48,,2025-03-01,2026-07-10T03:00:00Z
CLM000000523,MBR0000239,PRV000023,INSTITUTIONAL,2025-08-04,2025-08-04,Z00.00,APPROVED,2454.68,1772.91,1579.86,,2025-08-05,2026-07-03T22:00:00Z
CLM000000524,MBR0000092,PRV000053,INSTITUTIONAL,2026-05-05,2026-05-05,Z00.00,APPROVED,5925.95,3371.26,2969.21,,2026-05-08,2026-07-08T11:00:00Z
CLM000000525,MBR0000142,PRV000021,INSTITUTIONAL,2026-02-27,2026-02-28,Z00.00,DENIED,3270.22,1829.86,0.00,CO97,2026-03-11,2026-07-15T00:00:00Z
CLM000000526,MBR0000390,PRV000073,PROFESSIONAL,2026-04-04,2026-04-05,Z00.00,APPROVED,2112.99,1229.74,1128.43,,2026-04-23,2026-07-09T05:00:00Z
CLM000000527,MBR0000927,PRV000012,PROFESSIONAL,2025-04-23,2025-04-24,M54.50,APPROVED,618.80,489.91,403.21,,2025-05-11,2026-07-18T07:00:00Z
CLM000000528,MBR0000656,PRV000037,INSTITUTIONAL,2025-06-10,2025-06-10,J45.909,APPROVED,2171.76,1562.65,1160.57,,2025-06-20,2026-07-05T02:00:00Z
CLM000000529,MBR0000417,PRV000036,PROFESSIONAL,2026-02-22,2026-02-24,Z00.00,PENDING,62.59,46.36,0.00,,2026-03-11,2026-07-08T19:00:00Z
CLM000000530,MBR0000456,PRV000078,INSTITUTIONAL,2026-04-22,2026-04-22,I10,APPROVED,3104.30,1725.54,1159.90,,2026-04-26,2026-07-19T23:00:00Z
CLM000000531,MBR0000418,PRV000001,INSTITUTIONAL,2025-07-16,2025-07-16,M54.50,APPROVED,1017.29,782.93,760.56,,2025-07-17,2026-07-06T11:00:00Z
CLM000000532,MBR0000297,PRV000036,INSTITUTIONAL,2026-06-02,2026-06-05,N39.0,APPROVED,3473.23,3160.35,2989.04,,2026-06-19,2026-07-05T22:00:00Z
CLM000000533,MBR0000638,PRV000024,INSTITUTIONAL,2025-05-23,2025-05-24,N39.0,DENIED,4494.86,2523.16,0.00,CO50,2025-06-12,2026-07-18T14:00:00Z
CLM000000534,MBR0000823,PRV000085,PROFESSIONAL,2026-05-11,2026-05-11,N39.0,APPROVED,789.43,482.60,435.71,,2026-05-23,2026-07-08T22:00:00Z
CLM000000535,MBR0000853,PRV000077,PROFESSIONAL,2025-05-22,2025-05-22,Z00.00,APPROVED,1282.92,864.24,686.01,,2025-06-02,2026-07-12T19:00:00Z
CLM000000536,MBR0000306,PRV000068,INSTITUTIONAL,2025-10-17,2025-10-19,N39.0,APPROVED,1276.64,752.66,588.37,,2025-11-06,2026-07-14T13:00:00Z
CLM000000537,MBR0000775,PRV000057,INSTITUTIONAL,2025-07-17,2025-07-19,I10,APPROVED,2592.50,2170.88,1753.46,,2025-08-03,2026-07-20T00:00:00Z
CLM000000538,MBR0000297,PRV000007,PROFESSIONAL,2026-03-11,2026-03-11,E11.9,APPROVED,2534.36,1613.12,1391.94,,2026-03-25,2026-07-06T05:00:00Z
CLM000000539,MBR0000673,PRV000061,INSTITUTIONAL,2025-08-16,2025-08-16,E11.9,APPROVED,1810.25,1631.89,1411.01,,2025-08-25,2026-07-04T02:00:00Z
CLM000000540,MBR0000729,PRV000064,INSTITUTIONAL,2026-02-20,2026-02-23,E11.9,APPROVED,1433.07,819.72,698.60,,2026-03-01,2026-07-15T04:00:00Z
CLM000000541,MBR0000778,PRV000062,INSTITUTIONAL,2025-07-15,2025-07-15,M54.50,APPROVED,1387.38,946.64,810.38,,2025-07-21,2026-07-12T08:00:00Z
CLM000000542,MBR0000313,PRV000084,PROFESSIONAL,2025-06-19,2025-06-19,E11.9,APPROVED,1354.75,1172.99,1066.15,,2025-06-26,2026-07-05T22:00:00Z
CLM000000543,MBR0000174,PRV000004,PROFESSIONAL,2025-12-16,2025-12-16,M54.50,APPROVED,4572.24,3476.40,2721.42,,2025-12-17,2026-07-18T01:00:00Z
CLM000000544,MBR0000396,PRV000078,INSTITUTIONAL,2025-11-07,2025-11-08,J45.909,APPROVED,2242.77,1330.37,1251.09,,2025-11-17,2026-07-01T01:00:00Z
CLM000000545,MBR0000261,PRV000086,PROFESSIONAL,2025-06-27,2025-06-29,N39.0,APPROVED,1187.25,1079.84,1014.02,,2025-07-17,2026-07-20T06:00:00Z
CLM000000546,MBR0000753,PRV000050,PROFESSIONAL,2025-04-21,2025-04-23,J45.909,APPROVED,5577.72,3953.22,3643.86,,2025-04-26,2026-07-16T03:00:00Z
CLM000000547,MBR0000136,PRV000027,PROFESSIONAL,2025-11-11,2025-11-12,E11.9,APPROVED,4271.97,2387.91,1748.94,,2025-11-29,2026-07-16T00:00:00Z
CLM000000548,MBR0000911,PRV000001,INSTITUTIONAL,2026-06-14,2026-06-14,E11.9,APPROVED,509.87,294.29,238.80,,2026-07-01,2026-07-20T21:00:00Z
CLM000000549,MBR0000297,PRV000041,PROFESSIONAL,2025-10-24,2025-10-27,J45.909,APPROVED,3524.94,2580.76,2138.46,,2025-11-11,2026-07-05T06:00:00Z
CLM000000550,MBR0000856,PRV000097,INSTITUTIONAL,2025-05-13,2025-05-15,N39.0,APPROVED,5469.56,3667.78,3433.33,,2025-05-28,2026-07-03T10:00:00Z
CLM000000551,MBR0000014,PRV000083,PROFESSIONAL,2025-05-24,2025-05-25,J45.909,APPROVED,3856.11,3668.33,2495.53,,2025-06-08,2026-07-18T10:00:00Z
CLM000000552,MBR0000430,PRV000071,INSTITUTIONAL,2025-12-05,2025-12-06,M54.50,APPROVED,1819.14,1208.57,1011.58,,2025-12-06,2026-07-17T07:00:00Z
CLM000000553,MBR0000466,PRV000049,PROFESSIONAL,2026-06-07,2026-06-08,M54.50,APPROVED,4767.65,2786.66,1833.06,,2026-06-19,2026-07-15T20:00:00Z
CLM000000554,MBR0000523,PRV000041,PROFESSIONAL,2026-03-02,2026-03-05,J45.909,APPROVED,2498.99,1866.56,1674.53,,2026-03-08,2026-07-03T03:00:00Z
CLM000000555,MBR0000525,PRV000076,INSTITUTIONAL,2026-04-15,2026-04-17,J45.909,APPROVED,3164.98,1821.90,1746.43,,2026-04-19,2026-07-18T11:00:00Z
CLM000000556,MBR0000851,PRV000001,PROFESSIONAL,2026-06-12,2026-06-14,M54.50,APPROVED,4717.74,3755.17,3271.66,,2026-06-14,2026-07-15T05:00:00Z
CLM000000557,MBR0000907,PRV000036,PROFESSIONAL,2026-06-25,2026-06-26,N39.0,APPROVED,344.01,276.01,242.39,,2026-07-10,2026-07-08T02:00:00Z
CLM000000558,MBR0000966,PRV000072,PROFESSIONAL,2026-05-01,2026-05-04,E11.9,APPROVED,726.37,406.75,403.15,,2026-05-04,2026-07-11T05:00:00Z
CLM000000559,MBR0000016,PRV000001,PROFESSIONAL,2025-02-20,2025-02-22,Z00.00,APPROVED,1677.21,1059.16,1054.70,,2025-03-02,2026-07-08T20:00:00Z
CLM000000560,MBR0000980,PRV000061,PROFESSIONAL,2026-03-04,2026-03-07,I10,APPROVED,2778.13,1680.07,1656.16,,2026-03-22,2026-07-03T06:00:00Z
CLM000000561,MBR0000995,PRV000094,PROFESSIONAL,2025-06-27,2025-06-29,I10,APPROVED,2426.10,1776.70,1702.89,,2025-06-29,2026-07-13T08:00:00Z
CLM000000562,MBR0000392,PRV000081,INSTITUTIONAL,2025-08-29,2025-08-29,M54.50,APPROVED,2743.18,1650.30,1100.09,,2025-09-07,2026-07-02T12:00:00Z
CLM000000563,MBR0000035,PRV000070,INSTITUTIONAL,2025-07-24,2025-07-24,N39.0,APPROVED,6477.77,3613.65,2402.63,,2025-07-28,2026-07-08T03:00:00Z
CLM000000564,MBR0000704,PRV000090,INSTITUTIONAL,2025-12-31,2026-01-01,J45.909,APPROVED,1181.17,710.19,639.87,,2026-01-09,2026-07-03T21:00:00Z
CLM000000565,MBR0000011,PRV000021,INSTITUTIONAL,2025-04-29,2025-04-29,J45.909,APPROVED,3692.20,3049.01,2036.04,,2025-05-05,2026-07-12T20:00:00Z
CLM000000566,MBR0000475,PRV000077,INSTITUTIONAL,2026-05-11,2026-05-11,I10,APPROVED,5774.82,3726.12,3191.27,,2026-05-14,2026-07-02T00:00:00Z
CLM000000567,MBR0000900,PRV000028,INSTITUTIONAL,2025-04-18,2025-04-18,E11.9,APPROVED,328.39,225.38,223.20,,2025-05-08,2026-07-04T07:00:00Z
CLM000000568,MBR0000418,PRV000063,PROFESSIONAL,2026-06-17,2026-06-17,Z00.00,APPROVED,3474.35,2592.52,2073.93,,2026-07-02,2026-07-16T08:00:00Z
CLM000000569,MBR0000199,PRV000073,PROFESSIONAL,2025-09-08,2025-09-08,E11.9,APPROVED,1691.64,1258.22,1252.30,,2025-09-23,2026-07-13T05:00:00Z
CLM000000570,MBR0000293,PRV000014,PROFESSIONAL,2025-03-17,2025-03-18,I10,APPROVED,3562.69,2169.78,1456.79,,2025-03-27,2026-07-11T03:00:00Z
CLM000000571,MBR0000783,PRV000070,PROFESSIONAL,2025-05-03,2025-05-03,M54.50,APPROVED,2774.62,2063.78,1450.86,,2025-05-11,2026-07-05T19:00:00Z
CLM000000572,MBR0000176,PRV000076,PROFESSIONAL,2025-04-23,2025-04-26,N39.0,APPROVED,2112.16,1277.71,933.79,,2025-04-29,2026-07-01T22:00:00Z
CLM000000573,MBR0000712,PRV000077,INSTITUTIONAL,2026-02-21,2026-02-22,I10,APPROVED,78.22,49.34,33.64,,2026-03-11,2026-07-01T05:00:00Z
CLM000000574,MBR0000587,PRV000063,PROFESSIONAL,2026-06-26,2026-06-29,I10,APPROVED,4006.10,2759.69,2212.74,,2026-07-07,2026-07-18T17:00:00Z
CLM000000575,MBR0000570,PRV000067,PROFESSIONAL,2026-05-16,2026-05-19,Z00.00,APPROVED,4626.38,2848.42,2622.24,,2026-06-05,2026-07-07T02:00:00Z
CLM000000576,MBR0000002,PRV000007,PROFESSIONAL,2025-12-31,2026-01-01,N39.0,APPROVED,3914.08,2225.00,1864.17,,2026-01-02,2026-07-09T02:00:00Z
CLM000000577,MBR0000617,PRV000091,PROFESSIONAL,2025-12-12,2025-12-13,E11.9,APPROVED,4298.72,2817.85,2557.20,,2025-12-14,2026-07-09T22:00:00Z
CLM000000578,MBR0000516,PRV000012,PROFESSIONAL,2025-04-29,2025-04-29,N39.0,APPROVED,2453.08,1371.76,1013.34,,2025-05-01,2026-07-12T22:00:00Z
CLM000000579,MBR0000092,PRV000054,PROFESSIONAL,2026-04-16,2026-04-17,E11.9,APPROVED,3344.88,1902.57,1641.62,,2026-04-17,2026-07-09T07:00:00Z
CLM000000580,MBR0000058,PRV000047,INSTITUTIONAL,2025-05-11,2025-05-14,E11.9,APPROVED,3007.28,2248.65,2123.70,,2025-05-24,2026-07-05T02:00:00Z
CLM000000581,MBR0000202,PRV000088,INSTITUTIONAL,2025-08-21,2025-08-23,E11.9,APPROVED,3110.65,2436.43,1775.31,,2025-09-10,2026-07-13T05:00:00Z
CLM000000582,MBR0000222,PRV000053,INSTITUTIONAL,2026-02-10,2026-02-12,N39.0,APPROVED,4284.12,3682.16,3605.92,,2026-02-27,2026-07-17T20:00:00Z
CLM000000583,MBR0000087,PRV000085,PROFESSIONAL,2025-06-06,2025-06-07,N39.0,APPROVED,1930.07,1087.81,836.08,,2025-06-16,2026-07-15T05:00:00Z
CLM000000584,MBR0000247,PRV000010,INSTITUTIONAL,2026-04-11,2026-04-14,E11.9,APPROVED,3776.78,2838.84,2509.42,,2026-04-20,2026-07-12T14:00:00Z
CLM000000585,MBR0000578,PRV000061,INSTITUTIONAL,2025-09-26,2025-09-26,M54.50,DENIED,1929.65,1599.42,0.00,CO50,2025-10-01,2026-07-03T05:00:00Z
CLM000000586,MBR0000090,PRV000044,INSTITUTIONAL,2025-12-23,2025-12-26,M54.50,APPROVED,3896.65,3052.45,2329.28,,2026-01-07,2026-07-06T03:00:00Z
CLM000000587,MBR0000186,PRV000050,INSTITUTIONAL,2026-02-25,2026-02-26,I10,APPROVED,6142.97,3735.51,3732.50,,2026-03-03,2026-07-14T03:00:00Z
CLM000000588,MBR0000107,PRV000088,INSTITUTIONAL,2026-06-12,2026-06-14,I10,APPROVED,189.21,163.60,148.19,,2026-06-16,2026-07-03T11:00:00Z
CLM000000589,MBR0000274,PRV000088,PROFESSIONAL,2025-02-05,2025-02-05,N39.0,APPROVED,343.25,237.25,207.59,,2025-02-16,2026-07-05T07:00:00Z
CLM000000590,MBR0000848,PRV000006,PROFESSIONAL,2025-06-30,2025-06-30,J45.909,APPROVED,4231.08,3269.48,3192.16,,2025-07-17,2026-07-02T01:00:00Z
CLM000000591,MBR0000679,PRV000025,PROFESSIONAL,2026-02-28,2026-03-01,M54.50,APPROVED,2499.45,1727.55,1259.99,,2026-03-03,2026-07-16T05:00:00Z
CLM000000592,MBR0000795,PRV000051,INSTITUTIONAL,2026-01-01,2026-01-02,J45.909,APPROVED,4159.65,3630.14,3178.94,,2026-01-13,2026-07-20T11:00:00Z
CLM000000593,MBR0000231,PRV000017,PROFESSIONAL,2025-11-10,2025-11-13,M54.50,APPROVED,1922.94,1718.86,1327.82,,2025-11-12,2026-07-18T14:00:00Z
CLM000000594,MBR0000391,PRV000005,INSTITUTIONAL,2026-03-21,2026-03-22,Z00.00,APPROVED,157.39,101.00,79.66,,2026-03-27,2026-07-03T15:00:00Z
CLM000000595,MBR0000942,PRV000092,INSTITUTIONAL,2025-01-26,2025-01-27,J45.909,APPROVED,164.35,111.79,96.43,,2025-02-14,2026-07-05T22:00:00Z
CLM000000596,MBR0000249,PRV000082,PROFESSIONAL,2025-02-25,2025-02-25,J45.909,APPROVED,4668.23,3464.07,3288.37,,2025-03-13,2026-07-09T03:00:00Z
CLM000000597,MBR0000014,PRV000085,PROFESSIONAL,2026-04-18,2026-04-20,N39.0,APPROVED,1233.58,914.12,722.57,,2026-05-07,2026-07-16T21:00:00Z
CLM000000598,MBR0000960,PRV000081,PROFESSIONAL,2026-04-23,2026-04-23,Z00.00,APPROVED,2439.80,1501.58,1354.62,,2026-05-04,2026-07-11T13:00:00Z
CLM000000599,MBR0000489,PRV000001,PROFESSIONAL,2026-02-10,2026-02-10,Z00.00,APPROVED,198.61,116.82,115.85,,2026-02-26,2026-07-04T04:00:00Z
CLM000000600,MBR0000038,PRV000073,INSTITUTIONAL,2025-01-11,2025-01-12,E11.9,APPROVED,3168.11,1921.91,1536.04,,2025-01-17,2026-07-05T14:00:00Z
CLM000000601,MBR0000977,PRV000066,PROFESSIONAL,2025-07-23,2025-07-23,J45.909,APPROVED,1284.05,763.58,508.54,,2025-08-04,2026-07-16T12:00:00Z
CLM000000602,MBR0000314,PRV000040,INSTITUTIONAL,2025-04-11,2025-04-13,E11.9,APPROVED,2741.03,2008.31,1620.18,,2025-04-18,2026-07-13T11:00:00Z
CLM000000603,MBR0000204,PRV000005,INSTITUTIONAL,2025-05-31,2025-06-03,E11.9,APPROVED,4417.99,3901.33,3377.62,,2025-06-19,2026-07-12T04:00:00Z
CLM000000604,MBR0000542,PRV000021,PROFESSIONAL,2025-03-14,2025-03-16,Z00.00,APPROVED,2130.00,1680.49,1268.60,,2025-03-31,2026-07-20T17:00:00Z
CLM000000605,MBR0000264,PRV000010,PROFESSIONAL,2025-08-22,2025-08-23,N39.0,APPROVED,4335.58,2465.41,2403.28,,2025-08-31,2026-07-09T18:00:00Z
CLM000000606,MBR0000431,PRV000017,INSTITUTIONAL,2025-02-27,2025-02-27,I10,APPROVED,3395.72,2906.62,2474.89,,2025-02-28,2026-07-19T14:00:00Z
CLM000000607,MBR0000357,PRV000025,INSTITUTIONAL,2025-09-10,2025-09-11,I10,APPROVED,2735.70,2537.83,1978.72,,2025-09-11,2026-07-02T09:00:00Z
CLM000000608,MBR0000896,PRV000046,INSTITUTIONAL,2026-03-13,2026-03-15,M54.50,APPROVED,992.30,584.31,529.88,,2026-03-30,2026-07-20T12:00:00Z
CLM000000609,MBR0000625,PRV000028,INSTITUTIONAL,2026-04-21,2026-04-23,M54.50,APPROVED,1445.00,1077.62,812.98,,2026-04-24,2026-07-03T07:00:00Z
CLM000000610,MBR0000469,PRV000038,INSTITUTIONAL,2025-12-25,2025-12-26,N39.0,APPROVED,1517.94,1093.56,752.07,,2026-01-13,2026-07-14T16:00:00Z
CLM000000611,MBR0000679,PRV000063,PROFESSIONAL,2025-04-08,2025-04-10,I10,APPROVED,5988.19,3562.06,2643.84,,2025-04-10,2026-07-05T07:00:00Z
CLM000000612,MBR0000206,PRV000018,PROFESSIONAL,2025-01-14,2025-01-14,I10,APPROVED,5159.85,3976.33,2909.96,,2025-02-02,2026-07-04T06:00:00Z
CLM000000613,MBR0000070,PRV000094,PROFESSIONAL,2026-02-25,2026-02-28,M54.50,APPROVED,3118.09,2696.15,2183.08,,2026-03-13,2026-07-20T19:00:00Z
CLM000000614,MBR0000175,PRV000031,PROFESSIONAL,2026-06-01,2026-06-01,I10,APPROVED,1313.09,902.38,886.83,,2026-06-16,2026-07-03T18:00:00Z
CLM000000615,MBR0000795,PRV000014,INSTITUTIONAL,2025-02-28,2025-03-03,E11.9,APPROVED,3920.53,2584.87,1970.68,,2025-03-20,2026-07-06T08:00:00Z
CLM000000616,MBR0000152,PRV000044,PROFESSIONAL,2025-01-29,2025-01-31,M54.50,APPROVED,4702.50,3494.59,2461.74,,2025-02-16,2026-07-10T22:00:00Z
CLM000000617,MBR0000087,PRV000012,PROFESSIONAL,2026-05-13,2026-05-15,N39.0,APPROVED,756.52,516.54,428.59,,2026-06-02,2026-07-02T21:00:00Z
CLM000000618,MBR0000155,PRV000046,INSTITUTIONAL,2026-03-16,2026-03-17,Z00.00,APPROVED,3053.81,2369.58,1749.07,,2026-03-20,2026-07-16T03:00:00Z
CLM000000619,MBR0000168,PRV000003,PROFESSIONAL,2025-06-26,2025-06-29,N39.0,APPROVED,4432.51,3435.05,2368.62,,2025-07-05,2026-07-19T20:00:00Z
CLM000000620,MBR0000515,PRV000067,INSTITUTIONAL,2025-02-04,2025-02-07,E11.9,APPROVED,3399.92,2056.41,1574.61,,2025-02-05,2026-07-12T19:00:00Z
CLM000000621,MBR0000971,PRV000077,INSTITUTIONAL,2025-08-10,2025-08-13,J45.909,APPROVED,2770.08,1682.82,1360.26,,2025-08-16,2026-07-12T18:00:00Z
CLM000000622,MBR0000138,PRV000004,PROFESSIONAL,2025-06-18,2025-06-20,E11.9,DENIED,2549.14,2310.05,0.00,CO50,2025-06-25,2026-07-02T04:00:00Z
CLM000000623,MBR0000387,PRV000010,INSTITUTIONAL,2025-07-22,2025-07-22,I10,APPROVED,3211.30,2668.14,1759.57,,2025-07-26,2026-07-08T20:00:00Z
CLM000000624,MBR0000382,PRV000096,PROFESSIONAL,2025-08-31,2025-09-02,Z00.00,DENIED,2409.06,2067.44,0.00,CO50,2025-09-18,2026-07-14T17:00:00Z
CLM000000625,MBR0000317,PRV000040,INSTITUTIONAL,2026-02-14,2026-02-15,Z00.00,APPROVED,5859.77,3356.01,2231.42,,2026-03-02,2026-07-15T20:00:00Z
CLM000000626,MBR0000446,PRV000093,PROFESSIONAL,2026-02-18,2026-02-21,I10,APPROVED,1073.02,906.05,624.38,,2026-02-25,2026-07-06T00:00:00Z
CLM000000627,MBR0000940,PRV000073,INSTITUTIONAL,2026-03-08,2026-03-09,M54.50,DENIED,598.14,401.14,0.00,CO97,2026-03-28,2026-07-09T18:00:00Z
CLM000000628,MBR0000003,PRV000008,INSTITUTIONAL,2026-06-25,2026-06-26,Z00.00,APPROVED,1913.70,1420.69,1003.65,,2026-06-29,2026-07-01T10:00:00Z
CLM000000629,MBR0000798,PRV000073,PROFESSIONAL,2026-04-28,2026-05-01,M54.50,APPROVED,491.59,280.88,251.14,,2026-05-06,2026-07-06T17:00:00Z
CLM000000630,MBR0000345,PRV000082,INSTITUTIONAL,2026-03-06,2026-03-07,M54.50,PENDING,4922.39,3538.34,0.00,,2026-03-14,2026-07-14T17:00:00Z
CLM000000631,MBR0000920,PRV000024,INSTITUTIONAL,2025-03-15,2025-03-17,N39.0,APPROVED,5191.04,2960.52,1989.93,,2025-03-16,2026-07-13T15:00:00Z
CLM000000632,MBR0000789,PRV000010,INSTITUTIONAL,2026-02-20,2026-02-20,J45.909,APPROVED,3363.54,1892.34,1501.41,,2026-03-06,2026-07-19T17:00:00Z
CLM000000633,MBR0000394,PRV000098,PROFESSIONAL,2026-01-07,2026-01-09,M54.50,APPROVED,2964.47,2464.02,2316.92,,2026-01-27,2026-07-17T18:00:00Z
CLM000000634,MBR0000275,PRV000081,INSTITUTIONAL,2025-03-01,2025-03-01,M54.50,APPROVED,902.35,609.46,486.39,,2025-03-14,2026-07-16T00:00:00Z
CLM000000635,MBR0000421,PRV000060,INSTITUTIONAL,2025-10-25,2025-10-26,M54.50,APPROVED,1900.41,1187.90,1164.50,,2025-11-12,2026-07-18T03:00:00Z
CLM000000636,MBR0000122,PRV000005,PROFESSIONAL,2026-01-14,2026-01-17,M54.50,PENDING,2054.42,1620.96,0.00,,2026-02-03,2026-07-02T00:00:00Z
CLM000000637,MBR0000835,PRV000070,PROFESSIONAL,2025-10-31,2025-11-02,M54.50,APPROVED,4457.18,2492.57,1848.66,,2025-11-08,2026-07-01T04:00:00Z
CLM000000638,MBR0000607,PRV000100,INSTITUTIONAL,2025-07-01,2025-07-04,J45.909,APPROVED,2915.03,2596.17,2567.31,,2025-07-10,2026-07-19T06:00:00Z
CLM000000639,MBR0000900,PRV000083,INSTITUTIONAL,2026-05-26,2026-05-26,E11.9,APPROVED,206.12,168.51,121.57,,2026-06-05,2026-07-10T08:00:00Z
CLM000000640,MBR0000925,PRV000052,INSTITUTIONAL,2025-06-12,2025-06-13,I10,DENIED,792.83,696.92,0.00,CO50,2025-07-02,2026-07-20T13:00:00Z
CLM000000641,MBR0000813,PRV000004,INSTITUTIONAL,2025-10-09,2025-10-11,J45.909,APPROVED,3023.15,2018.17,1586.44,,2025-10-29,2026-07-14T10:00:00Z
CLM000000642,MBR0000295,PRV000043,PROFESSIONAL,2025-07-09,2025-07-09,N39.0,APPROVED,1122.85,907.83,853.46,,2025-07-14,2026-07-06T02:00:00Z
CLM000000643,MBR0000549,PRV000083,INSTITUTIONAL,2025-10-21,2025-10-23,I10,APPROVED,2949.05,2487.16,2236.77,,2025-10-31,2026-07-06T21:00:00Z
CLM000000644,MBR0000057,PRV000044,PROFESSIONAL,2026-05-08,2026-05-10,M54.50,APPROVED,2972.45,2137.56,1661.20,,2026-05-17,2026-07-16T07:00:00Z
CLM000000645,MBR0000365,PRV000075,INSTITUTIONAL,2025-08-27,2025-08-28,J45.909,PENDING,3576.48,2822.71,0.00,,2025-09-16,2026-07-07T01:00:00Z
CLM000000646,MBR0000895,PRV000009,PROFESSIONAL,2025-12-07,2025-12-10,E11.9,APPROVED,1424.40,992.80,964.46,,2025-12-24,2026-07-18T05:00:00Z
CLM000000647,MBR0000126,PRV000057,PROFESSIONAL,2025-08-21,2025-08-23,N39.0,DENIED,2026.11,1660.99,0.00,CO97,2025-08-23,2026-07-04T16:00:00Z
CLM000000648,MBR0000761,PRV000049,INSTITUTIONAL,2026-01-15,2026-01-16,I10,APPROVED,3965.11,2388.30,2331.58,,2026-01-20,2026-07-19T19:00:00Z
CLM000000649,MBR0000234,PRV000074,INSTITUTIONAL,2026-06-13,2026-06-14,E11.9,APPROVED,3387.24,2146.26,2094.52,,2026-07-01,2026-07-20T13:00:00Z
CLM000000650,MBR0000130,PRV000067,INSTITUTIONAL,2026-03-09,2026-03-12,N39.0,APPROVED,4911.15,3377.43,2364.91,,2026-03-12,2026-07-05T09:00:00Z
CLM000000651,MBR0000509,PRV000098,PROFESSIONAL,2026-01-18,2026-01-19,N39.0,APPROVED,2564.46,2113.75,1761.13,,2026-01-19,2026-07-07T16:00:00Z
CLM000000652,MBR0000815,PRV000080,INSTITUTIONAL,2026-01-11,2026-01-13,I10,APPROVED,4912.07,3341.08,2846.54,,2026-01-25,2026-07-14T18:00:00Z
CLM000000653,MBR0000013,PRV000099,PROFESSIONAL,2025-08-08,2025-08-08,Z00.00,APPROVED,1005.42,816.85,536.66,,2025-08-27,2026-07-03T00:00:00Z
CLM000000654,MBR0000125,PRV000032,PROFESSIONAL,2025-04-20,2025-04-20,E11.9,APPROVED,267.85,212.15,177.33,,2025-04-22,2026-07-05T09:00:00Z
CLM000000655,MBR0000389,PRV000097,INSTITUTIONAL,2025-05-15,2025-05-18,Z00.00,APPROVED,738.12,598.15,434.23,,2025-05-27,2026-07-08T19:00:00Z
CLM000000656,MBR0000667,PRV000043,PROFESSIONAL,2025-05-31,2025-06-02,J45.909,APPROVED,5403.02,3289.73,2699.45,,2025-06-04,2026-07-04T12:00:00Z
CLM000000657,MBR0000388,PRV000053,PROFESSIONAL,2026-06-26,2026-06-29,J45.909,APPROVED,1741.76,1402.02,998.21,,2026-07-10,2026-07-03T01:00:00Z
CLM000000658,MBR0000849,PRV000034,PROFESSIONAL,2026-05-18,2026-05-19,N39.0,PENDING,5737.10,3902.36,0.00,,2026-05-19,2026-07-05T15:00:00Z
CLM000000659,MBR0000138,PRV000066,PROFESSIONAL,2026-03-18,2026-03-19,Z00.00,APPROVED,1398.92,1086.34,809.00,,2026-03-25,2026-07-01T18:00:00Z
CLM000000660,MBR0000893,PRV000041,INSTITUTIONAL,2025-07-06,2025-07-09,I10,APPROVED,821.16,487.51,458.70,,2025-07-10,2026-07-15T08:00:00Z
CLM000000661,MBR0000785,PRV000005,PROFESSIONAL,2025-12-05,2025-12-08,I10,APPROVED,1828.85,1251.54,1034.22,,2025-12-20,2026-07-12T16:00:00Z
CLM000000662,MBR0000850,PRV000033,PROFESSIONAL,2026-03-26,2026-03-28,I10,APPROVED,1383.89,964.73,631.28,,2026-04-09,2026-07-01T05:00:00Z
CLM000000663,MBR0000669,PRV000046,PROFESSIONAL,2025-03-26,2025-03-26,E11.9,APPROVED,2957.86,1871.52,1712.98,,2025-04-11,2026-07-19T22:00:00Z
CLM000000664,MBR0000978,PRV000082,PROFESSIONAL,2026-02-03,2026-02-06,I10,APPROVED,989.59,615.30,604.99,,2026-02-12,2026-07-19T13:00:00Z
CLM000000665,MBR0000297,PRV000002,PROFESSIONAL,2025-10-02,2025-10-05,E11.9,APPROVED,3773.93,3337.07,2955.67,,2025-10-22,2026-07-02T01:00:00Z
CLM000000666,MBR0000712,PRV000084,PROFESSIONAL,2026-01-08,2026-01-08,Z00.00,DENIED,347.27,266.84,0.00,CO16,2026-01-21,2026-07-14T23:00:00Z
CLM000000667,MBR0000348,PRV000060,PROFESSIONAL,2025-02-28,2025-03-01,J45.909,APPROVED,4305.70,2437.44,1666.05,,2025-03-19,2026-07-01T00:00:00Z
CLM000000668,MBR0000671,PRV000050,INSTITUTIONAL,2025-02-08,2025-02-10,N39.0,APPROVED,992.29,608.73,567.03,,2025-02-22,2026-07-04T15:00:00Z
CLM000000669,MBR0000417,PRV000007,PROFESSIONAL,2026-02-02,2026-02-03,J45.909,APPROVED,3831.31,3308.08,2489.65,,2026-02-15,2026-07-01T04:00:00Z
CLM000000670,MBR0000905,PRV000024,INSTITUTIONAL,2025-06-11,2025-06-13,E11.9,APPROVED,3028.34,2485.33,1774.33,,2025-06-16,2026-07-16T13:00:00Z
CLM000000671,MBR0000368,PRV000075,PROFESSIONAL,2025-07-06,2025-07-08,Z00.00,APPROVED,724.84,487.75,335.09,,2025-07-09,2026-07-06T13:00:00Z
CLM000000672,MBR0000513,PRV000068,PROFESSIONAL,2025-09-28,2025-10-01,N39.0,APPROVED,1877.44,1278.81,1060.02,,2025-10-01,2026-07-19T03:00:00Z
CLM000000673,MBR0000623,PRV000094,INSTITUTIONAL,2026-02-20,2026-02-22,Z00.00,APPROVED,4604.43,3341.91,3318.10,,2026-03-07,2026-07-02T16:00:00Z
CLM000000674,MBR0000877,PRV000002,INSTITUTIONAL,2026-01-09,2026-01-10,E11.9,APPROVED,403.37,305.71,278.26,,2026-01-20,2026-07-01T06:00:00Z
CLM000000675,MBR0000732,PRV000052,PROFESSIONAL,2025-03-23,2025-03-23,J45.909,APPROVED,1129.44,991.32,646.03,,2025-03-24,2026-07-01T18:00:00Z
CLM000000676,MBR0000010,PRV000070,PROFESSIONAL,2025-07-21,2025-07-24,M54.50,PENDING,2218.12,1232.30,0.00,,2025-08-03,2026-07-08T01:00:00Z
CLM000000677,MBR0000741,PRV000032,INSTITUTIONAL,2025-03-31,2025-03-31,N39.0,APPROVED,557.98,371.22,355.94,,2025-04-12,2026-07-09T10:00:00Z
CLM000000678,MBR0000423,PRV000053,INSTITUTIONAL,2026-05-31,2026-06-02,Z00.00,APPROVED,3110.86,1810.82,1541.30,,2026-06-09,2026-07-13T13:00:00Z
CLM000000679,MBR0000520,PRV000020,INSTITUTIONAL,2026-02-09,2026-02-09,I10,APPROVED,4650.13,2626.11,2255.20,,2026-02-22,2026-07-05T01:00:00Z
CLM000000680,MBR0000466,PRV000003,PROFESSIONAL,2026-06-22,2026-06-24,E11.9,APPROVED,1769.23,1210.38,826.87,,2026-07-06,2026-07-03T20:00:00Z
CLM000000681,MBR0000905,PRV000005,INSTITUTIONAL,2026-04-29,2026-05-02,E11.9,APPROVED,2052.75,1882.68,1260.23,,2026-05-04,2026-07-18T07:00:00Z
CLM000000682,MBR0000510,PRV000095,INSTITUTIONAL,2025-04-17,2025-04-19,M54.50,APPROVED,2815.61,1766.32,1738.95,,2025-04-27,2026-07-06T04:00:00Z
CLM000000683,MBR0000737,PRV000096,INSTITUTIONAL,2025-12-03,2025-12-04,J45.909,APPROVED,5666.10,3857.77,3648.95,,2025-12-17,2026-07-03T15:00:00Z
CLM000000684,MBR0000402,PRV000054,INSTITUTIONAL,2025-05-30,2025-05-31,I10,DENIED,4704.77,3742.72,0.00,CO16,2025-06-19,2026-07-15T13:00:00Z
CLM000000685,MBR0000038,PRV000053,INSTITUTIONAL,2026-03-11,2026-03-12,I10,APPROVED,3966.18,3233.82,2742.18,,2026-03-20,2026-07-07T09:00:00Z
CLM000000686,MBR0000366,PRV000033,INSTITUTIONAL,2026-01-05,2026-01-05,E11.9,APPROVED,127.20,112.99,100.77,,2026-01-25,2026-07-16T06:00:00Z
CLM000000687,MBR0000896,PRV000065,INSTITUTIONAL,2025-12-29,2025-12-29,M54.50,APPROVED,3937.69,2908.48,2172.72,,2025-12-30,2026-07-12T03:00:00Z
CLM000000688,MBR0000822,PRV000093,PROFESSIONAL,2025-12-22,2025-12-24,Z00.00,APPROVED,1644.03,1022.42,918.01,,2026-01-08,2026-07-14T00:00:00Z
CLM000000689,MBR0000064,PRV000090,PROFESSIONAL,2025-12-06,2025-12-06,E11.9,APPROVED,762.30,460.41,432.70,,2025-12-08,2026-07-01T06:00:00Z
CLM000000690,MBR0000701,PRV000092,INSTITUTIONAL,2026-05-09,2026-05-12,Z00.00,APPROVED,3759.26,2899.56,2475.19,,2026-05-21,2026-07-01T20:00:00Z
CLM000000691,MBR0000123,PRV000003,INSTITUTIONAL,2025-03-04,2025-03-04,M54.50,APPROVED,4259.90,3693.98,3275.08,,2025-03-19,2026-07-20T01:00:00Z
CLM000000692,MBR0000493,PRV000063,PROFESSIONAL,2026-02-27,2026-03-02,M54.50,APPROVED,3178.76,2162.80,2039.79,,2026-03-03,2026-07-01T05:00:00Z
CLM000000693,MBR0000818,PRV000099,PROFESSIONAL,2026-02-12,2026-02-15,Z00.00,APPROVED,958.34,888.55,635.47,,2026-02-25,2026-07-20T21:00:00Z
CLM000000694,MBR0000448,PRV000080,INSTITUTIONAL,2026-03-01,2026-03-02,E11.9,DENIED,1314.08,1017.57,0.00,CO97,2026-03-05,2026-07-14T09:00:00Z
CLM000000695,MBR0000203,PRV000047,INSTITUTIONAL,2026-05-14,2026-05-15,J45.909,PENDING,6607.05,3917.84,0.00,,2026-05-18,2026-07-20T17:00:00Z
CLM000000696,MBR0000068,PRV000029,INSTITUTIONAL,2026-06-06,2026-06-06,E11.9,DENIED,109.96,85.42,0.00,CO16,2026-06-08,2026-07-05T03:00:00Z
CLM000000697,MBR0000814,PRV000032,INSTITUTIONAL,2025-11-06,2025-11-07,J45.909,DENIED,3928.09,2685.94,0.00,CO16,2025-11-07,2026-07-11T00:00:00Z
CLM000000698,MBR0000518,PRV000075,INSTITUTIONAL,2025-04-22,2025-04-24,N39.0,APPROVED,5566.96,3428.59,2795.54,,2025-04-26,2026-07-05T17:00:00Z
CLM000000699,MBR0000510,PRV000065,PROFESSIONAL,2026-03-22,2026-03-25,I10,APPROVED,1702.46,1395.10,1090.60,,2026-04-04,2026-07-01T04:00:00Z
CLM000000700,MBR0000063,PRV000065,INSTITUTIONAL,2025-03-13,2025-03-14,M54.50,APPROVED,819.90,529.50,393.02,,2025-03-15,2026-07-07T03:00:00Z
CLM000000701,MBR0000867,PRV000042,PROFESSIONAL,2025-03-17,2025-03-19,J45.909,APPROVED,4398.11,2701.65,1909.25,,2025-03-30,2026-07-17T12:00:00Z
CLM000000702,MBR0000011,PRV000058,PROFESSIONAL,2025-06-09,2025-06-11,I10,APPROVED,4381.44,2747.03,2694.72,,2025-06-22,2026-07-16T13:00:00Z
CLM000000703,MBR0000696,PRV000030,PROFESSIONAL,2026-01-01,2026-01-03,E11.9,APPROVED,357.08,272.55,212.50,,2026-01-02,2026-07-17T19:00:00Z
CLM000000704,MBR0000975,PRV000033,INSTITUTIONAL,2026-06-21,2026-06-24,E11.9,APPROVED,2064.00,1287.94,1169.78,,2026-07-08,2026-07-20T14:00:00Z
CLM000000705,MBR0000866,PRV000024,INSTITUTIONAL,2025-02-27,2025-02-28,I10,APPROVED,958.74,875.78,825.91,,2025-03-05,2026-07-06T20:00:00Z
CLM000000706,MBR0000622,PRV000016,PROFESSIONAL,2025-02-12,2025-02-14,E11.9,APPROVED,591.09,466.63,430.61,,2025-03-02,2026-07-13T18:00:00Z
CLM000000707,MBR0000912,PRV000035,PROFESSIONAL,2025-12-24,2025-12-27,Z00.00,APPROVED,2917.07,2728.90,2565.41,,2025-12-27,2026-07-15T14:00:00Z
CLM000000708,MBR0000702,PRV000002,INSTITUTIONAL,2026-05-28,2026-05-29,J45.909,APPROVED,2079.44,1196.72,855.25,,2026-06-10,2026-07-19T07:00:00Z
CLM000000709,MBR0000228,PRV000073,PROFESSIONAL,2026-05-28,2026-05-29,J45.909,APPROVED,4501.30,2977.37,2274.07,,2026-06-17,2026-07-18T10:00:00Z
CLM000000710,MBR0000554,PRV000012,INSTITUTIONAL,2026-01-18,2026-01-18,J45.909,APPROVED,6383.77,3583.96,2815.79,,2026-02-06,2026-07-14T01:00:00Z
CLM000000711,MBR0000567,PRV000083,INSTITUTIONAL,2025-08-23,2025-08-23,M54.50,APPROVED,2312.64,1452.58,1192.91,,2025-09-09,2026-07-18T13:00:00Z
CLM000000712,MBR0000983,PRV000022,INSTITUTIONAL,2026-05-14,2026-05-15,Z00.00,APPROVED,753.34,701.15,677.62,,2026-05-23,2026-07-18T18:00:00Z
CLM000000713,MBR0000178,PRV000001,INSTITUTIONAL,2026-01-10,2026-01-12,J45.909,APPROVED,1711.59,1012.70,712.83,,2026-01-12,2026-07-04T19:00:00Z
CLM000000714,MBR0000437,PRV000017,PROFESSIONAL,2026-06-23,2026-06-23,I10,APPROVED,5449.45,3255.85,2759.38,,2026-07-02,2026-07-09T02:00:00Z
CLM000000715,MBR0000121,PRV000019,INSTITUTIONAL,2025-10-25,2025-10-27,Z00.00,APPROVED,5141.56,3869.41,2617.03,,2025-10-31,2026-07-03T00:00:00Z
CLM000000716,MBR0000458,PRV000010,PROFESSIONAL,2025-11-08,2025-11-11,J45.909,APPROVED,618.24,440.00,397.27,,2025-11-13,2026-07-17T20:00:00Z
CLM000000717,MBR0000005,PRV000074,INSTITUTIONAL,2026-01-19,2026-01-21,I10,DENIED,3325.96,2654.69,0.00,CO16,2026-01-25,2026-07-04T02:00:00Z
CLM000000718,MBR0000244,PRV000086,INSTITUTIONAL,2026-05-11,2026-05-12,J45.909,APPROVED,2927.14,2091.41,2030.89,,2026-05-16,2026-07-12T22:00:00Z
CLM000000719,MBR0000043,PRV000056,PROFESSIONAL,2025-02-11,2025-02-12,I10,DENIED,4130.63,2552.66,0.00,CO97,2025-03-02,2026-07-18T13:00:00Z
CLM000000720,MBR0000282,PRV000008,PROFESSIONAL,2025-01-14,2025-01-15,J45.909,APPROVED,2148.01,1364.16,1261.21,,2025-01-30,2026-07-05T12:00:00Z
CLM000000721,MBR0000313,PRV000028,PROFESSIONAL,2025-08-08,2025-08-09,I10,APPROVED,3515.86,2960.29,2530.93,,2025-08-20,2026-07-01T03:00:00Z
CLM000000722,MBR0000812,PRV000021,PROFESSIONAL,2025-10-22,2025-10-22,E11.9,APPROVED,5552.80,3691.74,3135.79,,2025-11-05,2026-07-13T05:00:00Z
CLM000000723,MBR0000735,PRV000030,PROFESSIONAL,2026-04-15,2026-04-17,I10,APPROVED,352.41,242.36,206.30,,2026-04-21,2026-07-05T05:00:00Z
CLM000000724,MBR0000148,PRV000060,PROFESSIONAL,2025-02-18,2025-02-21,E11.9,APPROVED,3726.88,2651.64,1984.34,,2025-03-04,2026-07-05T12:00:00Z
CLM000000725,MBR0000690,PRV000015,INSTITUTIONAL,2025-12-02,2025-12-02,E11.9,DENIED,6025.96,3932.92,0.00,CO97,2025-12-11,2026-07-10T22:00:00Z
CLM000000726,MBR0000358,PRV000036,INSTITUTIONAL,2025-09-09,2025-09-12,N39.0,APPROVED,869.11,504.98,409.50,,2025-09-26,2026-07-12T15:00:00Z
CLM000000727,MBR0000336,PRV000044,INSTITUTIONAL,2026-03-20,2026-03-21,I10,APPROVED,2636.83,2068.37,2066.93,,2026-03-26,2026-07-02T05:00:00Z
CLM000000728,MBR0000844,PRV000050,INSTITUTIONAL,2025-10-12,2025-10-14,Z00.00,APPROVED,2414.81,1819.35,1189.44,,2025-10-20,2026-07-13T04:00:00Z
CLM000000729,MBR0000669,PRV000002,INSTITUTIONAL,2026-06-27,2026-06-30,N39.0,APPROVED,4219.69,2400.68,2295.14,,2026-07-03,2026-07-03T12:00:00Z
CLM000000730,MBR0000501,PRV000083,INSTITUTIONAL,2025-05-06,2025-05-08,I10,APPROVED,4122.61,2959.99,2396.00,,2025-05-19,2026-07-13T02:00:00Z
CLM000000731,MBR0000090,PRV000067,PROFESSIONAL,2025-06-14,2025-06-15,M54.50,APPROVED,4605.22,3274.16,2782.84,,2025-06-20,2026-07-19T03:00:00Z
CLM000000732,MBR0000298,PRV000031,PROFESSIONAL,2025-06-23,2025-06-25,E11.9,DENIED,2043.88,1674.05,0.00,CO16,2025-07-08,2026-07-09T13:00:00Z
CLM000000733,MBR0000753,PRV000024,INSTITUTIONAL,2025-04-26,2025-04-26,Z00.00,DENIED,1771.37,1667.79,0.00,CO97,2025-05-11,2026-07-17T20:00:00Z
CLM000000734,MBR0000697,PRV000022,INSTITUTIONAL,2025-01-19,2025-01-22,E11.9,DENIED,4479.00,2788.19,0.00,CO50,2025-01-30,2026-07-01T21:00:00Z
CLM000000735,MBR0000741,PRV000057,PROFESSIONAL,2026-05-31,2026-06-03,I10,APPROVED,2455.37,1655.22,1561.91,,2026-06-01,2026-07-16T06:00:00Z
CLM000000736,MBR0000093,PRV000059,INSTITUTIONAL,2026-06-24,2026-06-26,I10,DENIED,2919.79,2156.55,0.00,CO50,2026-06-30,2026-07-01T06:00:00Z
CLM000000737,MBR0000028,PRV000049,PROFESSIONAL,2025-12-29,2025-12-29,J45.909,APPROVED,368.40,296.18,248.35,,2026-01-18,2026-07-17T05:00:00Z
CLM000000738,MBR0000650,PRV000049,PROFESSIONAL,2025-09-26,2025-09-26,M54.50,APPROVED,4103.73,2668.45,2055.53,,2025-10-05,2026-07-19T23:00:00Z
CLM000000739,MBR0000457,PRV000007,PROFESSIONAL,2025-12-04,2025-12-07,I10,APPROVED,227.00,167.95,111.02,,2025-12-21,2026-07-06T19:00:00Z
CLM000000740,MBR0000283,PRV000012,PROFESSIONAL,2026-04-14,2026-04-17,E11.9,APPROVED,2005.94,1701.94,1664.45,,2026-04-30,2026-07-13T12:00:00Z
CLM000000741,MBR0000651,PRV000097,INSTITUTIONAL,2026-01-02,2026-01-04,J45.909,APPROVED,4827.50,3977.32,3521.44,,2026-01-22,2026-07-13T20:00:00Z
CLM000000742,MBR0000418,PRV000077,PROFESSIONAL,2026-06-11,2026-06-12,M54.50,DENIED,3123.91,2360.92,0.00,CO16,2026-06-17,2026-07-18T08:00:00Z
CLM000000743,MBR0000865,PRV000098,INSTITUTIONAL,2025-08-19,2025-08-21,Z00.00,APPROVED,341.21,211.22,188.92,,2025-09-06,2026-07-15T11:00:00Z
CLM000000744,MBR0000255,PRV000067,PROFESSIONAL,2025-06-17,2025-06-18,I10,APPROVED,1560.57,1138.34,903.72,,2025-06-30,2026-07-13T14:00:00Z
CLM000000745,MBR0000620,PRV000068,PROFESSIONAL,2025-05-30,2025-05-30,M54.50,PENDING,1055.79,774.77,0.00,,2025-06-02,2026-07-15T18:00:00Z
CLM000000746,MBR0000570,PRV000066,INSTITUTIONAL,2025-03-12,2025-03-12,J45.909,APPROVED,3256.04,2853.51,2041.83,,2025-03-21,2026-07-17T05:00:00Z
CLM000000747,MBR0000413,PRV000002,INSTITUTIONAL,2026-05-31,2026-06-03,I10,APPROVED,104.97,62.48,47.12,,2026-06-03,2026-07-10T23:00:00Z
CLM000000748,MBR0000034,PRV000076,INSTITUTIONAL,2025-04-11,2025-04-13,I10,DENIED,4167.35,2593.71,0.00,CO97,2025-04-16,2026-07-10T00:00:00Z
CLM000000749,MBR0000584,PRV000063,PROFESSIONAL,2025-04-20,2025-04-22,Z00.00,DENIED,3005.81,1738.16,0.00,CO50,2025-04-25,2026-07-19T17:00:00Z
CLM000000750,MBR0000486,PRV000085,INSTITUTIONAL,2025-06-22,2025-06-25,M54.50,DENIED,1145.58,1017.95,0.00,CO97,2025-07-06,2026-07-19T10:00:00Z
CLM000000751,MBR0000168,PRV000041,INSTITUTIONAL,2025-11-12,2025-11-15,E11.9,APPROVED,4088.87,3859.06,3159.63,,2025-11-28,2026-07-16T15:00:00Z
CLM000000752,MBR0000151,PRV000089,PROFESSIONAL,2025-07-24,2025-07-25,Z00.00,APPROVED,4721.25,3340.80,2854.18,,2025-07-31,2026-07-15T01:00:00Z
CLM000000753,MBR0000624,PRV000001,INSTITUTIONAL,2025-09-26,2025-09-27,I10,APPROVED,2568.10,1996.33,1821.51,,2025-09-29,2026-07-01T22:00:00Z
CLM000000754,MBR0000275,PRV000046,PROFESSIONAL,2025-06-03,2025-06-05,Z00.00,APPROVED,847.89,806.68,695.16,,2025-06-15,2026-07-18T23:00:00Z
CLM000000755,MBR0000375,PRV000032,INSTITUTIONAL,2026-03-03,2026-03-03,E11.9,APPROVED,4664.43,3690.82,3034.46,,2026-03-22,2026-07-08T00:00:00Z
CLM000000756,MBR0000788,PRV000021,INSTITUTIONAL,2026-05-21,2026-05-23,N39.0,APPROVED,1758.53,988.45,926.44,,2026-05-22,2026-07-15T17:00:00Z
CLM000000757,MBR0000739,PRV000054,INSTITUTIONAL,2026-02-15,2026-02-17,J45.909,DENIED,1411.34,836.35,0.00,CO97,2026-03-04,2026-07-02T13:00:00Z
CLM000000758,MBR0000717,PRV000079,INSTITUTIONAL,2026-03-28,2026-03-29,E11.9,APPROVED,2443.77,2184.07,1949.20,,2026-04-02,2026-07-13T12:00:00Z
CLM000000759,MBR0000191,PRV000085,INSTITUTIONAL,2026-02-28,2026-03-01,I10,APPROVED,516.62,485.74,321.23,,2026-03-08,2026-07-20T15:00:00Z
CLM000000760,MBR0000587,PRV000044,INSTITUTIONAL,2025-10-24,2025-10-27,I10,APPROVED,3963.79,2325.37,2156.63,,2025-10-30,2026-07-08T10:00:00Z
CLM000000761,MBR0000411,PRV000007,INSTITUTIONAL,2025-07-27,2025-07-30,I10,APPROVED,5110.92,3715.74,2722.81,,2025-07-28,2026-07-12T01:00:00Z
CLM000000762,MBR0000881,PRV000028,PROFESSIONAL,2026-05-17,2026-05-18,N39.0,PENDING,2558.79,2387.80,0.00,,2026-05-29,2026-07-05T00:00:00Z
CLM000000763,MBR0000665,PRV000024,PROFESSIONAL,2025-05-25,2025-05-26,M54.50,APPROVED,275.14,209.77,175.52,,2025-06-10,2026-07-10T21:00:00Z
CLM000000764,MBR0000093,PRV000016,INSTITUTIONAL,2026-06-14,2026-06-16,N39.0,APPROVED,3333.33,2539.11,2137.44,,2026-06-21,2026-07-10T09:00:00Z
CLM000000765,MBR0000717,PRV000053,INSTITUTIONAL,2025-06-06,2025-06-06,M54.50,PENDING,155.83,92.74,0.00,,2025-06-16,2026-07-18T13:00:00Z
CLM000000766,MBR0000924,PRV000052,INSTITUTIONAL,2026-06-14,2026-06-16,E11.9,APPROVED,621.61,563.43,562.31,,2026-06-21,2026-07-01T02:00:00Z
CLM000000767,MBR0000064,PRV000048,INSTITUTIONAL,2026-02-18,2026-02-20,M54.50,APPROVED,1112.30,753.91,545.24,,2026-02-20,2026-07-13T08:00:00Z
CLM000000768,MBR0000955,PRV000068,INSTITUTIONAL,2025-05-19,2025-05-20,M54.50,APPROVED,2289.37,1764.35,1332.30,,2025-05-23,2026-07-18T07:00:00Z
CLM000000769,MBR0000704,PRV000060,INSTITUTIONAL,2026-05-11,2026-05-14,N39.0,PENDING,3459.28,3098.25,0.00,,2026-05-20,2026-07-08T00:00:00Z
CLM000000770,MBR0000806,PRV000088,INSTITUTIONAL,2026-02-14,2026-02-16,J45.909,PENDING,946.97,876.87,0.00,,2026-03-04,2026-07-05T10:00:00Z
CLM000000771,MBR0000170,PRV000057,PROFESSIONAL,2025-03-03,2025-03-05,N39.0,APPROVED,4249.36,3677.45,3303.04,,2025-03-08,2026-07-08T21:00:00Z
CLM000000772,MBR0000780,PRV000023,INSTITUTIONAL,2025-01-18,2025-01-18,Z00.00,APPROVED,1714.32,1148.05,1132.59,,2025-01-23,2026-07-20T00:00:00Z
CLM000000773,MBR0000447,PRV000073,PROFESSIONAL,2026-04-20,2026-04-20,E11.9,PENDING,1338.04,842.88,0.00,,2026-05-03,2026-07-10T07:00:00Z
CLM000000774,MBR0000743,PRV000100,PROFESSIONAL,2026-01-27,2026-01-28,E11.9,APPROVED,4977.62,3658.33,2976.43,,2026-02-13,2026-07-02T12:00:00Z
CLM000000775,MBR0000630,PRV000041,INSTITUTIONAL,2026-01-08,2026-01-08,N39.0,APPROVED,4191.09,2512.54,1752.11,,2026-01-24,2026-07-10T23:00:00Z
CLM000000776,MBR0000172,PRV000055,INSTITUTIONAL,2025-03-23,2025-03-24,E11.9,APPROVED,2871.44,1707.08,1662.87,,2025-03-31,2026-07-13T06:00:00Z
CLM000000777,MBR0000536,PRV000028,INSTITUTIONAL,2025-02-19,2025-02-19,J45.909,DENIED,4505.50,3005.56,0.00,CO97,2025-03-08,2026-07-14T01:00:00Z
CLM000000778,MBR0000764,PRV000029,PROFESSIONAL,2025-10-10,2025-10-10,J45.909,APPROVED,5409.05,3577.56,2451.69,,2025-10-28,2026-07-11T07:00:00Z
CLM000000779,MBR0000308,PRV000023,INSTITUTIONAL,2026-01-16,2026-01-16,Z00.00,APPROVED,2272.78,1393.69,1270.05,,2026-02-02,2026-07-05T04:00:00Z
CLM000000780,MBR0000205,PRV000090,INSTITUTIONAL,2025-10-12,2025-10-15,E11.9,APPROVED,3748.29,2321.24,1757.37,,2025-10-23,2026-07-17T13:00:00Z
CLM000000781,MBR0000061,PRV000074,PROFESSIONAL,2026-02-06,2026-02-09,J45.909,APPROVED,2232.67,1694.95,1180.27,,2026-02-17,2026-07-15T21:00:00Z
CLM000000782,MBR0000482,PRV000056,INSTITUTIONAL,2025-09-22,2025-09-25,Z00.00,APPROVED,114.42,67.63,56.36,,2025-10-02,2026-07-02T11:00:00Z
CLM000000783,MBR0000603,PRV000079,PROFESSIONAL,2025-03-04,2025-03-05,Z00.00,APPROVED,5060.33,3734.83,3475.58,,2025-03-22,2026-07-14T00:00:00Z
CLM000000784,MBR0000158,PRV000028,INSTITUTIONAL,2025-01-22,2025-01-22,Z00.00,APPROVED,3904.28,2588.02,1723.18,,2025-02-09,2026-07-08T00:00:00Z
CLM000000785,MBR0000215,PRV000047,PROFESSIONAL,2025-05-28,2025-05-31,I10,APPROVED,3229.63,2455.15,1852.63,,2025-06-10,2026-07-16T09:00:00Z
CLM000000786,MBR0000173,PRV000092,PROFESSIONAL,2025-10-17,2025-10-18,E11.9,APPROVED,1465.15,1113.90,1039.34,,2025-11-03,2026-07-20T04:00:00Z
CLM000000787,MBR0000471,PRV000061,PROFESSIONAL,2025-09-11,2025-09-13,E11.9,APPROVED,3087.50,2151.40,1857.48,,2025-09-25,2026-07-09T21:00:00Z
CLM000000788,MBR0000659,PRV000047,INSTITUTIONAL,2025-06-10,2025-06-13,J45.909,APPROVED,5026.04,2878.49,2038.00,,2025-06-17,2026-07-04T14:00:00Z
CLM000000789,MBR0000990,PRV000083,PROFESSIONAL,2026-04-03,2026-04-06,Z00.00,PENDING,2158.76,1514.40,0.00,,2026-04-13,2026-07-05T12:00:00Z
CLM000000790,MBR0000472,PRV000093,PROFESSIONAL,2026-02-03,2026-02-04,I10,APPROVED,1117.64,915.35,739.24,,2026-02-22,2026-07-02T01:00:00Z
CLM000000791,MBR0000811,PRV000057,PROFESSIONAL,2025-04-26,2025-04-26,M54.50,APPROVED,3236.73,2008.26,1722.43,,2025-05-11,2026-07-17T02:00:00Z
CLM000000792,MBR0000211,PRV000068,INSTITUTIONAL,2026-06-07,2026-06-10,E11.9,PENDING,4014.47,3451.22,0.00,,2026-06-26,2026-07-13T21:00:00Z
CLM000000793,MBR0000091,PRV000071,INSTITUTIONAL,2026-03-20,2026-03-20,Z00.00,APPROVED,1067.44,656.78,608.30,,2026-03-21,2026-07-16T00:00:00Z
CLM000000794,MBR0000567,PRV000078,INSTITUTIONAL,2025-11-06,2025-11-08,Z00.00,DENIED,1606.66,930.54,0.00,CO16,2025-11-14,2026-07-11T01:00:00Z
CLM000000795,MBR0000363,PRV000089,PROFESSIONAL,2025-03-31,2025-04-01,N39.0,APPROVED,168.07,97.48,71.42,,2025-04-07,2026-07-04T10:00:00Z
CLM000000796,MBR0000281,PRV000091,PROFESSIONAL,2025-09-17,2025-09-17,E11.9,APPROVED,1394.91,1086.78,1079.88,,2025-09-27,2026-07-16T01:00:00Z
CLM000000797,MBR0000617,PRV000010,INSTITUTIONAL,2026-05-23,2026-05-23,I10,APPROVED,2876.48,2349.89,2245.20,,2026-06-02,2026-07-09T11:00:00Z
CLM000000798,MBR0000877,PRV000055,PROFESSIONAL,2025-08-29,2025-08-31,M54.50,APPROVED,3964.80,3265.97,2371.99,,2025-09-14,2026-07-17T21:00:00Z
CLM000000799,MBR0000932,PRV000091,PROFESSIONAL,2026-01-31,2026-01-31,I10,APPROVED,3927.96,2665.37,2207.37,,2026-02-03,2026-07-11T17:00:00Z
CLM000000800,MBR0000564,PRV000045,PROFESSIONAL,2025-10-13,2025-10-16,I10,APPROVED,2767.83,2170.99,2016.81,,2025-10-26,2026-07-16T22:00:00Z
CLM000000801,MBR0000066,PRV000057,PROFESSIONAL,2026-06-27,2026-06-27,Z00.00,DENIED,2131.29,1376.53,0.00,CO50,2026-07-16,2026-07-18T02:00:00Z
CLM000000802,MBR0000499,PRV000058,PROFESSIONAL,2025-09-09,2025-09-12,J45.909,PENDING,227.85,147.16,0.00,,2025-09-17,2026-07-07T00:00:00Z
CLM000000803,MBR0000839,PRV000024,INSTITUTIONAL,2026-03-03,2026-03-03,Z00.00,APPROVED,3623.77,2251.22,1760.43,,2026-03-17,2026-07-14T13:00:00Z
CLM000000804,MBR0000813,PRV000017,INSTITUTIONAL,2026-02-14,2026-02-14,E11.9,PENDING,4716.46,2734.60,0.00,,2026-02-21,2026-07-15T13:00:00Z
CLM000000805,MBR0000834,PRV000052,PROFESSIONAL,2026-02-27,2026-03-01,E11.9,APPROVED,1574.66,1130.05,799.48,,2026-03-12,2026-07-12T13:00:00Z
CLM000000806,MBR0000599,PRV000097,INSTITUTIONAL,2025-06-30,2025-07-02,Z00.00,APPROVED,4777.96,2952.18,2842.27,,2025-07-06,2026-07-16T21:00:00Z
CLM000000807,MBR0000799,PRV000037,PROFESSIONAL,2025-10-12,2025-10-12,J45.909,APPROVED,4913.56,3505.64,2451.28,,2025-10-20,2026-07-08T02:00:00Z
CLM000000808,MBR0000367,PRV000012,INSTITUTIONAL,2026-03-05,2026-03-07,I10,APPROVED,1181.21,1076.13,871.98,,2026-03-06,2026-07-10T00:00:00Z
CLM000000809,MBR0000741,PRV000090,PROFESSIONAL,2025-02-24,2025-02-26,E11.9,APPROVED,6772.40,3861.69,2788.70,,2025-03-05,2026-07-08T13:00:00Z
CLM000000810,MBR0000630,PRV000086,INSTITUTIONAL,2025-05-11,2025-05-14,E11.9,APPROVED,3441.55,2540.06,1918.81,,2025-05-29,2026-07-01T04:00:00Z
CLM000000811,MBR0000414,PRV000005,INSTITUTIONAL,2026-05-07,2026-05-09,N39.0,APPROVED,1216.29,775.43,764.29,,2026-05-18,2026-07-01T21:00:00Z
CLM000000812,MBR0000263,PRV000041,INSTITUTIONAL,2026-02-05,2026-02-08,I10,PENDING,145.14,120.51,0.00,,2026-02-22,2026-07-05T04:00:00Z
CLM000000813,MBR0000181,PRV000007,PROFESSIONAL,2025-06-14,2025-06-14,E11.9,APPROVED,2491.26,1539.12,1051.93,,2025-06-23,2026-07-18T09:00:00Z
CLM000000814,MBR0000816,PRV000028,INSTITUTIONAL,2026-01-19,2026-01-21,J45.909,APPROVED,1152.78,1007.08,772.87,,2026-01-29,2026-07-06T16:00:00Z
CLM000000815,MBR0000764,PRV000007,INSTITUTIONAL,2025-06-30,2025-07-01,J45.909,APPROVED,1583.41,1023.93,893.72,,2025-07-18,2026-07-12T05:00:00Z
CLM000000816,MBR0000500,PRV000098,PROFESSIONAL,2025-05-27,2025-05-30,M54.50,APPROVED,4900.94,3843.54,2829.62,,2025-06-05,2026-07-16T11:00:00Z
CLM000000817,MBR0000445,PRV000093,INSTITUTIONAL,2025-08-09,2025-08-10,N39.0,APPROVED,4588.78,2682.68,2270.67,,2025-08-28,2026-07-18T10:00:00Z
CLM000000818,MBR0000469,PRV000083,PROFESSIONAL,2025-04-28,2025-04-30,J45.909,APPROVED,4602.67,3805.82,3202.48,,2025-05-08,2026-07-14T17:00:00Z
CLM000000819,MBR0000580,PRV000061,PROFESSIONAL,2025-10-31,2025-11-03,E11.9,APPROVED,3264.57,2480.93,2271.59,,2025-11-08,2026-07-17T02:00:00Z
CLM000000820,MBR0000486,PRV000017,PROFESSIONAL,2025-06-07,2025-06-07,J45.909,APPROVED,403.82,278.07,256.17,,2025-06-21,2026-07-16T17:00:00Z
CLM000000821,MBR0000407,PRV000024,PROFESSIONAL,2025-08-03,2025-08-06,N39.0,DENIED,3290.27,2585.87,0.00,CO50,2025-08-10,2026-07-07T19:00:00Z
CLM000000822,MBR0000113,PRV000024,INSTITUTIONAL,2025-05-03,2025-05-03,Z00.00,APPROVED,3832.83,2823.45,2123.93,,2025-05-04,2026-07-14T21:00:00Z
CLM000000823,MBR0000411,PRV000100,PROFESSIONAL,2025-10-21,2025-10-22,I10,APPROVED,2802.56,2290.20,1957.63,,2025-10-30,2026-07-07T15:00:00Z
CLM000000824,MBR0000615,PRV000028,PROFESSIONAL,2026-05-23,2026-05-26,E11.9,APPROVED,600.95,337.33,283.54,,2026-06-11,2026-07-19T21:00:00Z
CLM000000825,MBR0000988,PRV000010,PROFESSIONAL,2026-05-21,2026-05-23,Z00.00,APPROVED,1755.40,1019.70,1003.56,,2026-06-01,2026-07-10T17:00:00Z
CLM000000826,MBR0000858,PRV000076,INSTITUTIONAL,2026-03-20,2026-03-23,E11.9,APPROVED,1450.20,857.39,574.94,,2026-03-23,2026-07-16T03:00:00Z
CLM000000827,MBR0000889,PRV000001,PROFESSIONAL,2026-01-16,2026-01-18,E11.9,APPROVED,4425.43,3883.92,3616.13,,2026-02-03,2026-07-15T20:00:00Z
CLM000000828,MBR0000390,PRV000038,PROFESSIONAL,2025-04-18,2025-04-18,N39.0,APPROVED,1120.57,786.65,663.88,,2025-05-08,2026-07-04T21:00:00Z
CLM000000829,MBR0000244,PRV000011,INSTITUTIONAL,2025-07-22,2025-07-23,M54.50,APPROVED,996.86,906.38,778.48,,2025-08-09,2026-07-09T11:00:00Z
CLM000000830,MBR0000478,PRV000075,INSTITUTIONAL,2025-09-21,2025-09-24,M54.50,DENIED,3163.06,2103.96,0.00,CO97,2025-10-10,2026-07-20T07:00:00Z
CLM000000831,MBR0000463,PRV000045,PROFESSIONAL,2025-05-15,2025-05-16,M54.50,APPROVED,1327.54,868.46,717.96,,2025-05-18,2026-07-15T04:00:00Z
CLM000000832,MBR0000680,PRV000006,INSTITUTIONAL,2026-04-07,2026-04-07,I10,PENDING,1273.03,1208.01,0.00,,2026-04-20,2026-07-17T20:00:00Z
CLM000000833,MBR0000833,PRV000053,PROFESSIONAL,2025-05-08,2025-05-11,I10,APPROVED,3175.45,2186.61,1629.42,,2025-05-09,2026-07-16T13:00:00Z
CLM000000834,MBR0000014,PRV000069,PROFESSIONAL,2025-09-19,2025-09-21,Z00.00,DENIED,2849.16,1907.97,0.00,CO50,2025-09-21,2026-07-01T08:00:00Z
CLM000000835,MBR0000382,PRV000014,INSTITUTIONAL,2026-03-04,2026-03-05,J45.909,APPROVED,6652.25,3746.93,2474.46,,2026-03-19,2026-07-05T05:00:00Z
CLM000000836,MBR0000949,PRV000070,INSTITUTIONAL,2026-06-13,2026-06-15,I10,APPROVED,4354.39,3412.63,2576.66,,2026-07-03,2026-07-11T04:00:00Z
CLM000000837,MBR0000395,PRV000029,PROFESSIONAL,2025-07-13,2025-07-14,M54.50,DENIED,2957.28,2013.49,0.00,CO16,2025-07-18,2026-07-04T07:00:00Z
CLM000000838,MBR0000607,PRV000074,PROFESSIONAL,2025-08-21,2025-08-21,M54.50,APPROVED,4213.41,2805.09,2569.03,,2025-09-04,2026-07-19T20:00:00Z
CLM000000839,MBR0000247,PRV000030,PROFESSIONAL,2025-03-24,2025-03-27,J45.909,APPROVED,3514.95,3035.56,2922.60,,2025-04-07,2026-07-03T07:00:00Z
CLM000000840,MBR0000491,PRV000093,INSTITUTIONAL,2025-05-18,2025-05-20,J45.909,APPROVED,3165.86,2481.14,2144.96,,2025-06-03,2026-07-06T10:00:00Z
CLM000000841,MBR0000309,PRV000066,PROFESSIONAL,2026-06-26,2026-06-28,E11.9,APPROVED,4893.82,3077.66,2489.92,,2026-07-07,2026-07-08T12:00:00Z
CLM000000842,MBR0000167,PRV000036,PROFESSIONAL,2026-01-13,2026-01-14,N39.0,APPROVED,1742.19,1504.09,1502.38,,2026-01-24,2026-07-20T09:00:00Z
CLM000000843,MBR0000446,PRV000051,INSTITUTIONAL,2025-12-24,2025-12-25,E11.9,APPROVED,5123.84,3623.57,3116.39,,2025-12-30,2026-07-20T04:00:00Z
CLM000000844,MBR0000368,PRV000088,INSTITUTIONAL,2025-10-27,2025-10-28,M54.50,DENIED,4030.97,2379.80,0.00,CO16,2025-11-09,2026-07-08T04:00:00Z
CLM000000845,MBR0000190,PRV000020,PROFESSIONAL,2026-05-15,2026-05-16,I10,APPROVED,2258.96,1698.14,1132.76,,2026-05-23,2026-07-16T19:00:00Z
CLM000000846,MBR0000505,PRV000009,PROFESSIONAL,2025-01-20,2025-01-23,Z00.00,APPROVED,5343.22,2971.55,2555.22,,2025-01-25,2026-07-08T00:00:00Z
CLM000000847,MBR0000340,PRV000049,PROFESSIONAL,2025-09-07,2025-09-07,Z00.00,APPROVED,2275.88,1789.52,1316.68,,2025-09-19,2026-07-07T21:00:00Z
CLM000000848,MBR0000918,PRV000098,PROFESSIONAL,2025-04-28,2025-04-30,M54.50,APPROVED,452.17,309.58,263.58,,2025-05-12,2026-07-03T23:00:00Z
CLM000000849,MBR0000438,PRV000027,PROFESSIONAL,2025-07-22,2025-07-24,Z00.00,APPROVED,1187.74,1018.22,905.59,,2025-07-27,2026-07-13T20:00:00Z
CLM000000850,MBR0000792,PRV000032,PROFESSIONAL,2026-01-29,2026-01-31,M54.50,APPROVED,4580.16,3500.49,2364.94,,2026-02-15,2026-07-13T12:00:00Z
CLM000000851,MBR0000942,PRV000068,PROFESSIONAL,2026-02-08,2026-02-11,J45.909,APPROVED,244.07,208.12,155.29,,2026-02-22,2026-07-13T09:00:00Z
CLM000000852,MBR0000287,PRV000041,INSTITUTIONAL,2025-07-12,2025-07-15,J45.909,APPROVED,1603.57,917.50,676.31,,2025-07-25,2026-07-20T15:00:00Z
CLM000000853,MBR0000377,PRV000016,INSTITUTIONAL,2026-06-08,2026-06-09,Z00.00,APPROVED,1716.73,1258.50,956.73,,2026-06-21,2026-07-18T10:00:00Z
CLM000000854,MBR0000612,PRV000030,PROFESSIONAL,2025-08-07,2025-08-09,N39.0,APPROVED,4820.02,2822.02,2411.44,,2025-08-12,2026-07-03T04:00:00Z
CLM000000855,MBR0000933,PRV000045,INSTITUTIONAL,2025-02-11,2025-02-11,Z00.00,APPROVED,3684.45,2904.62,2779.80,,2025-02-13,2026-07-15T00:00:00Z
CLM000000856,MBR0000198,PRV000057,INSTITUTIONAL,2026-01-22,2026-01-24,E11.9,DENIED,4427.39,2787.46,0.00,CO50,2026-02-07,2026-07-13T23:00:00Z
CLM000000857,MBR0000005,PRV000015,PROFESSIONAL,2026-04-23,2026-04-23,E11.9,DENIED,6795.45,3954.28,0.00,CO97,2026-05-10,2026-07-10T16:00:00Z
CLM000000858,MBR0000870,PRV000058,INSTITUTIONAL,2025-06-05,2025-06-08,N39.0,APPROVED,217.85,135.73,96.13,,2025-06-08,2026-07-07T12:00:00Z
CLM000000859,MBR0000888,PRV000025,PROFESSIONAL,2026-02-01,2026-02-03,E11.9,APPROVED,1801.19,1079.43,1029.25,,2026-02-02,2026-07-03T03:00:00Z
CLM000000860,MBR0000262,PRV000082,INSTITUTIONAL,2026-04-22,2026-04-25,M54.50,APPROVED,494.13,287.25,211.04,,2026-05-03,2026-07-03T21:00:00Z
CLM000000861,MBR0000361,PRV000065,INSTITUTIONAL,2026-05-10,2026-05-12,M54.50,APPROVED,1039.97,824.47,539.37,,2026-05-14,2026-07-16T14:00:00Z
CLM000000862,MBR0000110,PRV000047,INSTITUTIONAL,2025-01-18,2025-01-18,E11.9,APPROVED,5484.87,3714.62,3453.08,,2025-02-03,2026-07-13T14:00:00Z
CLM000000863,MBR0000993,PRV000069,PROFESSIONAL,2025-11-30,2025-12-02,M54.50,APPROVED,1979.08,1527.82,1337.25,,2025-12-05,2026-07-18T11:00:00Z
CLM000000864,MBR0000573,PRV000006,INSTITUTIONAL,2026-04-23,2026-04-26,Z00.00,APPROVED,3872.89,2739.62,2037.43,,2026-04-30,2026-07-01T06:00:00Z
CLM000000865,MBR0000325,PRV000009,PROFESSIONAL,2025-06-16,2025-06-18,J45.909,APPROVED,4455.48,3252.53,2301.53,,2025-06-24,2026-07-01T17:00:00Z
CLM000000866,MBR0000467,PRV000096,INSTITUTIONAL,2026-03-04,2026-03-05,N39.0,APPROVED,836.53,523.04,393.52,,2026-03-21,2026-07-13T06:00:00Z
CLM000000867,MBR0000303,PRV000087,PROFESSIONAL,2025-09-06,2025-09-08,N39.0,DENIED,3054.68,1978.44,0.00,CO97,2025-09-21,2026-07-16T03:00:00Z
CLM000000868,MBR0000789,PRV000059,INSTITUTIONAL,2025-05-10,2025-05-11,I10,APPROVED,1538.64,1215.66,1097.98,,2025-05-19,2026-07-01T00:00:00Z
CLM000000869,MBR0000858,PRV000012,PROFESSIONAL,2026-04-14,2026-04-17,E11.9,APPROVED,4032.53,3051.75,2649.89,,2026-04-24,2026-07-16T21:00:00Z
CLM000000870,MBR0000930,PRV000043,PROFESSIONAL,2026-05-23,2026-05-26,E11.9,APPROVED,3210.93,2992.35,2017.55,,2026-05-25,2026-07-05T12:00:00Z
CLM000000871,MBR0000504,PRV000012,PROFESSIONAL,2025-12-21,2025-12-23,M54.50,APPROVED,580.62,471.34,384.24,,2026-01-07,2026-07-14T20:00:00Z
CLM000000872,MBR0000374,PRV000019,PROFESSIONAL,2025-01-16,2025-01-19,N39.0,APPROVED,695.36,606.56,464.97,,2025-01-17,2026-07-02T01:00:00Z
CLM000000873,MBR0000899,PRV000015,PROFESSIONAL,2025-05-16,2025-05-17,J45.909,APPROVED,6584.61,3819.49,2558.89,,2025-05-23,2026-07-13T19:00:00Z
CLM000000874,MBR0000875,PRV000069,INSTITUTIONAL,2026-05-16,2026-05-18,E11.9,APPROVED,951.47,731.15,717.93,,2026-06-05,2026-07-06T19:00:00Z
CLM000000875,MBR0000808,PRV000011,PROFESSIONAL,2026-02-07,2026-02-09,Z00.00,APPROVED,5033.75,3940.85,3153.39,,2026-02-22,2026-07-09T14:00:00Z
CLM000000876,MBR0000799,PRV000095,PROFESSIONAL,2025-10-23,2025-10-26,Z00.00,APPROVED,111.50,78.09,64.35,,2025-10-28,2026-07-04T17:00:00Z
CLM000000877,MBR0000491,PRV000089,PROFESSIONAL,2026-03-22,2026-03-23,M54.50,APPROVED,3592.24,2058.44,1964.59,,2026-04-05,2026-07-18T16:00:00Z
CLM000000878,MBR0000528,PRV000089,INSTITUTIONAL,2025-01-19,2025-01-19,M54.50,APPROVED,159.98,89.27,64.11,,2025-01-30,2026-07-06T05:00:00Z
CLM000000879,MBR0000156,PRV000056,INSTITUTIONAL,2025-08-04,2025-08-06,E11.9,DENIED,5699.89,3899.27,0.00,CO16,2025-08-22,2026-07-12T23:00:00Z
CLM000000880,MBR0000072,PRV000018,INSTITUTIONAL,2025-07-05,2025-07-05,N39.0,APPROVED,3946.91,3475.58,2372.03,,2025-07-15,2026-07-17T13:00:00Z
CLM000000881,MBR0000971,PRV000058,PROFESSIONAL,2025-02-12,2025-02-12,I10,APPROVED,2130.30,1427.59,952.81,,2025-02-13,2026-07-04T03:00:00Z
CLM000000882,MBR0000186,PRV000021,PROFESSIONAL,2025-11-10,2025-11-10,M54.50,APPROVED,4011.28,3410.63,2468.57,,2025-11-12,2026-07-01T15:00:00Z
CLM000000883,MBR0000651,PRV000037,PROFESSIONAL,2026-06-05,2026-06-07,J45.909,APPROVED,3764.88,2802.77,2689.10,,2026-06-25,2026-07-12T13:00:00Z
CLM000000884,MBR0000999,PRV000069,PROFESSIONAL,2025-04-28,2025-04-30,Z00.00,DENIED,1731.94,1444.82,0.00,CO50,2025-05-16,2026-07-08T21:00:00Z
CLM000000885,MBR0000531,PRV000041,INSTITUTIONAL,2025-10-27,2025-10-30,J45.909,DENIED,945.55,655.09,0.00,CO16,2025-11-13,2026-07-20T09:00:00Z
CLM000000886,MBR0000250,PRV000094,PROFESSIONAL,2025-04-16,2025-04-18,E11.9,APPROVED,6469.05,3987.41,3801.13,,2025-04-26,2026-07-11T01:00:00Z
CLM000000887,MBR0000469,PRV000026,PROFESSIONAL,2025-09-16,2025-09-16,N39.0,PENDING,1016.98,726.11,0.00,,2025-09-24,2026-07-16T04:00:00Z
CLM000000888,MBR0000360,PRV000015,PROFESSIONAL,2025-07-03,2025-07-05,J45.909,APPROVED,210.36,197.08,176.19,,2025-07-09,2026-07-18T03:00:00Z
CLM000000889,MBR0000880,PRV000098,PROFESSIONAL,2025-07-27,2025-07-27,I10,APPROVED,969.76,788.90,712.94,,2025-08-08,2026-07-19T00:00:00Z
CLM000000890,MBR0000826,PRV000086,PROFESSIONAL,2025-07-13,2025-07-14,Z00.00,APPROVED,767.78,484.04,376.20,,2025-07-25,2026-07-12T09:00:00Z
CLM000000891,MBR0000226,PRV000089,INSTITUTIONAL,2025-03-23,2025-03-24,M54.50,DENIED,3340.79,2807.72,0.00,CO16,2025-04-06,2026-07-15T06:00:00Z
CLM000000892,MBR0000384,PRV000055,INSTITUTIONAL,2026-01-11,2026-01-11,Z00.00,APPROVED,3797.77,3054.95,2094.25,,2026-01-15,2026-07-17T20:00:00Z
CLM000000893,MBR0000021,PRV000031,PROFESSIONAL,2025-07-21,2025-07-23,J45.909,APPROVED,4084.24,3801.54,3128.38,,2025-08-01,2026-07-20T18:00:00Z
CLM000000894,MBR0000674,PRV000038,INSTITUTIONAL,2026-01-26,2026-01-28,J45.909,APPROVED,294.11,271.16,253.69,,2026-01-31,2026-07-18T05:00:00Z
CLM000000895,MBR0000605,PRV000004,PROFESSIONAL,2025-09-11,2025-09-13,I10,APPROVED,3485.71,2531.55,1720.89,,2025-10-01,2026-07-12T07:00:00Z
CLM000000896,MBR0000017,PRV000053,INSTITUTIONAL,2026-01-31,2026-02-01,M54.50,APPROVED,4746.19,2747.53,2433.22,,2026-02-11,2026-07-03T14:00:00Z
CLM000000897,MBR0000840,PRV000080,PROFESSIONAL,2026-01-22,2026-01-24,M54.50,APPROVED,806.74,664.87,489.45,,2026-02-06,2026-07-14T15:00:00Z
CLM000000898,MBR0000885,PRV000026,PROFESSIONAL,2026-05-04,2026-05-04,I10,APPROVED,1714.90,1050.74,686.79,,2026-05-17,2026-07-17T07:00:00Z
CLM000000899,MBR0000665,PRV000100,PROFESSIONAL,2026-05-13,2026-05-15,M54.50,APPROVED,1753.69,1121.55,1011.18,,2026-05-28,2026-07-12T09:00:00Z
CLM000000900,MBR0000385,PRV000008,PROFESSIONAL,2026-03-20,2026-03-21,J45.909,APPROVED,3627.54,2202.42,1433.83,,2026-03-26,2026-07-02T17:00:00Z
CLM000000901,MBR0000756,PRV000049,INSTITUTIONAL,2026-06-18,2026-06-21,M54.50,APPROVED,2242.57,1887.46,1693.52,,2026-06-20,2026-07-01T11:00:00Z
CLM000000902,MBR0000445,PRV000031,PROFESSIONAL,2025-09-28,2025-09-30,E11.9,DENIED,2681.33,2262.29,0.00,CO50,2025-09-29,2026-07-17T11:00:00Z
CLM000000903,MBR0000266,PRV000047,INSTITUTIONAL,2025-04-26,2025-04-29,E11.9,APPROVED,3659.74,2439.78,1923.52,,2025-05-11,2026-07-14T15:00:00Z
CLM000000904,MBR0000599,PRV000046,INSTITUTIONAL,2025-05-16,2025-05-19,Z00.00,APPROVED,566.25,466.41,428.03,,2025-05-17,2026-07-12T11:00:00Z
CLM000000905,MBR0000672,PRV000092,INSTITUTIONAL,2025-09-08,2025-09-10,M54.50,PENDING,4600.93,2683.84,0.00,,2025-09-14,2026-07-16T13:00:00Z
CLM000000906,MBR0000825,PRV000059,PROFESSIONAL,2025-04-30,2025-05-02,I10,APPROVED,3975.76,3126.48,2222.74,,2025-05-08,2026-07-04T19:00:00Z
CLM000000907,MBR0000579,PRV000050,PROFESSIONAL,2025-01-24,2025-01-27,Z00.00,DENIED,5309.10,3613.97,0.00,CO16,2025-01-25,2026-07-01T08:00:00Z
CLM000000908,MBR0000660,PRV000022,INSTITUTIONAL,2025-02-21,2025-02-21,E11.9,APPROVED,6478.85,3743.09,3216.84,,2025-02-23,2026-07-13T23:00:00Z
CLM000000909,MBR0000550,PRV000015,PROFESSIONAL,2025-03-30,2025-04-02,J45.909,APPROVED,4361.62,2799.75,2746.83,,2025-04-16,2026-07-20T23:00:00Z
CLM000000910,MBR0000756,PRV000013,PROFESSIONAL,2026-03-18,2026-03-21,E11.9,DENIED,5648.92,3979.83,0.00,CO97,2026-03-29,2026-07-14T07:00:00Z
CLM000000911,MBR0000888,PRV000097,PROFESSIONAL,2025-05-02,2025-05-05,Z00.00,APPROVED,649.04,453.77,391.64,,2025-05-05,2026-07-19T06:00:00Z
CLM000000912,MBR0000194,PRV000088,PROFESSIONAL,2026-01-06,2026-01-09,E11.9,APPROVED,825.06,499.51,496.65,,2026-01-14,2026-07-03T15:00:00Z
CLM000000913,MBR0000529,PRV000100,PROFESSIONAL,2025-07-25,2025-07-25,I10,APPROVED,2874.16,2036.43,1623.82,,2025-08-03,2026-07-07T19:00:00Z
CLM000000914,MBR0000889,PRV000054,PROFESSIONAL,2025-12-29,2025-12-30,M54.50,APPROVED,6007.63,3622.71,3246.40,,2026-01-02,2026-07-18T12:00:00Z
CLM000000915,MBR0000240,PRV000013,PROFESSIONAL,2025-08-13,2025-08-16,Z00.00,APPROVED,2140.91,1585.91,1365.61,,2025-08-24,2026-07-20T01:00:00Z
CLM000000916,MBR0000667,PRV000098,PROFESSIONAL,2026-03-27,2026-03-28,Z00.00,APPROVED,2385.28,1700.31,1144.80,,2026-04-10,2026-07-15T00:00:00Z
CLM000000917,MBR0000175,PRV000095,PROFESSIONAL,2025-09-27,2025-09-27,M54.50,APPROVED,648.55,417.00,399.42,,2025-10-05,2026-07-06T23:00:00Z
CLM000000918,MBR0000810,PRV000040,INSTITUTIONAL,2025-09-06,2025-09-07,N39.0,APPROVED,1979.89,1106.74,1095.90,,2025-09-07,2026-07-06T22:00:00Z
CLM000000919,MBR0000685,PRV000095,INSTITUTIONAL,2025-01-19,2025-01-19,Z00.00,APPROVED,2856.41,1729.03,1327.42,,2025-01-29,2026-07-04T09:00:00Z
CLM000000920,MBR0000859,PRV000042,PROFESSIONAL,2026-03-27,2026-03-30,E11.9,APPROVED,4266.66,2751.71,2278.42,,2026-03-30,2026-07-01T20:00:00Z
CLM000000921,MBR0000650,PRV000023,INSTITUTIONAL,2025-10-26,2025-10-27,I10,APPROVED,2872.82,1944.53,1558.49,,2025-11-03,2026-07-08T17:00:00Z
CLM000000922,MBR0000690,PRV000023,INSTITUTIONAL,2025-01-22,2025-01-23,I10,APPROVED,3716.88,2990.21,2143.86,,2025-02-07,2026-07-12T03:00:00Z
CLM000000923,MBR0000967,PRV000080,PROFESSIONAL,2026-02-14,2026-02-16,E11.9,APPROVED,3319.42,2237.99,1806.99,,2026-02-26,2026-07-06T17:00:00Z
CLM000000924,MBR0000265,PRV000059,INSTITUTIONAL,2026-02-23,2026-02-25,I10,APPROVED,4709.18,3219.16,2097.56,,2026-03-10,2026-07-07T08:00:00Z
CLM000000925,MBR0000110,PRV000059,INSTITUTIONAL,2026-06-08,2026-06-08,E11.9,DENIED,5887.18,3494.48,0.00,CO97,2026-06-23,2026-07-03T02:00:00Z
CLM000000926,MBR0000334,PRV000001,PROFESSIONAL,2025-07-19,2025-07-19,M54.50,APPROVED,493.44,347.85,277.53,,2025-07-29,2026-07-09T18:00:00Z
CLM000000927,MBR0000344,PRV000053,INSTITUTIONAL,2025-05-08,2025-05-10,J45.909,APPROVED,3722.97,3433.93,3371.90,,2025-05-17,2026-07-06T17:00:00Z
CLM000000928,MBR0000883,PRV000088,INSTITUTIONAL,2025-10-27,2025-10-30,N39.0,DENIED,2566.70,2176.42,0.00,CO50,2025-11-06,2026-07-17T02:00:00Z
CLM000000929,MBR0000789,PRV000011,PROFESSIONAL,2026-02-06,2026-02-07,E11.9,APPROVED,2886.16,1782.33,1533.48,,2026-02-23,2026-07-12T04:00:00Z
CLM000000930,MBR0000289,PRV000028,PROFESSIONAL,2025-10-09,2025-10-10,E11.9,APPROVED,2380.93,1638.73,1281.70,,2025-10-14,2026-07-07T07:00:00Z
CLM000000931,MBR0000888,PRV000046,PROFESSIONAL,2025-03-15,2025-03-18,I10,APPROVED,3287.10,1870.43,1657.80,,2025-03-30,2026-07-18T10:00:00Z
CLM000000932,MBR0000602,PRV000046,PROFESSIONAL,2025-12-18,2025-12-19,M54.50,APPROVED,2428.19,1809.42,1336.82,,2026-01-01,2026-07-18T15:00:00Z
CLM000000933,MBR0000078,PRV000041,PROFESSIONAL,2025-03-05,2025-03-05,N39.0,APPROVED,4886.37,3076.63,2223.75,,2025-03-24,2026-07-09T23:00:00Z
CLM000000934,MBR0000270,PRV000044,INSTITUTIONAL,2025-10-23,2025-10-26,J45.909,PENDING,2620.46,2122.69,0.00,,2025-10-29,2026-07-07T21:00:00Z
CLM000000935,MBR0000267,PRV000060,PROFESSIONAL,2026-06-01,2026-06-02,J45.909,APPROVED,5103.77,3428.37,2322.85,,2026-06-13,2026-07-14T02:00:00Z
CLM000000936,MBR0000221,PRV000096,INSTITUTIONAL,2025-03-29,2025-03-31,M54.50,APPROVED,4381.06,3159.78,2525.41,,2025-04-01,2026-07-17T20:00:00Z
CLM000000937,MBR0000352,PRV000077,PROFESSIONAL,2025-06-12,2025-06-13,N39.0,APPROVED,136.26,111.35,75.02,,2025-06-18,2026-07-19T22:00:00Z
CLM000000938,MBR0000248,PRV000080,INSTITUTIONAL,2025-04-24,2025-04-24,I10,APPROVED,1256.31,736.08,543.73,,2025-05-12,2026-07-13T12:00:00Z
CLM000000939,MBR0000268,PRV000059,PROFESSIONAL,2025-08-28,2025-08-29,J45.909,DENIED,5212.42,3465.06,0.00,CO50,2025-09-01,2026-07-01T23:00:00Z
CLM000000940,MBR0000310,PRV000013,PROFESSIONAL,2025-12-04,2025-12-04,I10,APPROVED,528.75,401.63,312.57,,2025-12-16,2026-07-07T08:00:00Z
CLM000000941,MBR0000898,PRV000080,PROFESSIONAL,2026-05-02,2026-05-03,Z00.00,APPROVED,5788.59,3243.99,2910.05,,2026-05-13,2026-07-12T16:00:00Z
CLM000000942,MBR0000226,PRV000040,PROFESSIONAL,2026-03-29,2026-03-30,Z00.00,APPROVED,2429.69,2211.28,1469.10,,2026-04-07,2026-07-13T06:00:00Z
CLM000000943,MBR0000754,PRV000014,PROFESSIONAL,2026-01-04,2026-01-06,E11.9,APPROVED,529.55,295.41,240.84,,2026-01-14,2026-07-13T02:00:00Z
CLM000000944,MBR0000061,PRV000040,PROFESSIONAL,2025-08-31,2025-08-31,Z00.00,APPROVED,154.05,85.59,58.27,,2025-09-14,2026-07-12T19:00:00Z
CLM000000945,MBR0000606,PRV000013,INSTITUTIONAL,2026-02-06,2026-02-08,I10,APPROVED,1804.08,1653.14,1598.08,,2026-02-16,2026-07-03T19:00:00Z
CLM000000946,MBR0000145,PRV000054,INSTITUTIONAL,2025-01-31,2025-02-02,N39.0,APPROVED,5005.70,3703.59,2515.85,,2025-02-13,2026-07-20T18:00:00Z
CLM000000947,MBR0000133,PRV000098,PROFESSIONAL,2026-02-15,2026-02-16,E11.9,APPROVED,2414.35,2225.27,1994.31,,2026-03-02,2026-07-09T17:00:00Z
CLM000000948,MBR0000343,PRV000024,PROFESSIONAL,2026-05-16,2026-05-17,N39.0,PENDING,2385.58,1354.83,0.00,,2026-05-29,2026-07-01T12:00:00Z
CLM000000949,MBR0000014,PRV000054,INSTITUTIONAL,2025-06-28,2025-07-01,M54.50,DENIED,5329.31,3395.67,0.00,CO97,2025-07-09,2026-07-02T22:00:00Z
CLM000000950,MBR0000226,PRV000066,INSTITUTIONAL,2025-02-12,2025-02-15,J45.909,DENIED,2936.17,2144.48,0.00,CO97,2025-03-04,2026-07-08T02:00:00Z
CLM000000951,MBR0000024,PRV000012,INSTITUTIONAL,2026-03-22,2026-03-22,J45.909,DENIED,4525.95,3206.49,0.00,CO97,2026-03-31,2026-07-15T02:00:00Z
CLM000000952,MBR0000252,PRV000072,PROFESSIONAL,2026-01-09,2026-01-11,M54.50,APPROVED,6303.87,3805.17,2883.61,,2026-01-11,2026-07-12T07:00:00Z
CLM000000953,MBR0000748,PRV000051,INSTITUTIONAL,2025-02-10,2025-02-13,J45.909,APPROVED,101.39,75.95,72.35,,2025-02-15,2026-07-19T05:00:00Z
CLM000000954,MBR0000549,PRV000094,INSTITUTIONAL,2025-08-29,2025-09-01,N39.0,DENIED,3895.18,2740.37,0.00,CO16,2025-09-18,2026-07-13T08:00:00Z
CLM000000955,MBR0000151,PRV000011,INSTITUTIONAL,2025-11-06,2025-11-08,N39.0,APPROVED,2392.74,1458.57,1426.73,,2025-11-17,2026-07-20T20:00:00Z
CLM000000956,MBR0000396,PRV000088,PROFESSIONAL,2026-01-21,2026-01-24,M54.50,APPROVED,2162.47,1739.89,1204.19,,2026-01-29,2026-07-09T19:00:00Z
CLM000000957,MBR0000958,PRV000093,INSTITUTIONAL,2026-06-22,2026-06-23,E11.9,APPROVED,6131.83,3657.95,3600.87,,2026-07-05,2026-07-07T01:00:00Z
CLM000000958,MBR0000537,PRV000036,INSTITUTIONAL,2025-11-22,2025-11-25,Z00.00,APPROVED,1360.99,1252.50,887.51,,2025-12-09,2026-07-09T13:00:00Z
CLM000000959,MBR0000814,PRV000068,INSTITUTIONAL,2025-05-18,2025-05-20,J45.909,APPROVED,2042.16,1627.97,1117.62,,2025-05-19,2026-07-12T07:00:00Z
CLM000000960,MBR0000588,PRV000009,INSTITUTIONAL,2026-03-13,2026-03-16,M54.50,APPROVED,3874.43,2415.23,2018.53,,2026-03-18,2026-07-17T11:00:00Z
CLM000000961,MBR0000143,PRV000012,INSTITUTIONAL,2026-01-19,2026-01-22,M54.50,APPROVED,2407.87,1572.73,1142.02,,2026-01-28,2026-07-10T23:00:00Z
CLM000000962,MBR0000071,PRV000020,PROFESSIONAL,2025-09-20,2025-09-22,I10,APPROVED,1907.38,1227.29,1057.19,,2025-10-04,2026-07-09T19:00:00Z
CLM000000963,MBR0000020,PRV000047,PROFESSIONAL,2025-08-01,2025-08-03,I10,APPROVED,2223.07,1243.33,1090.43,,2025-08-15,2026-07-18T15:00:00Z
CLM000000964,MBR0000886,PRV000015,PROFESSIONAL,2025-07-11,2025-07-11,E11.9,APPROVED,1002.44,877.56,713.73,,2025-07-22,2026-07-09T14:00:00Z
CLM000000965,MBR0000107,PRV000029,INSTITUTIONAL,2025-07-15,2025-07-17,E11.9,PENDING,1498.87,1114.29,0.00,,2025-07-26,2026-07-12T14:00:00Z
CLM000000966,MBR0000376,PRV000048,INSTITUTIONAL,2025-07-08,2025-07-11,N39.0,DENIED,3342.65,2230.88,0.00,CO50,2025-07-20,2026-07-17T03:00:00Z
CLM000000967,MBR0000002,PRV000039,INSTITUTIONAL,2026-06-12,2026-06-12,J45.909,APPROVED,3009.24,1884.13,1756.77,,2026-06-28,2026-07-19T15:00:00Z
CLM000000968,MBR0000785,PRV000052,INSTITUTIONAL,2026-05-24,2026-05-24,E11.9,APPROVED,587.58,530.13,457.49,,2026-06-05,2026-07-20T21:00:00Z
CLM000000969,MBR0000810,PRV000083,PROFESSIONAL,2025-09-27,2025-09-29,J45.909,APPROVED,3615.35,2317.64,1857.28,,2025-10-10,2026-07-05T03:00:00Z
CLM000000970,MBR0000540,PRV000077,PROFESSIONAL,2025-05-09,2025-05-11,E11.9,APPROVED,399.19,224.86,156.24,,2025-05-17,2026-07-12T03:00:00Z
CLM000000971,MBR0000233,PRV000056,INSTITUTIONAL,2025-05-12,2025-05-15,N39.0,DENIED,5556.19,3410.97,0.00,CO97,2025-05-26,2026-07-15T02:00:00Z
CLM000000972,MBR0000575,PRV000020,INSTITUTIONAL,2025-05-27,2025-05-28,N39.0,APPROVED,4499.61,3305.35,3275.63,,2025-06-12,2026-07-19T08:00:00Z
CLM000000973,MBR0000888,PRV000021,PROFESSIONAL,2025-06-09,2025-06-11,Z00.00,APPROVED,631.50,371.72,305.27,,2025-06-22,2026-07-11T14:00:00Z
CLM000000974,MBR0000534,PRV000013,PROFESSIONAL,2025-07-15,2025-07-17,I10,APPROVED,418.21,382.47,308.86,,2025-08-02,2026-07-18T03:00:00Z
CLM000000975,MBR0000029,PRV000010,INSTITUTIONAL,2025-10-06,2025-10-06,E11.9,APPROVED,3018.11,2662.72,1957.17,,2025-10-21,2026-07-06T17:00:00Z
CLM000000976,MBR0000480,PRV000062,INSTITUTIONAL,2026-05-14,2026-05-17,E11.9,APPROVED,5231.08,2941.30,2346.06,,2026-05-22,2026-07-15T12:00:00Z
CLM000000977,MBR0000427,PRV000024,INSTITUTIONAL,2026-03-26,2026-03-26,N39.0,APPROVED,2573.29,2018.50,1697.48,,2026-04-12,2026-07-13T18:00:00Z
CLM000000978,MBR0000630,PRV000055,PROFESSIONAL,2025-03-09,2025-03-11,N39.0,APPROVED,2119.88,1225.61,832.39,,2025-03-17,2026-07-20T21:00:00Z
CLM000000979,MBR0000834,PRV000085,PROFESSIONAL,2026-03-05,2026-03-05,N39.0,APPROVED,4810.70,2833.94,2519.19,,2026-03-23,2026-07-19T03:00:00Z
CLM000000980,MBR0000984,PRV000043,PROFESSIONAL,2025-10-21,2025-10-23,I10,APPROVED,418.75,309.92,299.22,,2025-10-22,2026-07-05T05:00:00Z
CLM000000981,MBR0000238,PRV000026,PROFESSIONAL,2025-06-19,2025-06-19,E11.9,APPROVED,2985.53,2201.41,2068.54,,2025-07-04,2026-07-08T10:00:00Z
CLM000000982,MBR0000027,PRV000021,PROFESSIONAL,2026-04-08,2026-04-09,Z00.00,DENIED,1539.71,1248.34,0.00,CO16,2026-04-27,2026-07-11T11:00:00Z
CLM000000983,MBR0000513,PRV000058,INSTITUTIONAL,2026-05-03,2026-05-03,J45.909,APPROVED,4006.85,3577.81,2487.83,,2026-05-16,2026-07-09T17:00:00Z
CLM000000984,MBR0000775,PRV000072,INSTITUTIONAL,2025-03-23,2025-03-23,E11.9,APPROVED,4111.63,3066.48,2492.05,,2025-03-31,2026-07-10T10:00:00Z
CLM000000985,MBR0000849,PRV000093,INSTITUTIONAL,2025-03-25,2025-03-27,E11.9,APPROVED,2228.50,1363.32,1124.68,,2025-04-04,2026-07-18T08:00:00Z
CLM000000986,MBR0000496,PRV000007,INSTITUTIONAL,2025-03-22,2025-03-24,M54.50,DENIED,3258.50,2395.66,0.00,CO16,2025-03-26,2026-07-04T01:00:00Z
CLM000000987,MBR0000350,PRV000060,INSTITUTIONAL,2026-01-28,2026-01-29,J45.909,APPROVED,2958.93,2068.92,1454.65,,2026-02-06,2026-07-01T06:00:00Z
CLM000000988,MBR0000640,PRV000099,INSTITUTIONAL,2025-04-03,2025-04-05,M54.50,DENIED,3823.24,3537.87,0.00,CO97,2025-04-10,2026-07-19T18:00:00Z
CLM000000989,MBR0000687,PRV000011,PROFESSIONAL,2026-05-05,2026-05-06,Z00.00,APPROVED,5673.42,3787.82,3772.38,,2026-05-11,2026-07-06T21:00:00Z
CLM000000990,MBR0000807,PRV000019,INSTITUTIONAL,2025-11-22,2025-11-24,M54.50,DENIED,2650.63,2484.38,0.00,CO50,2025-11-23,2026-07-13T18:00:00Z
CLM000000991,MBR0000140,PRV000065,INSTITUTIONAL,2025-07-14,2025-07-16,J45.909,APPROVED,1453.87,1003.85,669.56,,2025-08-01,2026-07-11T09:00:00Z
CLM000000992,MBR0000254,PRV000057,INSTITUTIONAL,2025-05-06,2025-05-06,M54.50,APPROVED,4478.87,3051.32,2124.34,,2025-05-20,2026-07-18T16:00:00Z
CLM000000993,MBR0000924,PRV000012,PROFESSIONAL,2025-08-01,2025-08-02,Z00.00,PENDING,3748.69,2260.52,0.00,,2025-08-20,2026-07-17T15:00:00Z
CLM000000994,MBR0000821,PRV000021,PROFESSIONAL,2025-08-17,2025-08-20,N39.0,APPROVED,3394.77,2289.00,1626.99,,2025-08-27,2026-07-10T03:00:00Z
CLM000000995,MBR0000540,PRV000063,PROFESSIONAL,2025-08-15,2025-08-16,N39.0,APPROVED,2182.71,1383.67,1354.13,,2025-08-16,2026-07-03T23:00:00Z
CLM000000996,MBR0000890,PRV000035,INSTITUTIONAL,2025-05-11,2025-05-11,E11.9,DENIED,2220.54,1686.53,0.00,CO50,2025-05-30,2026-07-15T08:00:00Z
CLM000000997,MBR0000753,PRV000070,INSTITUTIONAL,2025-12-19,2025-12-20,I10,APPROVED,1319.98,842.58,657.52,,2025-12-26,2026-07-13T17:00:00Z
CLM000000998,MBR0000760,PRV000085,PROFESSIONAL,2025-07-15,2025-07-15,J45.909,APPROVED,2191.51,2023.16,1764.18,,2025-07-19,2026-07-19T13:00:00Z
CLM000000999,MBR0000244,PRV000030,INSTITUTIONAL,2026-01-29,2026-01-30,M54.50,APPROVED,5777.03,3879.50,2526.77,,2026-02-15,2026-07-06T18:00:00Z
CLM000001000,MBR0000662,PRV000057,INSTITUTIONAL,2026-04-06,2026-04-08,M54.50,APPROVED,1483.88,1161.98,763.18,,2026-04-10,2026-07-10T05:00:00Z
CLM000001001,MBR0000948,PRV000070,INSTITUTIONAL,2025-10-30,2025-11-02,I10,APPROVED,4513.09,2786.21,2447.96,,2025-11-13,2026-07-15T15:00:00Z
CLM000001002,MBR0000638,PRV000060,INSTITUTIONAL,2025-01-15,2025-01-18,E11.9,APPROVED,2611.99,2004.34,1911.04,,2025-01-28,2026-07-10T07:00:00Z
CLM000001003,MBR0000642,PRV000004,INSTITUTIONAL,2026-05-10,2026-05-13,I10,APPROVED,3225.19,2289.95,1541.22,,2026-05-15,2026-07-10T05:00:00Z
CLM000001004,MBR0000610,PRV000098,PROFESSIONAL,2026-04-05,2026-04-05,N39.0,APPROVED,3746.54,2884.03,2712.62,,2026-04-20,2026-07-08T03:00:00Z
CLM000001005,MBR0000650,PRV000009,PROFESSIONAL,2025-01-12,2025-01-13,J45.909,DENIED,1653.83,1096.62,0.00,CO97,2025-01-21,2026-07-15T09:00:00Z
CLM000001006,MBR0000493,PRV000062,PROFESSIONAL,2026-04-07,2026-04-08,M54.50,APPROVED,6397.66,3932.52,3375.26,,2026-04-13,2026-07-10T14:00:00Z
CLM000001007,MBR0000070,PRV000083,INSTITUTIONAL,2025-08-15,2025-08-17,J45.909,APPROVED,1908.18,1235.87,1014.79,,2025-08-17,2026-07-10T05:00:00Z
CLM000001008,MBR0000231,PRV000080,PROFESSIONAL,2025-12-11,2025-12-13,J45.909,APPROVED,2120.17,1254.35,1067.58,,2025-12-30,2026-07-06T22:00:00Z
CLM000001009,MBR0000957,PRV000062,PROFESSIONAL,2025-11-04,2025-11-04,I10,APPROVED,2042.44,1141.46,1100.77,,2025-11-18,2026-07-10T03:00:00Z
CLM000001010,MBR0000732,PRV000059,PROFESSIONAL,2026-01-20,2026-01-23,E11.9,APPROVED,300.21,262.39,174.67,,2026-01-25,2026-07-11T03:00:00Z
CLM000001011,MBR0000824,PRV000076,PROFESSIONAL,2025-09-30,2025-10-02,J45.909,APPROVED,3433.22,2552.67,1903.49,,2025-10-03,2026-07-03T18:00:00Z
CLM000001012,MBR0000358,PRV000092,PROFESSIONAL,2025-11-14,2025-11-17,E11.9,APPROVED,3807.48,2929.09,2889.11,,2025-11-30,2026-07-11T11:00:00Z
CLM000001013,MBR0000763,PRV000053,INSTITUTIONAL,2026-02-13,2026-02-16,I10,APPROVED,4360.80,3388.46,2996.64,,2026-02-14,2026-07-01T14:00:00Z
CLM000001014,MBR0000668,PRV000054,PROFESSIONAL,2025-03-31,2025-04-03,E11.9,APPROVED,3237.93,1866.59,1337.31,,2025-04-17,2026-07-02T23:00:00Z
CLM000001015,MBR0000609,PRV000027,INSTITUTIONAL,2026-05-22,2026-05-22,M54.50,PENDING,2028.23,1156.54,0.00,,2026-06-09,2026-07-17T03:00:00Z
CLM000001016,MBR0000643,PRV000005,PROFESSIONAL,2025-06-05,2025-06-08,M54.50,APPROVED,1615.01,1366.25,1154.32,,2025-06-07,2026-07-01T15:00:00Z
CLM000001017,MBR0000159,PRV000081,INSTITUTIONAL,2025-12-15,2025-12-16,N39.0,APPROVED,2958.47,1856.79,1390.65,,2025-12-16,2026-07-18T07:00:00Z
CLM000001018,MBR0000562,PRV000027,INSTITUTIONAL,2025-05-05,2025-05-05,M54.50,APPROVED,2494.99,1870.04,1469.17,,2025-05-22,2026-07-14T14:00:00Z
CLM000001019,MBR0000623,PRV000047,PROFESSIONAL,2025-05-15,2025-05-15,N39.0,APPROVED,1333.08,864.59,842.24,,2025-05-22,2026-07-19T04:00:00Z
CLM000001020,MBR0000790,PRV000061,PROFESSIONAL,2025-02-27,2025-03-02,M54.50,APPROVED,3055.73,1951.75,1731.11,,2025-03-15,2026-07-04T18:00:00Z
CLM000001021,MBR0000148,PRV000034,INSTITUTIONAL,2026-05-03,2026-05-05,E11.9,APPROVED,914.99,592.75,555.01,,2026-05-14,2026-07-10T18:00:00Z
CLM000001022,MBR0000523,PRV000062,PROFESSIONAL,2026-02-12,2026-02-14,I10,APPROVED,1835.35,1270.48,921.22,,2026-02-14,2026-07-01T00:00:00Z
CLM000001023,MBR0000157,PRV000066,INSTITUTIONAL,2025-02-07,2025-02-08,I10,APPROVED,3629.81,2786.55,2320.23,,2025-02-22,2026-07-11T20:00:00Z
CLM000001024,MBR0000382,PRV000049,PROFESSIONAL,2025-03-08,2025-03-09,J45.909,DENIED,2030.90,1831.11,0.00,CO50,2025-03-25,2026-07-19T23:00:00Z
CLM000001025,MBR0000072,PRV000053,PROFESSIONAL,2025-05-14,2025-05-15,Z00.00,APPROVED,2005.46,1751.01,1629.08,,2025-05-31,2026-07-18T09:00:00Z
CLM000001026,MBR0000830,PRV000037,INSTITUTIONAL,2025-08-24,2025-08-25,J45.909,APPROVED,1805.61,1243.09,877.65,,2025-09-06,2026-07-07T23:00:00Z
CLM000001027,MBR0000966,PRV000010,INSTITUTIONAL,2026-03-10,2026-03-10,J45.909,APPROVED,6001.92,3657.50,2572.59,,2026-03-30,2026-07-08T21:00:00Z
CLM000001028,MBR0000693,PRV000077,PROFESSIONAL,2026-02-04,2026-02-06,E11.9,APPROVED,6322.25,3558.59,2822.75,,2026-02-12,2026-07-09T02:00:00Z
CLM000001029,MBR0000323,PRV000082,INSTITUTIONAL,2026-03-04,2026-03-07,E11.9,APPROVED,2574.88,1804.72,1174.47,,2026-03-18,2026-07-01T18:00:00Z
CLM000001030,MBR0000129,PRV000098,INSTITUTIONAL,2026-01-25,2026-01-25,M54.50,APPROVED,2957.78,1855.30,1512.70,,2026-01-26,2026-07-08T06:00:00Z
CLM000001031,MBR0000191,PRV000081,PROFESSIONAL,2025-05-12,2025-05-13,I10,APPROVED,5281.96,3855.53,3630.79,,2025-05-27,2026-07-12T07:00:00Z
CLM000001032,MBR0000028,PRV000069,PROFESSIONAL,2025-05-11,2025-05-13,I10,APPROVED,3491.81,2592.05,2398.64,,2025-05-24,2026-07-10T00:00:00Z
CLM000001033,MBR0000652,PRV000075,INSTITUTIONAL,2025-01-15,2025-01-15,N39.0,APPROVED,2941.62,2382.18,1979.28,,2025-01-19,2026-07-01T01:00:00Z
CLM000001034,MBR0000203,PRV000026,PROFESSIONAL,2026-05-24,2026-05-27,E11.9,APPROVED,2666.94,1801.62,1758.47,,2026-06-07,2026-07-02T01:00:00Z
CLM000001035,MBR0000870,PRV000076,INSTITUTIONAL,2025-04-23,2025-04-26,N39.0,APPROVED,3167.16,1815.81,1328.54,,2025-05-05,2026-07-06T07:00:00Z
CLM000001036,MBR0000220,PRV000093,INSTITUTIONAL,2025-05-31,2025-06-03,I10,PENDING,3251.79,2883.24,0.00,,2025-06-15,2026-07-07T18:00:00Z
CLM000001037,MBR0000832,PRV000072,PROFESSIONAL,2025-07-08,2025-07-09,M54.50,APPROVED,5234.83,3390.13,2594.63,,2025-07-21,2026-07-18T14:00:00Z
CLM000001038,MBR0000573,PRV000083,PROFESSIONAL,2026-03-19,2026-03-19,N39.0,APPROVED,2207.15,1934.27,1473.53,,2026-03-24,2026-07-11T00:00:00Z
CLM000001039,MBR0000105,PRV000038,PROFESSIONAL,2025-07-30,2025-08-01,N39.0,APPROVED,1690.82,1471.25,1406.33,,2025-08-03,2026-07-18T12:00:00Z
CLM000001040,MBR0000055,PRV000001,PROFESSIONAL,2026-05-12,2026-05-12,E11.9,APPROVED,4461.84,2682.23,2490.97,,2026-05-26,2026-07-03T13:00:00Z
CLM000001041,MBR0000971,PRV000012,PROFESSIONAL,2025-11-06,2025-11-07,Z00.00,APPROVED,84.12,49.77,42.04,,2025-11-19,2026-07-19T19:00:00Z
CLM000001042,MBR0000063,PRV000034,INSTITUTIONAL,2025-10-05,2025-10-06,N39.0,APPROVED,3835.50,2138.09,2055.00,,2025-10-17,2026-07-11T23:00:00Z
CLM000001043,MBR0000065,PRV000082,PROFESSIONAL,2025-11-14,2025-11-17,Z00.00,APPROVED,4082.42,3321.60,2639.71,,2025-12-01,2026-07-07T10:00:00Z
CLM000001044,MBR0000184,PRV000044,INSTITUTIONAL,2026-02-07,2026-02-10,E11.9,APPROVED,3735.95,3163.10,3036.35,,2026-02-27,2026-07-08T14:00:00Z
CLM000001045,MBR0000821,PRV000096,PROFESSIONAL,2025-04-17,2025-04-17,E11.9,APPROVED,3944.80,3077.47,2468.91,,2025-04-25,2026-07-08T01:00:00Z
CLM000001046,MBR0000692,PRV000085,PROFESSIONAL,2026-05-04,2026-05-07,Z00.00,DENIED,4360.01,3094.00,0.00,CO97,2026-05-06,2026-07-06T11:00:00Z
CLM000001047,MBR0000150,PRV000025,PROFESSIONAL,2025-08-03,2025-08-05,J45.909,APPROVED,3174.80,2056.99,1910.34,,2025-08-22,2026-07-19T15:00:00Z
CLM000001048,MBR0000699,PRV000011,INSTITUTIONAL,2026-04-16,2026-04-16,I10,APPROVED,474.32,299.66,298.36,,2026-04-30,2026-07-05T11:00:00Z
CLM000001049,MBR0000213,PRV000004,PROFESSIONAL,2026-06-16,2026-06-17,Z00.00,APPROVED,3887.72,2192.73,2159.15,,2026-06-25,2026-07-18T04:00:00Z
CLM000001050,MBR0000781,PRV000038,PROFESSIONAL,2025-07-08,2025-07-11,E11.9,APPROVED,929.85,635.66,442.93,,2025-07-13,2026-07-18T15:00:00Z
CLM000001051,MBR0000161,PRV000080,PROFESSIONAL,2025-07-30,2025-08-01,E11.9,APPROVED,1550.19,1443.02,1296.24,,2025-08-03,2026-07-20T09:00:00Z
CLM000001052,MBR0000158,PRV000096,INSTITUTIONAL,2025-11-06,2025-11-07,N39.0,DENIED,70.54,56.16,0.00,CO50,2025-11-17,2026-07-07T18:00:00Z
CLM000001053,MBR0000727,PRV000051,INSTITUTIONAL,2025-11-16,2025-11-19,Z00.00,DENIED,751.24,535.29,0.00,CO97,2025-11-26,2026-07-01T07:00:00Z
CLM000001054,MBR0000966,PRV000003,PROFESSIONAL,2025-05-28,2025-05-28,N39.0,APPROVED,640.74,438.88,374.41,,2025-06-07,2026-07-11T17:00:00Z
CLM000001055,MBR0000175,PRV000067,PROFESSIONAL,2026-06-27,2026-06-29,E11.9,APPROVED,3642.11,2364.01,1635.08,,2026-07-11,2026-07-20T18:00:00Z
CLM000001056,MBR0000813,PRV000071,PROFESSIONAL,2026-05-12,2026-05-15,N39.0,DENIED,1837.55,1327.91,0.00,CO50,2026-05-20,2026-07-12T08:00:00Z
CLM000001057,MBR0000328,PRV000065,PROFESSIONAL,2025-04-11,2025-04-14,E11.9,APPROVED,4068.91,3346.73,3000.15,,2025-04-26,2026-07-09T17:00:00Z
CLM000001058,MBR0000183,PRV000078,INSTITUTIONAL,2025-11-17,2025-11-19,Z00.00,APPROVED,2564.79,1500.35,1479.15,,2025-11-19,2026-07-11T23:00:00Z
CLM000001059,MBR0000817,PRV000071,INSTITUTIONAL,2025-11-14,2025-11-15,M54.50,APPROVED,200.33,117.46,89.97,,2025-11-25,2026-07-04T02:00:00Z
CLM000001060,MBR0000008,PRV000066,PROFESSIONAL,2025-12-12,2025-12-13,E11.9,APPROVED,1755.98,1121.93,1023.11,,2025-12-28,2026-07-09T12:00:00Z
CLM000001061,MBR0000404,PRV000007,INSTITUTIONAL,2025-11-17,2025-11-18,Z00.00,APPROVED,1165.85,880.47,802.86,,2025-12-05,2026-07-20T16:00:00Z
CLM000001062,MBR0000005,PRV000061,INSTITUTIONAL,2025-10-31,2025-11-02,J45.909,APPROVED,2805.61,2008.43,1714.87,,2025-11-09,2026-07-10T08:00:00Z
CLM000001063,MBR0000788,PRV000058,INSTITUTIONAL,2025-07-02,2025-07-03,J45.909,APPROVED,5901.13,3974.35,3127.22,,2025-07-19,2026-07-07T19:00:00Z
CLM000001064,MBR0000489,PRV000068,PROFESSIONAL,2025-08-18,2025-08-21,N39.0,APPROVED,4812.43,3984.17,3017.23,,2025-09-02,2026-07-04T21:00:00Z
CLM000001065,MBR0000598,PRV000021,INSTITUTIONAL,2026-01-29,2026-01-29,I10,APPROVED,1381.49,799.41,659.81,,2026-02-12,2026-07-19T18:00:00Z
CLM000001066,MBR0000292,PRV000080,PROFESSIONAL,2025-03-26,2025-03-27,I10,APPROVED,827.44,661.49,442.39,,2025-04-11,2026-07-03T09:00:00Z
CLM000001067,MBR0000936,PRV000020,PROFESSIONAL,2026-05-24,2026-05-27,J45.909,APPROVED,258.54,206.98,152.75,,2026-06-05,2026-07-19T08:00:00Z
CLM000001068,MBR0000333,PRV000004,PROFESSIONAL,2025-04-08,2025-04-09,N39.0,APPROVED,4671.25,2951.70,2077.52,,2025-04-09,2026-07-12T12:00:00Z
CLM000001069,MBR0000341,PRV000007,PROFESSIONAL,2026-02-21,2026-02-24,M54.50,APPROVED,5491.26,3879.47,2973.58,,2026-03-11,2026-07-20T21:00:00Z
CLM000001070,MBR0000030,PRV000067,INSTITUTIONAL,2025-12-30,2026-01-02,N39.0,DENIED,4313.35,2790.88,0.00,CO16,2026-01-13,2026-07-19T00:00:00Z
CLM000001071,MBR0000107,PRV000059,INSTITUTIONAL,2026-05-23,2026-05-23,N39.0,DENIED,1928.08,1752.24,0.00,CO50,2026-05-27,2026-07-06T01:00:00Z
CLM000001072,MBR0000447,PRV000077,INSTITUTIONAL,2025-02-28,2025-03-01,N39.0,DENIED,3958.44,3580.96,0.00,CO97,2025-03-07,2026-07-08T21:00:00Z
CLM000001073,MBR0000625,PRV000019,PROFESSIONAL,2026-03-07,2026-03-08,I10,APPROVED,95.11,54.67,36.01,,2026-03-09,2026-07-02T17:00:00Z
CLM000001074,MBR0000753,PRV000070,PROFESSIONAL,2025-04-01,2025-04-01,M54.50,DENIED,3784.56,3166.63,0.00,CO16,2025-04-18,2026-07-01T02:00:00Z
CLM000001075,MBR0000516,PRV000075,INSTITUTIONAL,2025-08-03,2025-08-06,E11.9,DENIED,990.29,588.24,0.00,CO50,2025-08-04,2026-07-14T08:00:00Z
CLM000001076,MBR0000561,PRV000069,INSTITUTIONAL,2025-10-06,2025-10-09,J45.909,APPROVED,141.93,100.74,90.05,,2025-10-21,2026-07-02T13:00:00Z
CLM000001077,MBR0000140,PRV000066,INSTITUTIONAL,2026-01-31,2026-02-02,E11.9,APPROVED,4932.59,3579.11,2415.61,,2026-02-01,2026-07-11T06:00:00Z
CLM000001078,MBR0000859,PRV000048,PROFESSIONAL,2026-04-26,2026-04-27,J45.909,APPROVED,708.37,615.89,441.48,,2026-05-08,2026-07-08T11:00:00Z
CLM000001079,MBR0000894,PRV000014,PROFESSIONAL,2025-06-20,2025-06-23,J45.909,APPROVED,786.92,719.53,631.10,,2025-06-28,2026-07-08T13:00:00Z
CLM000001080,MBR0000094,PRV000005,INSTITUTIONAL,2026-06-30,2026-07-02,E11.9,APPROVED,394.99,247.66,231.64,,2026-07-01,2026-07-12T01:00:00Z
CLM000001081,MBR0000084,PRV000002,INSTITUTIONAL,2026-01-05,2026-01-08,J45.909,DENIED,3836.97,2497.51,0.00,CO97,2026-01-16,2026-07-08T19:00:00Z
CLM000001082,MBR0000289,PRV000011,INSTITUTIONAL,2025-05-12,2025-05-14,E11.9,APPROVED,2052.72,1169.06,1054.00,,2025-05-24,2026-07-03T06:00:00Z
CLM000001083,MBR0000547,PRV000015,INSTITUTIONAL,2025-06-10,2025-06-13,E11.9,APPROVED,5099.55,3078.97,2572.69,,2025-06-25,2026-07-10T19:00:00Z
CLM000001084,MBR0000411,PRV000022,INSTITUTIONAL,2025-09-13,2025-09-15,E11.9,APPROVED,4347.17,2949.83,2376.01,,2025-10-02,2026-07-18T13:00:00Z
CLM000001085,MBR0000986,PRV000008,INSTITUTIONAL,2025-01-16,2025-01-19,N39.0,APPROVED,2074.27,1516.04,1023.00,,2025-02-02,2026-07-20T17:00:00Z
CLM000001086,MBR0000712,PRV000026,PROFESSIONAL,2025-09-22,2025-09-22,I10,DENIED,3234.74,2786.53,0.00,CO50,2025-10-01,2026-07-05T11:00:00Z
CLM000001087,MBR0000625,PRV000019,INSTITUTIONAL,2026-04-26,2026-04-28,M54.50,APPROVED,4376.05,3422.04,2787.83,,2026-04-27,2026-07-10T05:00:00Z
CLM000001088,MBR0000549,PRV000007,PROFESSIONAL,2025-09-26,2025-09-29,M54.50,APPROVED,2387.78,1406.06,1323.47,,2025-10-10,2026-07-20T16:00:00Z
CLM000001089,MBR0000005,PRV000015,PROFESSIONAL,2026-02-11,2026-02-14,E11.9,APPROVED,4549.55,2900.68,2587.91,,2026-03-03,2026-07-14T05:00:00Z
CLM000001090,MBR0000491,PRV000078,PROFESSIONAL,2025-10-25,2025-10-25,J45.909,APPROVED,2325.87,1713.74,1323.55,,2025-11-07,2026-07-05T22:00:00Z
CLM000001091,MBR0000259,PRV000067,PROFESSIONAL,2026-05-31,2026-06-03,E11.9,PENDING,3987.06,3471.57,0.00,,2026-06-05,2026-07-15T20:00:00Z
CLM000001092,MBR0000550,PRV000053,INSTITUTIONAL,2026-01-16,2026-01-17,E11.9,APPROVED,1929.14,1169.28,1117.85,,2026-01-20,2026-07-05T20:00:00Z
CLM000001093,MBR0000427,PRV000010,INSTITUTIONAL,2025-08-08,2025-08-11,M54.50,APPROVED,3428.23,2801.45,2431.39,,2025-08-22,2026-07-11T22:00:00Z
CLM000001094,MBR0000599,PRV000006,INSTITUTIONAL,2025-08-11,2025-08-12,Z00.00,APPROVED,4769.24,3344.19,2630.34,,2025-08-17,2026-07-18T09:00:00Z
CLM000001095,MBR0000812,PRV000094,INSTITUTIONAL,2026-01-10,2026-01-13,Z00.00,APPROVED,1203.81,874.00,573.23,,2026-01-20,2026-07-05T14:00:00Z
CLM000001096,MBR0000518,PRV000062,INSTITUTIONAL,2025-03-28,2025-03-28,N39.0,DENIED,2389.42,2263.91,0.00,CO16,2025-04-15,2026-07-08T07:00:00Z
CLM000001097,MBR0000977,PRV000084,INSTITUTIONAL,2026-02-18,2026-02-21,N39.0,DENIED,5456.03,3441.47,0.00,CO16,2026-02-20,2026-07-09T10:00:00Z
CLM000001098,MBR0000564,PRV000045,INSTITUTIONAL,2025-03-29,2025-03-29,N39.0,APPROVED,6569.81,3694.60,3318.55,,2025-04-09,2026-07-11T10:00:00Z
CLM000001099,MBR0000808,PRV000075,INSTITUTIONAL,2025-04-25,2025-04-28,I10,DENIED,3710.95,2566.83,0.00,CO50,2025-05-08,2026-07-20T00:00:00Z
CLM000001100,MBR0000617,PRV000043,INSTITUTIONAL,2025-07-05,2025-07-05,E11.9,DENIED,3335.31,2159.58,0.00,CO50,2025-07-11,2026-07-08T21:00:00Z
CLM000001101,MBR0000967,PRV000092,PROFESSIONAL,2026-05-13,2026-05-13,I10,PENDING,1489.83,936.41,0.00,,2026-05-30,2026-07-16T02:00:00Z
CLM000001102,MBR0000554,PRV000087,INSTITUTIONAL,2026-06-13,2026-06-15,I10,APPROVED,4905.05,3788.98,2752.55,,2026-06-28,2026-07-01T04:00:00Z
CLM000001103,MBR0000984,PRV000064,INSTITUTIONAL,2025-07-17,2025-07-17,J45.909,APPROVED,2964.96,2292.81,1787.93,,2025-07-25,2026-07-13T04:00:00Z
CLM000001104,MBR0000874,PRV000085,INSTITUTIONAL,2025-06-20,2025-06-21,E11.9,DENIED,823.88,612.20,0.00,CO50,2025-06-24,2026-07-03T19:00:00Z
CLM000001105,MBR0000646,PRV000050,PROFESSIONAL,2025-10-05,2025-10-07,E11.9,APPROVED,2236.37,1877.07,1700.11,,2025-10-17,2026-07-08T05:00:00Z
CLM000001106,MBR0000257,PRV000012,PROFESSIONAL,2026-01-01,2026-01-03,N39.0,APPROVED,5349.73,3197.99,2696.18,,2026-01-07,2026-07-12T15:00:00Z
CLM000001107,MBR0000567,PRV000077,INSTITUTIONAL,2026-04-02,2026-04-03,J45.909,APPROVED,6308.11,3821.28,2756.60,,2026-04-14,2026-07-16T02:00:00Z
CLM000001108,MBR0000506,PRV000031,PROFESSIONAL,2025-09-06,2025-09-07,Z00.00,APPROVED,3662.65,3285.67,2269.66,,2025-09-13,2026-07-17T02:00:00Z
CLM000001109,MBR0000389,PRV000087,PROFESSIONAL,2025-05-04,2025-05-04,Z00.00,APPROVED,1444.69,1239.48,887.33,,2025-05-11,2026-07-07T10:00:00Z
CLM000001110,MBR0000902,PRV000090,PROFESSIONAL,2026-04-21,2026-04-21,Z00.00,APPROVED,4146.74,3649.13,3468.10,,2026-05-08,2026-07-16T09:00:00Z
CLM000001111,MBR0000279,PRV000034,PROFESSIONAL,2025-06-19,2025-06-21,Z00.00,PENDING,2453.70,1745.09,0.00,,2025-07-02,2026-07-12T01:00:00Z
CLM000001112,MBR0000214,PRV000016,PROFESSIONAL,2025-05-23,2025-05-23,N39.0,APPROVED,263.73,148.22,122.15,,2025-05-25,2026-07-11T22:00:00Z
CLM000001113,MBR0000703,PRV000078,PROFESSIONAL,2025-10-22,2025-10-25,E11.9,APPROVED,3699.79,3451.43,3168.60,,2025-10-26,2026-07-11T16:00:00Z
CLM000001114,MBR0000187,PRV000028,INSTITUTIONAL,2025-08-29,2025-09-01,J45.909,APPROVED,1134.14,897.27,819.59,,2025-09-16,2026-07-17T17:00:00Z
CLM000001115,MBR0000505,PRV000024,PROFESSIONAL,2026-02-05,2026-02-07,Z00.00,DENIED,3729.06,2119.79,0.00,CO97,2026-02-14,2026-07-12T10:00:00Z
CLM000001116,MBR0000532,PRV000022,INSTITUTIONAL,2025-11-02,2025-11-03,M54.50,APPROVED,2971.45,1739.19,1683.72,,2025-11-09,2026-07-05T07:00:00Z
CLM000001117,MBR0000442,PRV000095,INSTITUTIONAL,2025-02-24,2025-02-24,I10,APPROVED,4075.65,3777.45,2974.79,,2025-03-04,2026-07-04T14:00:00Z
CLM000001118,MBR0000526,PRV000014,INSTITUTIONAL,2026-03-09,2026-03-12,I10,APPROVED,4386.46,3008.47,2797.09,,2026-03-19,2026-07-07T22:00:00Z
CLM000001119,MBR0000899,PRV000049,PROFESSIONAL,2026-04-14,2026-04-16,J45.909,APPROVED,519.69,398.28,314.60,,2026-04-23,2026-07-13T11:00:00Z
CLM000001120,MBR0000703,PRV000041,INSTITUTIONAL,2025-09-16,2025-09-19,M54.50,DENIED,4251.58,3967.89,0.00,CO16,2025-09-17,2026-07-03T02:00:00Z
CLM000001121,MBR0000102,PRV000084,PROFESSIONAL,2025-04-01,2025-04-03,N39.0,APPROVED,4896.62,2986.51,2349.50,,2025-04-03,2026-07-19T10:00:00Z
CLM000001122,MBR0000422,PRV000089,PROFESSIONAL,2025-10-08,2025-10-10,Z00.00,APPROVED,5219.49,3431.00,3367.59,,2025-10-26,2026-07-09T06:00:00Z
CLM000001123,MBR0000292,PRV000079,PROFESSIONAL,2025-05-30,2025-06-02,N39.0,APPROVED,2732.97,1736.74,1212.88,,2025-06-11,2026-07-14T04:00:00Z
CLM000001124,MBR0000770,PRV000041,PROFESSIONAL,2025-12-24,2025-12-25,I10,APPROVED,1327.83,971.40,908.88,,2026-01-10,2026-07-20T15:00:00Z
CLM000001125,MBR0000757,PRV000031,INSTITUTIONAL,2026-05-20,2026-05-22,E11.9,DENIED,5402.76,3432.20,0.00,CO50,2026-05-26,2026-07-08T10:00:00Z
CLM000001126,MBR0000569,PRV000016,INSTITUTIONAL,2025-11-29,2025-12-01,N39.0,APPROVED,328.49,235.94,226.46,,2025-12-15,2026-07-04T02:00:00Z
CLM000001127,MBR0000746,PRV000074,INSTITUTIONAL,2026-02-27,2026-03-01,J45.909,APPROVED,673.20,503.75,340.85,,2026-03-02,2026-07-04T18:00:00Z
CLM000001128,MBR0000509,PRV000093,INSTITUTIONAL,2025-02-21,2025-02-24,E11.9,APPROVED,4242.02,3883.28,3664.16,,2025-03-11,2026-07-18T03:00:00Z
CLM000001129,MBR0000419,PRV000086,INSTITUTIONAL,2025-05-11,2025-05-12,Z00.00,APPROVED,3004.46,1674.20,1405.32,,2025-05-30,2026-07-12T14:00:00Z
CLM000001130,MBR0000194,PRV000088,PROFESSIONAL,2025-03-04,2025-03-07,E11.9,APPROVED,137.73,83.07,71.26,,2025-03-20,2026-07-17T01:00:00Z
CLM000001131,MBR0000712,PRV000089,INSTITUTIONAL,2025-04-11,2025-04-12,Z00.00,APPROVED,2700.79,1989.70,1599.90,,2025-04-13,2026-07-16T09:00:00Z
CLM000001132,MBR0000278,PRV000064,PROFESSIONAL,2025-02-27,2025-02-28,J45.909,APPROVED,3028.07,2328.60,2262.94,,2025-03-04,2026-07-05T01:00:00Z
CLM000001133,MBR0000976,PRV000048,PROFESSIONAL,2025-04-03,2025-04-06,J45.909,APPROVED,1510.44,925.70,896.71,,2025-04-05,2026-07-13T07:00:00Z
CLM000001134,MBR0000129,PRV000044,PROFESSIONAL,2025-12-08,2025-12-08,N39.0,APPROVED,3218.76,1952.05,1674.36,,2025-12-15,2026-07-13T23:00:00Z
CLM000001135,MBR0000546,PRV000046,PROFESSIONAL,2025-05-17,2025-05-20,I10,DENIED,1162.28,675.19,0.00,CO16,2025-06-02,2026-07-06T05:00:00Z
CLM000001136,MBR0000557,PRV000089,PROFESSIONAL,2025-08-15,2025-08-16,N39.0,APPROVED,842.89,608.88,595.16,,2025-08-24,2026-07-07T06:00:00Z
CLM000001137,MBR0000369,PRV000083,INSTITUTIONAL,2025-02-17,2025-02-18,M54.50,APPROVED,4017.11,3568.32,2335.20,,2025-03-06,2026-07-12T21:00:00Z
CLM000001138,MBR0000377,PRV000063,PROFESSIONAL,2025-11-15,2025-11-17,I10,APPROVED,2977.22,1878.41,1507.00,,2025-11-30,2026-07-07T20:00:00Z
CLM000001139,MBR0000217,PRV000011,INSTITUTIONAL,2025-06-14,2025-06-17,J45.909,APPROVED,223.19,135.40,116.15,,2025-06-17,2026-07-01T04:00:00Z
CLM000001140,MBR0000428,PRV000061,INSTITUTIONAL,2026-03-27,2026-03-28,I10,DENIED,5127.76,3489.14,0.00,CO50,2026-04-16,2026-07-03T23:00:00Z
CLM000001141,MBR0000173,PRV000020,INSTITUTIONAL,2026-03-17,2026-03-19,I10,APPROVED,1969.87,1331.38,1052.00,,2026-03-31,2026-07-08T19:00:00Z
CLM000001142,MBR0000077,PRV000061,PROFESSIONAL,2026-05-02,2026-05-02,N39.0,APPROVED,2407.95,2076.08,1388.38,,2026-05-17,2026-07-07T12:00:00Z
CLM000001143,MBR0000578,PRV000028,PROFESSIONAL,2026-04-25,2026-04-25,Z00.00,APPROVED,1830.13,1730.16,1607.20,,2026-05-13,2026-07-17T13:00:00Z
CLM000001144,MBR0000908,PRV000074,INSTITUTIONAL,2025-12-10,2025-12-10,M54.50,APPROVED,4794.78,2672.99,2311.90,,2025-12-12,2026-07-20T21:00:00Z
CLM000001145,MBR0000973,PRV000072,PROFESSIONAL,2026-03-12,2026-03-14,M54.50,APPROVED,140.76,102.26,84.04,,2026-03-31,2026-07-10T08:00:00Z
CLM000001146,MBR0000354,PRV000012,INSTITUTIONAL,2025-12-17,2025-12-20,E11.9,APPROVED,2683.78,1795.10,1357.15,,2026-01-04,2026-07-17T07:00:00Z
CLM000001147,MBR0000765,PRV000042,INSTITUTIONAL,2026-05-02,2026-05-04,M54.50,APPROVED,1052.85,637.45,606.34,,2026-05-08,2026-07-09T07:00:00Z
CLM000001148,MBR0000463,PRV000009,INSTITUTIONAL,2026-06-25,2026-06-28,Z00.00,APPROVED,2670.52,2106.00,1612.23,,2026-07-09,2026-07-01T09:00:00Z
CLM000001149,MBR0000119,PRV000044,INSTITUTIONAL,2026-05-16,2026-05-18,J45.909,APPROVED,5767.01,3940.73,3353.93,,2026-05-30,2026-07-17T22:00:00Z
CLM000001150,MBR0000103,PRV000029,PROFESSIONAL,2025-01-19,2025-01-20,Z00.00,APPROVED,1677.09,1286.06,1180.92,,2025-02-04,2026-07-07T16:00:00Z
CLM000001151,MBR0000987,PRV000070,PROFESSIONAL,2026-03-28,2026-03-30,Z00.00,APPROVED,5386.31,3648.88,2863.16,,2026-04-16,2026-07-04T06:00:00Z
CLM000001152,MBR0000449,PRV000011,PROFESSIONAL,2025-02-02,2025-02-02,N39.0,APPROVED,2256.09,1757.91,1189.90,,2025-02-07,2026-07-20T06:00:00Z
CLM000001153,MBR0000044,PRV000073,PROFESSIONAL,2025-10-02,2025-10-05,N39.0,APPROVED,230.38,208.53,207.95,,2025-10-18,2026-07-16T11:00:00Z
CLM000001154,MBR0000236,PRV000008,PROFESSIONAL,2025-05-29,2025-06-01,J45.909,DENIED,3382.85,2386.00,0.00,CO16,2025-06-04,2026-07-04T03:00:00Z
CLM000001155,MBR0000061,PRV000024,INSTITUTIONAL,2025-08-02,2025-08-03,E11.9,DENIED,1999.73,1457.64,0.00,CO16,2025-08-10,2026-07-04T09:00:00Z
CLM000001156,MBR0000353,PRV000021,INSTITUTIONAL,2026-03-31,2026-03-31,Z00.00,APPROVED,345.38,302.48,285.81,,2026-04-09,2026-07-04T22:00:00Z
CLM000001157,MBR0000288,PRV000073,INSTITUTIONAL,2025-07-05,2025-07-05,M54.50,APPROVED,272.35,163.01,139.65,,2025-07-20,2026-07-09T10:00:00Z
CLM000001158,MBR0000313,PRV000019,INSTITUTIONAL,2026-06-14,2026-06-17,I10,APPROVED,1536.03,1193.36,1164.09,,2026-06-21,2026-07-18T09:00:00Z
CLM000001159,MBR0000143,PRV000068,INSTITUTIONAL,2025-05-16,2025-05-18,Z00.00,PENDING,922.60,533.30,0.00,,2025-05-21,2026-07-13T04:00:00Z
CLM000001160,MBR0000828,PRV000052,INSTITUTIONAL,2025-05-04,2025-05-05,M54.50,APPROVED,3147.76,1955.73,1542.18,,2025-05-14,2026-07-02T05:00:00Z
CLM000001161,MBR0000152,PRV000036,INSTITUTIONAL,2025-12-29,2025-12-29,E11.9,APPROVED,5540.91,3845.85,2959.57,,2026-01-15,2026-07-20T09:00:00Z
CLM000001162,MBR0000204,PRV000099,INSTITUTIONAL,2026-04-02,2026-04-02,J45.909,APPROVED,1192.76,790.19,588.90,,2026-04-22,2026-07-08T09:00:00Z
CLM000001163,MBR0000112,PRV000036,INSTITUTIONAL,2026-04-15,2026-04-16,J45.909,APPROVED,1816.86,1156.50,1117.38,,2026-04-22,2026-07-15T15:00:00Z
CLM000001164,MBR0000824,PRV000088,INSTITUTIONAL,2025-06-03,2025-06-06,Z00.00,APPROVED,1043.77,640.64,634.68,,2025-06-17,2026-07-07T21:00:00Z
CLM000001165,MBR0000536,PRV000069,PROFESSIONAL,2026-02-03,2026-02-05,J45.909,APPROVED,1040.00,817.89,673.04,,2026-02-09,2026-07-05T20:00:00Z
CLM000001166,MBR0000754,PRV000068,INSTITUTIONAL,2025-12-21,2025-12-24,M54.50,APPROVED,2900.73,2065.15,1347.49,,2026-01-03,2026-07-13T22:00:00Z
CLM000001167,MBR0000741,PRV000086,PROFESSIONAL,2026-02-18,2026-02-21,Z00.00,APPROVED,349.73,264.96,191.48,,2026-02-25,2026-07-04T11:00:00Z
CLM000001168,MBR0000945,PRV000037,INSTITUTIONAL,2025-07-01,2025-07-03,N39.0,APPROVED,848.70,607.94,522.30,,2025-07-10,2026-07-07T06:00:00Z
CLM000001169,MBR0000805,PRV000075,PROFESSIONAL,2025-03-26,2025-03-26,E11.9,APPROVED,1122.46,696.10,602.36,,2025-04-02,2026-07-10T07:00:00Z
CLM000001170,MBR0000414,PRV000007,INSTITUTIONAL,2026-02-17,2026-02-18,M54.50,APPROVED,691.96,502.21,353.41,,2026-02-25,2026-07-17T04:00:00Z
CLM000001171,MBR0000571,PRV000006,INSTITUTIONAL,2025-04-07,2025-04-08,M54.50,APPROVED,145.93,99.50,88.56,,2025-04-17,2026-07-15T15:00:00Z
CLM000001172,MBR0000876,PRV000071,PROFESSIONAL,2026-01-23,2026-01-23,Z00.00,PENDING,869.61,520.18,0.00,,2026-01-30,2026-07-17T13:00:00Z
CLM000001173,MBR0000171,PRV000085,PROFESSIONAL,2026-05-24,2026-05-26,Z00.00,APPROVED,4737.86,3605.03,3562.92,,2026-06-01,2026-07-04T05:00:00Z
CLM000001174,MBR0000990,PRV000067,PROFESSIONAL,2025-08-18,2025-08-20,I10,APPROVED,4471.49,3926.62,3035.35,,2025-08-31,2026-07-08T14:00:00Z
CLM000001175,MBR0000840,PRV000071,PROFESSIONAL,2025-06-14,2025-06-17,Z00.00,APPROVED,3733.17,2310.09,1560.78,,2025-06-18,2026-07-07T13:00:00Z
CLM000001176,MBR0000533,PRV000064,INSTITUTIONAL,2025-02-28,2025-02-28,I10,APPROVED,3309.13,1975.50,1533.60,,2025-03-10,2026-07-03T15:00:00Z
CLM000001177,MBR0000206,PRV000078,INSTITUTIONAL,2026-06-17,2026-06-17,E11.9,APPROVED,3061.98,2732.73,2164.64,,2026-06-20,2026-07-08T19:00:00Z
CLM000001178,MBR0000268,PRV000075,INSTITUTIONAL,2026-06-17,2026-06-17,M54.50,DENIED,635.58,389.21,0.00,CO50,2026-07-02,2026-07-20T00:00:00Z
CLM000001179,MBR0000683,PRV000030,INSTITUTIONAL,2025-05-30,2025-05-30,E11.9,PENDING,3025.81,1833.02,0.00,,2025-06-06,2026-07-15T05:00:00Z
CLM000001180,MBR0000918,PRV000035,INSTITUTIONAL,2025-06-24,2025-06-26,N39.0,APPROVED,3455.82,2498.88,2205.51,,2025-07-01,2026-07-06T15:00:00Z
CLM000001181,MBR0000828,PRV000024,INSTITUTIONAL,2025-05-03,2025-05-05,M54.50,PENDING,90.46,63.20,0.00,,2025-05-21,2026-07-18T13:00:00Z
CLM000001182,MBR0000972,PRV000090,INSTITUTIONAL,2025-12-13,2025-12-13,I10,APPROVED,5310.28,3971.76,2959.12,,2025-12-18,2026-07-16T12:00:00Z
CLM000001183,MBR0000634,PRV000034,PROFESSIONAL,2025-10-02,2025-10-04,M54.50,APPROVED,6732.82,3891.03,3004.28,,2025-10-13,2026-07-02T22:00:00Z
CLM000001184,MBR0000639,PRV000034,INSTITUTIONAL,2025-07-25,2025-07-27,Z00.00,APPROVED,5977.19,3515.63,3275.36,,2025-07-27,2026-07-16T16:00:00Z
CLM000001185,MBR0000739,PRV000078,PROFESSIONAL,2026-02-27,2026-03-01,E11.9,APPROVED,1440.56,1024.55,774.59,,2026-03-14,2026-07-07T01:00:00Z
CLM000001186,MBR0000047,PRV000095,INSTITUTIONAL,2026-02-06,2026-02-09,I10,APPROVED,1991.12,1657.10,1581.32,,2026-02-16,2026-07-13T14:00:00Z
CLM000001187,MBR0000115,PRV000043,INSTITUTIONAL,2026-01-31,2026-01-31,E11.9,APPROVED,5362.67,3140.02,2873.96,,2026-02-01,2026-07-06T20:00:00Z
CLM000001188,MBR0000903,PRV000060,PROFESSIONAL,2025-02-28,2025-02-28,M54.50,APPROVED,2546.08,2282.67,1897.88,,2025-03-09,2026-07-07T10:00:00Z
CLM000001189,MBR0000776,PRV000099,INSTITUTIONAL,2025-12-25,2025-12-28,J45.909,APPROVED,2290.15,1666.13,1355.51,,2026-01-10,2026-07-02T15:00:00Z
CLM000001190,MBR0000884,PRV000028,INSTITUTIONAL,2026-03-10,2026-03-10,N39.0,APPROVED,879.30,548.77,405.40,,2026-03-17,2026-07-08T15:00:00Z
CLM000001191,MBR0000373,PRV000016,INSTITUTIONAL,2026-05-31,2026-06-01,Z00.00,APPROVED,5123.03,3282.84,2703.70,,2026-06-10,2026-07-15T16:00:00Z
CLM000001192,MBR0000899,PRV000034,PROFESSIONAL,2026-02-18,2026-02-18,M54.50,APPROVED,2843.58,1940.27,1678.37,,2026-03-07,2026-07-08T21:00:00Z
CLM000001193,MBR0000576,PRV000085,PROFESSIONAL,2025-08-11,2025-08-11,M54.50,APPROVED,6058.06,3986.22,2624.46,,2025-08-23,2026-07-14T00:00:00Z
CLM000001194,MBR0000201,PRV000029,PROFESSIONAL,2026-06-09,2026-06-10,J45.909,DENIED,6478.10,3839.41,0.00,CO50,2026-06-21,2026-07-09T00:00:00Z
CLM000001195,MBR0000824,PRV000024,INSTITUTIONAL,2025-03-13,2025-03-14,E11.9,APPROVED,1277.20,869.54,600.95,,2025-03-24,2026-07-01T00:00:00Z
CLM000001196,MBR0000542,PRV000016,PROFESSIONAL,2026-05-28,2026-05-30,J45.909,DENIED,3310.10,2285.96,0.00,CO97,2026-06-12,2026-07-07T16:00:00Z
CLM000001197,MBR0000697,PRV000042,PROFESSIONAL,2025-10-31,2025-11-03,I10,APPROVED,3603.52,2126.38,2020.71,,2025-11-07,2026-07-17T04:00:00Z
CLM000001198,MBR0000803,PRV000068,PROFESSIONAL,2026-04-10,2026-04-10,Z00.00,APPROVED,1881.61,1376.03,914.17,,2026-04-30,2026-07-11T09:00:00Z
CLM000001199,MBR0000866,PRV000042,INSTITUTIONAL,2026-05-30,2026-06-01,E11.9,APPROVED,2534.24,2063.72,1525.83,,2026-06-10,2026-07-01T14:00:00Z
CLM000001200,MBR0000157,PRV000058,INSTITUTIONAL,2025-04-07,2025-04-10,M54.50,APPROVED,3903.73,3113.94,2860.69,,2025-04-26,2026-07-06T11:00:00Z
CLM000001201,MBR0000040,PRV000003,INSTITUTIONAL,2025-02-10,2025-02-12,Z00.00,APPROVED,486.66,290.70,222.63,,2025-03-01,2026-07-14T14:00:00Z
CLM000001202,MBR0000158,PRV000043,PROFESSIONAL,2025-06-23,2025-06-26,M54.50,APPROVED,3273.07,2363.12,1560.74,,2025-07-13,2026-07-01T12:00:00Z
CLM000001203,MBR0000106,PRV000064,PROFESSIONAL,2026-05-11,2026-05-13,J45.909,APPROVED,350.26,266.01,206.85,,2026-05-22,2026-07-12T13:00:00Z
CLM000001204,MBR0000994,PRV000098,INSTITUTIONAL,2025-05-02,2025-05-02,J45.909,APPROVED,3019.16,1685.38,1579.42,,2025-05-21,2026-07-03T00:00:00Z
CLM000001205,MBR0000736,PRV000075,PROFESSIONAL,2025-03-20,2025-03-21,E11.9,APPROVED,3646.88,2351.05,1985.69,,2025-04-03,2026-07-02T16:00:00Z
CLM000001206,MBR0000045,PRV000021,PROFESSIONAL,2025-05-11,2025-05-12,Z00.00,APPROVED,1612.02,1172.32,1052.58,,2025-05-27,2026-07-19T01:00:00Z
CLM000001207,MBR0000305,PRV000037,INSTITUTIONAL,2025-03-27,2025-03-30,M54.50,APPROVED,2597.00,2100.54,1668.41,,2025-04-05,2026-07-05T23:00:00Z
CLM000001208,MBR0000300,PRV000062,PROFESSIONAL,2025-09-19,2025-09-21,M54.50,APPROVED,973.79,633.90,480.14,,2025-09-26,2026-07-06T15:00:00Z
CLM000001209,MBR0000398,PRV000068,INSTITUTIONAL,2025-03-31,2025-04-01,Z00.00,APPROVED,4038.46,2670.14,2623.29,,2025-04-11,2026-07-08T02:00:00Z
CLM000001210,MBR0000778,PRV000002,INSTITUTIONAL,2025-06-11,2025-06-14,M54.50,PENDING,1715.13,1106.00,0.00,,2025-06-28,2026-07-03T03:00:00Z
CLM000001211,MBR0000191,PRV000007,INSTITUTIONAL,2025-11-11,2025-11-11,M54.50,APPROVED,2949.46,1894.79,1700.48,,2025-11-14,2026-07-07T16:00:00Z
CLM000001212,MBR0000820,PRV000042,INSTITUTIONAL,2025-03-27,2025-03-30,Z00.00,APPROVED,3569.25,2665.55,2354.03,,2025-03-28,2026-07-02T11:00:00Z
CLM000001213,MBR0000992,PRV000054,INSTITUTIONAL,2025-11-13,2025-11-16,J45.909,APPROVED,836.24,699.98,555.70,,2025-11-22,2026-07-09T05:00:00Z
CLM000001214,MBR0000103,PRV000048,PROFESSIONAL,2026-02-10,2026-02-12,N39.0,APPROVED,431.69,245.55,213.89,,2026-02-11,2026-07-11T13:00:00Z
CLM000001215,MBR0000853,PRV000024,PROFESSIONAL,2025-02-03,2025-02-04,M54.50,APPROVED,5403.91,3478.06,2776.05,,2025-02-05,2026-07-09T04:00:00Z
CLM000001216,MBR0000844,PRV000063,INSTITUTIONAL,2026-05-17,2026-05-19,M54.50,APPROVED,337.99,195.92,168.71,,2026-05-27,2026-07-19T13:00:00Z
CLM000001217,MBR0000981,PRV000015,PROFESSIONAL,2025-09-07,2025-09-07,J45.909,DENIED,1576.70,897.57,0.00,CO16,2025-09-23,2026-07-16T23:00:00Z
CLM000001218,MBR0000412,PRV000071,INSTITUTIONAL,2025-03-21,2025-03-21,J45.909,APPROVED,2126.26,1182.07,851.57,,2025-03-29,2026-07-05T01:00:00Z
CLM000001219,MBR0000408,PRV000006,INSTITUTIONAL,2026-01-02,2026-01-04,Z00.00,APPROVED,983.09,921.68,890.82,,2026-01-07,2026-07-09T14:00:00Z
CLM000001220,MBR0000059,PRV000019,INSTITUTIONAL,2025-03-22,2025-03-25,Z00.00,APPROVED,4117.20,2908.51,1898.37,,2025-04-05,2026-07-19T00:00:00Z
CLM000001221,MBR0000996,PRV000031,PROFESSIONAL,2025-06-22,2025-06-22,N39.0,APPROVED,5447.61,3206.78,2986.19,,2025-07-01,2026-07-17T09:00:00Z
CLM000001222,MBR0000152,PRV000035,INSTITUTIONAL,2026-01-01,2026-01-03,N39.0,APPROVED,1824.86,1610.96,1469.93,,2026-01-02,2026-07-05T23:00:00Z
CLM000001223,MBR0000101,PRV000007,PROFESSIONAL,2025-11-16,2025-11-17,M54.50,APPROVED,959.30,797.88,620.56,,2025-11-24,2026-07-01T10:00:00Z
CLM000001224,MBR0000656,PRV000083,INSTITUTIONAL,2026-01-31,2026-02-03,E11.9,APPROVED,480.88,424.25,398.78,,2026-02-06,2026-07-11T22:00:00Z
CLM000001225,MBR0000038,PRV000046,PROFESSIONAL,2026-03-26,2026-03-26,N39.0,APPROVED,2200.60,1997.11,1974.65,,2026-03-28,2026-07-12T23:00:00Z
CLM000001226,MBR0000660,PRV000064,INSTITUTIONAL,2026-06-02,2026-06-02,M54.50,APPROVED,2754.45,2098.17,1553.05,,2026-06-12,2026-07-12T04:00:00Z
CLM000001227,MBR0000151,PRV000084,INSTITUTIONAL,2025-12-26,2025-12-26,I10,APPROVED,3255.88,1825.41,1709.63,,2026-01-08,2026-07-03T03:00:00Z
CLM000001228,MBR0000894,PRV000026,PROFESSIONAL,2026-02-11,2026-02-13,N39.0,APPROVED,3132.85,2020.89,1432.47,,2026-02-28,2026-07-15T14:00:00Z
CLM000001229,MBR0000577,PRV000043,INSTITUTIONAL,2025-04-19,2025-04-21,M54.50,APPROVED,2791.13,2605.78,2240.88,,2025-05-05,2026-07-15T06:00:00Z
CLM000001230,MBR0000854,PRV000073,PROFESSIONAL,2025-03-17,2025-03-19,E11.9,APPROVED,3474.13,3197.45,2953.97,,2025-03-29,2026-07-04T13:00:00Z
CLM000001231,MBR0000745,PRV000064,INSTITUTIONAL,2025-10-05,2025-10-08,M54.50,DENIED,3101.81,2060.44,0.00,CO50,2025-10-25,2026-07-20T21:00:00Z
CLM000001232,MBR0000714,PRV000049,INSTITUTIONAL,2025-10-13,2025-10-13,Z00.00,APPROVED,1930.90,1728.98,1213.82,,2025-10-27,2026-07-19T18:00:00Z
CLM000001233,MBR0000490,PRV000072,INSTITUTIONAL,2025-11-21,2025-11-23,I10,APPROVED,247.32,201.64,168.50,,2025-12-02,2026-07-06T13:00:00Z
CLM000001234,MBR0000876,PRV000086,PROFESSIONAL,2025-12-11,2025-12-12,I10,APPROVED,1771.40,1193.46,964.58,,2025-12-14,2026-07-15T20:00:00Z
CLM000001235,MBR0000334,PRV000062,INSTITUTIONAL,2025-02-09,2025-02-11,I10,APPROVED,3218.99,2911.47,2465.70,,2025-02-14,2026-07-10T06:00:00Z
CLM000001236,MBR0000145,PRV000059,PROFESSIONAL,2026-01-20,2026-01-23,Z00.00,APPROVED,383.69,243.40,161.16,,2026-02-01,2026-07-15T20:00:00Z
CLM000001237,MBR0000826,PRV000067,PROFESSIONAL,2025-08-12,2025-08-14,J45.909,APPROVED,2193.80,1328.45,1216.40,,2025-08-14,2026-07-03T00:00:00Z
CLM000001238,MBR0000916,PRV000080,PROFESSIONAL,2026-03-06,2026-03-08,M54.50,APPROVED,1586.07,891.88,844.28,,2026-03-17,2026-07-07T16:00:00Z
CLM000001239,MBR0000055,PRV000083,INSTITUTIONAL,2026-03-28,2026-03-29,M54.50,DENIED,4153.08,3488.42,0.00,CO50,2026-04-08,2026-07-10T13:00:00Z
CLM000001240,MBR0000257,PRV000050,INSTITUTIONAL,2026-01-08,2026-01-08,M54.50,APPROVED,759.10,614.86,460.88,,2026-01-18,2026-07-08T08:00:00Z
CLM000001241,MBR0000453,PRV000074,INSTITUTIONAL,2025-06-29,2025-06-29,N39.0,APPROVED,560.21,473.55,329.93,,2025-07-05,2026-07-06T09:00:00Z
CLM000001242,MBR0000750,PRV000043,INSTITUTIONAL,2025-09-27,2025-09-29,N39.0,APPROVED,870.82,526.90,378.83,,2025-10-02,2026-07-17T10:00:00Z
CLM000001243,MBR0000756,PRV000039,PROFESSIONAL,2025-12-30,2026-01-01,I10,APPROVED,1061.19,718.08,683.59,,2026-01-19,2026-07-09T16:00:00Z
CLM000001244,MBR0000596,PRV000025,PROFESSIONAL,2026-02-27,2026-02-27,I10,APPROVED,1949.14,1170.24,892.32,,2026-02-28,2026-07-04T14:00:00Z
CLM000001245,MBR0000076,PRV000089,PROFESSIONAL,2026-01-31,2026-02-01,N39.0,DENIED,2514.39,1877.55,0.00,CO97,2026-02-11,2026-07-20T03:00:00Z
CLM000001246,MBR0000101,PRV000025,PROFESSIONAL,2026-04-28,2026-04-28,J45.909,DENIED,2827.33,2091.25,0.00,CO97,2026-05-04,2026-07-08T09:00:00Z
CLM000001247,MBR0000898,PRV000095,INSTITUTIONAL,2025-10-16,2025-10-16,N39.0,DENIED,1977.88,1605.39,0.00,CO16,2025-10-17,2026-07-05T10:00:00Z
CLM000001248,MBR0000834,PRV000058,PROFESSIONAL,2025-03-02,2025-03-05,N39.0,APPROVED,2475.39,1567.14,1092.48,,2025-03-16,2026-07-13T15:00:00Z
CLM000001249,MBR0000037,PRV000048,INSTITUTIONAL,2026-04-17,2026-04-18,J45.909,APPROVED,195.93,118.84,110.68,,2026-04-22,2026-07-12T08:00:00Z
CLM000001250,MBR0000183,PRV000063,PROFESSIONAL,2025-04-12,2025-04-14,N39.0,PENDING,3591.80,3020.96,0.00,,2025-04-30,2026-07-04T17:00:00Z
CLM000001251,MBR0000563,PRV000084,PROFESSIONAL,2025-04-20,2025-04-22,I10,APPROVED,3207.83,2085.67,2073.84,,2025-04-28,2026-07-12T14:00:00Z
CLM000001252,MBR0000479,PRV000093,PROFESSIONAL,2026-05-03,2026-05-06,M54.50,APPROVED,1882.54,1414.15,1405.94,,2026-05-21,2026-07-18T09:00:00Z
CLM000001253,MBR0000934,PRV000075,INSTITUTIONAL,2025-06-28,2025-06-30,J45.909,APPROVED,537.41,333.55,246.83,,2025-07-04,2026-07-12T18:00:00Z
CLM000001254,MBR0000676,PRV000089,PROFESSIONAL,2025-07-03,2025-07-03,Z00.00,APPROVED,650.50,479.00,466.23,,2025-07-13,2026-07-11T03:00:00Z
CLM000001255,MBR0000243,PRV000034,INSTITUTIONAL,2026-02-13,2026-02-13,N39.0,APPROVED,2044.79,1705.35,1611.81,,2026-02-19,2026-07-07T20:00:00Z
CLM000001256,MBR0000925,PRV000021,INSTITUTIONAL,2025-04-05,2025-04-06,M54.50,DENIED,5169.00,3008.10,0.00,CO16,2025-04-08,2026-07-03T09:00:00Z
CLM000001257,MBR0000910,PRV000034,PROFESSIONAL,2026-06-04,2026-06-05,N39.0,APPROVED,205.56,150.80,126.13,,2026-06-22,2026-07-12T22:00:00Z
CLM000001258,MBR0000724,PRV000033,INSTITUTIONAL,2026-06-06,2026-06-09,E11.9,APPROVED,3005.70,2196.41,1531.23,,2026-06-24,2026-07-16T17:00:00Z
CLM000001259,MBR0000193,PRV000083,INSTITUTIONAL,2025-08-16,2025-08-18,I10,APPROVED,3015.27,2672.27,2414.35,,2025-08-30,2026-07-12T02:00:00Z
CLM000001260,MBR0000376,PRV000043,PROFESSIONAL,2025-03-21,2025-03-22,N39.0,APPROVED,2820.37,2304.19,2078.99,,2025-04-02,2026-07-14T22:00:00Z
CLM000001261,MBR0000886,PRV000009,PROFESSIONAL,2025-11-20,2025-11-20,Z00.00,APPROVED,3597.16,2022.90,1369.02,,2025-11-28,2026-07-20T14:00:00Z
CLM000001262,MBR0000828,PRV000011,PROFESSIONAL,2025-03-20,2025-03-23,Z00.00,APPROVED,5124.15,3320.92,2290.49,,2025-03-30,2026-07-02T07:00:00Z
CLM000001263,MBR0000371,PRV000036,INSTITUTIONAL,2025-08-21,2025-08-21,N39.0,APPROVED,3566.42,2421.76,2068.75,,2025-08-30,2026-07-01T13:00:00Z
CLM000001264,MBR0000470,PRV000072,INSTITUTIONAL,2025-09-18,2025-09-20,I10,APPROVED,1213.59,780.28,601.77,,2025-09-27,2026-07-10T01:00:00Z
CLM000001265,MBR0000696,PRV000086,INSTITUTIONAL,2026-06-21,2026-06-24,E11.9,APPROVED,6634.45,3705.62,3389.29,,2026-06-27,2026-07-10T12:00:00Z
CLM000001266,MBR0000966,PRV000003,INSTITUTIONAL,2025-08-16,2025-08-18,J45.909,APPROVED,2588.24,2227.97,1511.98,,2025-08-30,2026-07-05T09:00:00Z
CLM000001267,MBR0000475,PRV000060,PROFESSIONAL,2026-06-16,2026-06-18,N39.0,APPROVED,1217.38,958.33,778.29,,2026-06-17,2026-07-15T07:00:00Z
CLM000001268,MBR0000655,PRV000100,PROFESSIONAL,2026-05-03,2026-05-06,M54.50,PENDING,1634.22,1076.39,0.00,,2026-05-20,2026-07-19T18:00:00Z
CLM000001269,MBR0000876,PRV000068,PROFESSIONAL,2026-02-26,2026-02-26,E11.9,DENIED,661.51,461.39,0.00,CO50,2026-03-06,2026-07-05T07:00:00Z
CLM000001270,MBR0000807,PRV000016,INSTITUTIONAL,2026-01-11,2026-01-11,E11.9,APPROVED,2319.25,1879.00,1811.61,,2026-01-19,2026-07-15T08:00:00Z
CLM000001271,MBR0000390,PRV000018,PROFESSIONAL,2025-08-12,2025-08-12,J45.909,APPROVED,505.46,406.52,286.27,,2025-08-15,2026-07-04T18:00:00Z
CLM000001272,MBR0000412,PRV000084,PROFESSIONAL,2025-12-04,2025-12-04,N39.0,APPROVED,325.18,253.66,242.22,,2025-12-10,2026-07-14T14:00:00Z
CLM000001273,MBR0000753,PRV000019,INSTITUTIONAL,2025-05-03,2025-05-05,I10,APPROVED,4381.97,3177.78,2371.65,,2025-05-14,2026-07-18T04:00:00Z
CLM000001274,MBR0000236,PRV000045,INSTITUTIONAL,2025-01-23,2025-01-24,Z00.00,APPROVED,383.10,266.34,235.55,,2025-02-03,2026-07-01T15:00:00Z
CLM000001275,MBR0000367,PRV000024,INSTITUTIONAL,2025-09-16,2025-09-18,J45.909,APPROVED,4169.27,2828.31,2322.13,,2025-09-25,2026-07-19T07:00:00Z
CLM000001276,MBR0000545,PRV000066,INSTITUTIONAL,2026-02-12,2026-02-14,J45.909,APPROVED,2623.20,1588.14,1102.28,,2026-02-28,2026-07-15T18:00:00Z
CLM000001277,MBR0000023,PRV000033,INSTITUTIONAL,2026-06-06,2026-06-08,N39.0,DENIED,2271.44,1895.10,0.00,CO50,2026-06-08,2026-07-03T13:00:00Z
CLM000001278,MBR0000032,PRV000057,PROFESSIONAL,2026-02-04,2026-02-07,J45.909,APPROVED,1940.38,1615.68,1428.18,,2026-02-17,2026-07-02T06:00:00Z
CLM000001279,MBR0000961,PRV000020,PROFESSIONAL,2025-03-17,2025-03-20,E11.9,APPROVED,3684.87,2247.19,1999.97,,2025-04-02,2026-07-19T08:00:00Z
CLM000001280,MBR0000896,PRV000037,PROFESSIONAL,2026-02-03,2026-02-05,E11.9,APPROVED,2088.01,1783.02,1301.61,,2026-02-23,2026-07-07T12:00:00Z
CLM000001281,MBR0000680,PRV000047,PROFESSIONAL,2026-03-21,2026-03-21,E11.9,APPROVED,478.39,364.44,266.40,,2026-03-26,2026-07-05T17:00:00Z
CLM000001282,MBR0000494,PRV000035,PROFESSIONAL,2025-12-26,2025-12-27,N39.0,APPROVED,1546.12,860.83,770.21,,2026-01-10,2026-07-07T23:00:00Z
CLM000001283,MBR0000002,PRV000063,INSTITUTIONAL,2025-04-05,2025-04-08,Z00.00,APPROVED,4707.41,3037.31,2180.18,,2025-04-18,2026-07-11T06:00:00Z
CLM000001284,MBR0000032,PRV000086,INSTITUTIONAL,2025-06-25,2025-06-28,I10,APPROVED,281.85,249.63,235.76,,2025-06-30,2026-07-20T15:00:00Z
CLM000001285,MBR0000707,PRV000059,PROFESSIONAL,2025-06-13,2025-06-14,M54.50,DENIED,3563.34,2443.85,0.00,CO16,2025-06-14,2026-07-20T01:00:00Z
CLM000001286,MBR0000599,PRV000097,INSTITUTIONAL,2025-09-18,2025-09-21,E11.9,APPROVED,1628.72,1418.06,1416.06,,2025-09-25,2026-07-03T10:00:00Z
CLM000001287,MBR0000477,PRV000044,PROFESSIONAL,2026-06-18,2026-06-18,E11.9,APPROVED,988.10,714.58,534.42,,2026-07-06,2026-07-14T15:00:00Z
CLM000001288,MBR0000637,PRV000038,INSTITUTIONAL,2025-05-24,2025-05-24,Z00.00,APPROVED,955.12,550.99,440.92,,2025-06-03,2026-07-05T01:00:00Z
CLM000001289,MBR0000679,PRV000025,INSTITUTIONAL,2025-09-01,2025-09-01,M54.50,APPROVED,3991.81,2436.88,2073.54,,2025-09-14,2026-07-15T08:00:00Z
CLM000001290,MBR0000056,PRV000051,PROFESSIONAL,2025-04-09,2025-04-12,Z00.00,APPROVED,2276.69,1855.32,1484.40,,2025-04-28,2026-07-15T17:00:00Z
CLM000001291,MBR0000687,PRV000077,INSTITUTIONAL,2025-01-12,2025-01-13,M54.50,DENIED,5830.17,3993.44,0.00,CO50,2025-01-27,2026-07-01T09:00:00Z
CLM000001292,MBR0000404,PRV000075,PROFESSIONAL,2025-12-30,2025-12-30,I10,DENIED,6117.27,3943.64,0.00,CO97,2026-01-05,2026-07-16T06:00:00Z
CLM000001293,MBR0000874,PRV000032,INSTITUTIONAL,2026-06-26,2026-06-26,J45.909,APPROVED,185.37,151.25,122.55,,2026-07-06,2026-07-06T10:00:00Z
CLM000001294,MBR0000977,PRV000027,PROFESSIONAL,2026-05-30,2026-05-31,N39.0,DENIED,1143.85,844.64,0.00,CO97,2026-06-06,2026-07-05T18:00:00Z
CLM000001295,MBR0000279,PRV000049,INSTITUTIONAL,2026-03-21,2026-03-21,E11.9,APPROVED,5460.67,3333.84,2455.81,,2026-04-09,2026-07-03T23:00:00Z
CLM000001296,MBR0000853,PRV000001,INSTITUTIONAL,2025-08-02,2025-08-02,Z00.00,APPROVED,1223.97,1053.39,869.63,,2025-08-20,2026-07-16T09:00:00Z
CLM000001297,MBR0000744,PRV000094,INSTITUTIONAL,2025-01-31,2025-02-01,E11.9,APPROVED,3087.23,2024.75,1462.95,,2025-02-05,2026-07-07T22:00:00Z
CLM000001298,MBR0000736,PRV000035,INSTITUTIONAL,2025-01-23,2025-01-23,J45.909,APPROVED,1785.65,1067.63,850.87,,2025-02-01,2026-07-04T23:00:00Z
CLM000001299,MBR0000703,PRV000095,INSTITUTIONAL,2025-08-17,2025-08-20,J45.909,APPROVED,2511.19,1510.66,1241.83,,2025-08-31,2026-07-13T12:00:00Z
CLM000001300,MBR0000447,PRV000040,PROFESSIONAL,2025-07-28,2025-07-31,J45.909,DENIED,3867.67,3527.23,0.00,CO97,2025-08-17,2026-07-18T16:00:00Z
CLM000001301,MBR0000171,PRV000001,PROFESSIONAL,2025-04-15,2025-04-18,Z00.00,APPROVED,411.64,349.55,271.47,,2025-05-03,2026-07-15T21:00:00Z
CLM000001302,MBR0000313,PRV000054,PROFESSIONAL,2025-04-14,2025-04-16,I10,APPROVED,922.03,844.58,596.93,,2025-04-17,2026-07-18T22:00:00Z
CLM000001303,MBR0000258,PRV000065,INSTITUTIONAL,2025-08-03,2025-08-05,I10,APPROVED,2071.11,1402.11,1093.70,,2025-08-07,2026-07-11T02:00:00Z
CLM000001304,MBR0000948,PRV000012,INSTITUTIONAL,2025-10-26,2025-10-29,I10,PENDING,2071.89,1342.95,0.00,,2025-11-02,2026-07-18T22:00:00Z
CLM000001305,MBR0000443,PRV000017,INSTITUTIONAL,2025-10-03,2025-10-06,M54.50,DENIED,5441.87,3449.11,0.00,CO16,2025-10-22,2026-07-07T12:00:00Z
CLM000001306,MBR0000833,PRV000001,INSTITUTIONAL,2026-02-16,2026-02-16,Z00.00,DENIED,4267.44,2635.44,0.00,CO97,2026-03-08,2026-07-11T23:00:00Z
CLM000001307,MBR0000078,PRV000074,INSTITUTIONAL,2026-05-19,2026-05-20,J45.909,DENIED,4240.68,2552.12,0.00,CO97,2026-05-28,2026-07-14T22:00:00Z
CLM000001308,MBR0000223,PRV000081,INSTITUTIONAL,2025-11-01,2025-11-01,Z00.00,PENDING,2828.69,2424.43,0.00,,2025-11-08,2026-07-05T12:00:00Z
CLM000001309,MBR0000055,PRV000083,INSTITUTIONAL,2025-02-09,2025-02-09,N39.0,DENIED,1614.73,1286.39,0.00,CO16,2025-02-11,2026-07-05T09:00:00Z
CLM000001310,MBR0000528,PRV000007,PROFESSIONAL,2025-03-11,2025-03-11,E11.9,APPROVED,245.16,141.67,92.28,,2025-03-12,2026-07-15T15:00:00Z
CLM000001311,MBR0000487,PRV000081,INSTITUTIONAL,2025-11-17,2025-11-17,M54.50,APPROVED,2269.20,1981.05,1466.05,,2025-11-29,2026-07-16T07:00:00Z
CLM000001312,MBR0000913,PRV000088,PROFESSIONAL,2025-10-21,2025-10-23,I10,APPROVED,3268.00,2339.29,1993.04,,2025-10-23,2026-07-05T02:00:00Z
CLM000001313,MBR0000485,PRV000025,PROFESSIONAL,2025-11-22,2025-11-23,Z00.00,DENIED,4811.77,2832.70,0.00,CO16,2025-11-30,2026-07-15T03:00:00Z
CLM000001314,MBR0000822,PRV000024,PROFESSIONAL,2026-04-05,2026-04-06,E11.9,APPROVED,5307.07,3168.54,3102.46,,2026-04-18,2026-07-11T19:00:00Z
CLM000001315,MBR0000274,PRV000038,INSTITUTIONAL,2025-10-16,2025-10-16,J45.909,APPROVED,1017.31,876.60,808.53,,2025-10-17,2026-07-02T14:00:00Z
CLM000001316,MBR0000617,PRV000028,PROFESSIONAL,2025-12-20,2025-12-20,E11.9,APPROVED,3380.84,2182.31,1448.67,,2025-12-27,2026-07-05T10:00:00Z
CLM000001317,MBR0000297,PRV000036,INSTITUTIONAL,2025-04-25,2025-04-27,N39.0,APPROVED,4214.59,2567.19,2308.18,,2025-05-09,2026-07-17T09:00:00Z
CLM000001318,MBR0000376,PRV000014,INSTITUTIONAL,2025-02-04,2025-02-07,J45.909,APPROVED,2644.48,1610.72,1249.34,,2025-02-05,2026-07-02T20:00:00Z
CLM000001319,MBR0000144,PRV000012,INSTITUTIONAL,2026-06-22,2026-06-22,N39.0,APPROVED,2842.42,2275.44,2185.69,,2026-07-04,2026-07-16T18:00:00Z
CLM000001320,MBR0000634,PRV000061,PROFESSIONAL,2026-05-14,2026-05-15,E11.9,APPROVED,2337.65,2200.96,1805.54,,2026-05-21,2026-07-12T20:00:00Z
CLM000001321,MBR0000267,PRV000004,INSTITUTIONAL,2025-03-16,2025-03-17,Z00.00,APPROVED,3523.16,3229.81,2854.07,,2025-04-03,2026-07-15T17:00:00Z
CLM000001322,MBR0000974,PRV000057,INSTITUTIONAL,2025-01-29,2025-02-01,Z00.00,APPROVED,847.43,661.30,529.59,,2025-02-16,2026-07-08T13:00:00Z
CLM000001323,MBR0000438,PRV000022,PROFESSIONAL,2025-02-27,2025-02-28,I10,APPROVED,4120.29,3180.35,2696.77,,2025-03-05,2026-07-16T07:00:00Z
CLM000001324,MBR0000408,PRV000014,INSTITUTIONAL,2026-05-14,2026-05-17,E11.9,DENIED,2106.76,1442.85,0.00,CO50,2026-05-31,2026-07-13T05:00:00Z
CLM000001325,MBR0000533,PRV000055,INSTITUTIONAL,2025-08-03,2025-08-03,Z00.00,APPROVED,3018.49,1694.58,1497.21,,2025-08-11,2026-07-08T03:00:00Z
CLM000001326,MBR0000993,PRV000032,PROFESSIONAL,2026-06-28,2026-06-28,M54.50,APPROVED,490.74,405.14,285.71,,2026-07-15,2026-07-12T05:00:00Z
CLM000001327,MBR0000069,PRV000038,PROFESSIONAL,2026-06-26,2026-06-27,I10,APPROVED,2731.81,2392.87,1696.03,,2026-07-16,2026-07-14T15:00:00Z
CLM000001328,MBR0000680,PRV000099,PROFESSIONAL,2025-03-20,2025-03-20,N39.0,APPROVED,2073.72,1966.96,1900.90,,2025-03-24,2026-07-19T20:00:00Z
CLM000001329,MBR0000382,PRV000010,PROFESSIONAL,2025-08-14,2025-08-14,M54.50,APPROVED,2086.87,1170.90,939.50,,2025-08-16,2026-07-18T14:00:00Z
CLM000001330,MBR0000639,PRV000031,PROFESSIONAL,2025-01-14,2025-01-16,N39.0,DENIED,131.96,83.25,0.00,CO97,2025-01-18,2026-07-06T06:00:00Z
CLM000001331,MBR0000240,PRV000018,PROFESSIONAL,2025-07-07,2025-07-07,I10,APPROVED,875.32,784.20,553.69,,2025-07-11,2026-07-04T13:00:00Z
CLM000001332,MBR0000776,PRV000011,INSTITUTIONAL,2025-05-16,2025-05-19,N39.0,APPROVED,2083.18,1808.67,1684.09,,2025-06-05,2026-07-01T05:00:00Z
CLM000001333,MBR0000176,PRV000006,INSTITUTIONAL,2025-08-28,2025-08-29,N39.0,APPROVED,636.36,375.91,366.84,,2025-09-07,2026-07-01T11:00:00Z
CLM000001334,MBR0000328,PRV000021,INSTITUTIONAL,2025-09-05,2025-09-07,M54.50,APPROVED,2330.65,1677.86,1127.19,,2025-09-21,2026-07-02T23:00:00Z
CLM000001335,MBR0000348,PRV000066,INSTITUTIONAL,2025-11-05,2025-11-06,M54.50,APPROVED,1549.26,1318.24,860.44,,2025-11-25,2026-07-15T07:00:00Z
CLM000001336,MBR0000547,PRV000004,PROFESSIONAL,2026-04-17,2026-04-19,E11.9,APPROVED,4793.50,3548.32,2758.31,,2026-04-20,2026-07-03T21:00:00Z
CLM000001337,MBR0000581,PRV000056,PROFESSIONAL,2025-01-24,2025-01-25,J45.909,PENDING,3753.15,2244.58,0.00,,2025-02-08,2026-07-20T00:00:00Z
CLM000001338,MBR0000841,PRV000043,INSTITUTIONAL,2025-05-10,2025-05-10,Z00.00,APPROVED,3427.90,2021.90,1643.10,,2025-05-15,2026-07-09T18:00:00Z
CLM000001339,MBR0000955,PRV000062,PROFESSIONAL,2025-03-10,2025-03-10,J45.909,APPROVED,4803.99,3044.40,2921.13,,2025-03-22,2026-07-08T09:00:00Z
CLM000001340,MBR0000370,PRV000091,PROFESSIONAL,2025-02-01,2025-02-02,I10,PENDING,3070.26,2017.96,0.00,,2025-02-12,2026-07-16T21:00:00Z
CLM000001341,MBR0000294,PRV000069,PROFESSIONAL,2025-09-11,2025-09-13,N39.0,APPROVED,1779.82,1099.27,810.12,,2025-09-23,2026-07-05T22:00:00Z
CLM000001342,MBR0000878,PRV000040,PROFESSIONAL,2026-06-27,2026-06-30,M54.50,APPROVED,4495.16,3759.05,2517.75,,2026-07-06,2026-07-02T03:00:00Z
CLM000001343,MBR0000570,PRV000054,INSTITUTIONAL,2025-12-26,2025-12-28,J45.909,APPROVED,4699.67,3552.67,2880.43,,2025-12-30,2026-07-10T06:00:00Z
CLM000001344,MBR0000582,PRV000043,INSTITUTIONAL,2025-02-26,2025-02-27,N39.0,APPROVED,4199.37,2582.31,2413.25,,2025-03-11,2026-07-08T16:00:00Z
CLM000001345,MBR0000771,PRV000063,INSTITUTIONAL,2026-01-04,2026-01-05,J45.909,APPROVED,4988.05,3612.71,2712.77,,2026-01-11,2026-07-11T06:00:00Z
CLM000001346,MBR0000967,PRV000084,PROFESSIONAL,2026-04-14,2026-04-15,E11.9,APPROVED,4170.99,3196.89,2388.99,,2026-04-29,2026-07-18T05:00:00Z
CLM000001347,MBR0000490,PRV000069,PROFESSIONAL,2025-06-02,2025-06-04,N39.0,APPROVED,5122.89,3761.79,3425.76,,2025-06-16,2026-07-14T23:00:00Z
CLM000001348,MBR0000532,PRV000063,INSTITUTIONAL,2026-05-24,2026-05-27,E11.9,APPROVED,2061.50,1570.67,1063.55,,2026-05-25,2026-07-04T03:00:00Z
CLM000001349,MBR0000780,PRV000007,INSTITUTIONAL,2025-12-21,2025-12-22,N39.0,APPROVED,4193.22,3645.49,3081.43,,2025-12-27,2026-07-02T17:00:00Z
CLM000001350,MBR0000897,PRV000034,PROFESSIONAL,2026-01-14,2026-01-16,J45.909,APPROVED,199.60,173.22,116.68,,2026-01-27,2026-07-01T20:00:00Z
CLM000001351,MBR0000999,PRV000042,INSTITUTIONAL,2025-03-06,2025-03-07,Z00.00,APPROVED,3426.77,2803.73,2561.86,,2025-03-17,2026-07-11T15:00:00Z
CLM000001352,MBR0000378,PRV000076,INSTITUTIONAL,2025-11-19,2025-11-19,J45.909,APPROVED,4055.58,2438.74,2042.25,,2025-11-27,2026-07-19T01:00:00Z
CLM000001353,MBR0000648,PRV000050,INSTITUTIONAL,2025-04-21,2025-04-22,J45.909,DENIED,3687.03,2879.50,0.00,CO50,2025-05-04,2026-07-01T15:00:00Z
CLM000001354,MBR0000540,PRV000003,INSTITUTIONAL,2026-02-17,2026-02-18,J45.909,APPROVED,4637.26,3424.96,2577.93,,2026-02-25,2026-07-11T05:00:00Z
CLM000001355,MBR0000470,PRV000029,INSTITUTIONAL,2025-02-18,2025-02-19,J45.909,APPROVED,3882.97,3507.54,3277.26,,2025-02-24,2026-07-11T23:00:00Z
CLM000001356,MBR0000281,PRV000073,INSTITUTIONAL,2025-04-18,2025-04-21,J45.909,APPROVED,2091.02,1341.27,1241.06,,2025-05-07,2026-07-19T19:00:00Z
CLM000001357,MBR0000585,PRV000092,INSTITUTIONAL,2026-04-07,2026-04-10,J45.909,APPROVED,4582.03,3768.02,2996.32,,2026-04-25,2026-07-11T02:00:00Z
CLM000001358,MBR0000363,PRV000019,INSTITUTIONAL,2026-06-08,2026-06-08,E11.9,APPROVED,2339.52,1618.59,1201.34,,2026-06-24,2026-07-17T15:00:00Z
CLM000001359,MBR0000224,PRV000089,PROFESSIONAL,2025-01-27,2025-01-30,E11.9,APPROVED,342.94,207.42,204.11,,2025-02-09,2026-07-02T07:00:00Z
CLM000001360,MBR0000430,PRV000084,PROFESSIONAL,2025-04-16,2025-04-16,I10,APPROVED,364.12,259.45,170.09,,2025-05-04,2026-07-18T01:00:00Z
CLM000001361,MBR0000784,PRV000059,PROFESSIONAL,2025-06-09,2025-06-10,J45.909,APPROVED,2199.96,1275.61,976.85,,2025-06-26,2026-07-04T19:00:00Z
CLM000001362,MBR0000323,PRV000048,PROFESSIONAL,2025-12-02,2025-12-03,N39.0,APPROVED,1205.67,974.58,844.37,,2025-12-05,2026-07-07T11:00:00Z
CLM000001363,MBR0000142,PRV000055,PROFESSIONAL,2026-06-16,2026-06-18,J45.909,APPROVED,2607.59,1569.68,1078.60,,2026-07-02,2026-07-14T05:00:00Z
CLM000001364,MBR0000056,PRV000023,PROFESSIONAL,2025-09-15,2025-09-17,I10,APPROVED,398.82,257.30,241.55,,2025-09-21,2026-07-08T23:00:00Z
CLM000001365,MBR0000686,PRV000092,INSTITUTIONAL,2025-08-27,2025-08-27,N39.0,APPROVED,5259.14,3328.25,2259.52,,2025-09-15,2026-07-09T10:00:00Z
CLM000001366,MBR0000265,PRV000010,INSTITUTIONAL,2025-06-16,2025-06-19,Z00.00,DENIED,949.20,716.86,0.00,CO50,2025-07-02,2026-07-01T02:00:00Z
CLM000001367,MBR0000956,PRV000079,INSTITUTIONAL,2025-11-09,2025-11-09,N39.0,APPROVED,1971.37,1720.02,1504.31,,2025-11-26,2026-07-01T01:00:00Z
CLM000001368,MBR0000500,PRV000076,INSTITUTIONAL,2026-02-20,2026-02-22,M54.50,APPROVED,4157.98,3216.48,2524.52,,2026-02-26,2026-07-16T11:00:00Z
CLM000001369,MBR0000930,PRV000051,INSTITUTIONAL,2025-01-13,2025-01-13,N39.0,APPROVED,4845.44,3745.05,2904.29,,2025-01-27,2026-07-14T02:00:00Z
CLM000001370,MBR0000583,PRV000048,PROFESSIONAL,2025-08-13,2025-08-14,I10,APPROVED,770.91,517.30,492.61,,2025-08-27,2026-07-07T05:00:00Z
CLM000001371,MBR0000608,PRV000017,INSTITUTIONAL,2026-04-08,2026-04-10,Z00.00,APPROVED,6378.38,3797.49,3039.43,,2026-04-21,2026-07-19T15:00:00Z
CLM000001372,MBR0000585,PRV000024,INSTITUTIONAL,2025-12-28,2025-12-30,I10,APPROVED,3750.48,3058.38,2771.26,,2026-01-01,2026-07-05T15:00:00Z
CLM000001373,MBR0000478,PRV000088,INSTITUTIONAL,2026-06-13,2026-06-13,M54.50,APPROVED,5505.46,3354.76,2586.74,,2026-06-19,2026-07-07T00:00:00Z
CLM000001374,MBR0000785,PRV000078,PROFESSIONAL,2025-01-13,2025-01-13,I10,APPROVED,2145.71,1268.63,1179.50,,2025-01-19,2026-07-16T06:00:00Z
CLM000001375,MBR0000767,PRV000042,INSTITUTIONAL,2026-02-20,2026-02-20,E11.9,APPROVED,4033.35,2748.28,2114.91,,2026-02-25,2026-07-01T07:00:00Z
CLM000001376,MBR0000953,PRV000021,PROFESSIONAL,2025-02-01,2025-02-02,N39.0,APPROVED,4109.89,3059.14,2839.83,,2025-02-14,2026-07-13T07:00:00Z
CLM000001377,MBR0000528,PRV000036,PROFESSIONAL,2025-07-21,2025-07-22,N39.0,APPROVED,131.94,85.23,75.80,,2025-07-30,2026-07-01T07:00:00Z
CLM000001378,MBR0000866,PRV000089,PROFESSIONAL,2025-03-29,2025-03-31,E11.9,APPROVED,6330.36,3813.54,3081.61,,2025-04-06,2026-07-02T11:00:00Z
CLM000001379,MBR0000365,PRV000021,PROFESSIONAL,2025-01-29,2025-01-29,J45.909,APPROVED,1124.78,986.13,699.40,,2025-02-17,2026-07-15T14:00:00Z
CLM000001380,MBR0000521,PRV000022,INSTITUTIONAL,2026-02-13,2026-02-15,N39.0,APPROVED,4936.08,2825.91,2219.34,,2026-02-14,2026-07-05T18:00:00Z
CLM000001381,MBR0000079,PRV000093,INSTITUTIONAL,2025-10-30,2025-10-30,N39.0,APPROVED,6500.53,3677.89,2953.07,,2025-11-01,2026-07-19T02:00:00Z
CLM000001382,MBR0000799,PRV000037,PROFESSIONAL,2026-04-02,2026-04-04,N39.0,APPROVED,800.61,655.00,520.90,,2026-04-04,2026-07-17T15:00:00Z
CLM000001383,MBR0000454,PRV000021,INSTITUTIONAL,2026-06-13,2026-06-14,M54.50,APPROVED,1101.07,833.39,627.82,,2026-06-29,2026-07-01T14:00:00Z
CLM000001384,MBR0000402,PRV000033,INSTITUTIONAL,2026-06-25,2026-06-28,N39.0,APPROVED,4224.62,2379.81,1831.51,,2026-06-27,2026-07-12T16:00:00Z
CLM000001385,MBR0000336,PRV000067,INSTITUTIONAL,2026-05-09,2026-05-12,E11.9,DENIED,2100.28,1254.66,0.00,CO97,2026-05-24,2026-07-01T01:00:00Z
CLM000001386,MBR0000402,PRV000057,INSTITUTIONAL,2025-11-05,2025-11-06,Z00.00,APPROVED,3878.75,2539.83,1902.51,,2025-11-07,2026-07-18T19:00:00Z
CLM000001387,MBR0000206,PRV000002,INSTITUTIONAL,2025-07-07,2025-07-08,J45.909,DENIED,1837.82,1206.95,0.00,CO16,2025-07-10,2026-07-19T20:00:00Z
CLM000001388,MBR0000301,PRV000022,PROFESSIONAL,2025-09-14,2025-09-15,I10,APPROVED,363.61,294.38,249.53,,2025-10-02,2026-07-15T21:00:00Z
CLM000001389,MBR0000664,PRV000028,PROFESSIONAL,2025-03-06,2025-03-06,Z00.00,APPROVED,2498.15,2220.70,1666.35,,2025-03-13,2026-07-14T07:00:00Z
CLM000001390,MBR0000523,PRV000022,PROFESSIONAL,2026-06-26,2026-06-28,E11.9,APPROVED,2325.95,1911.46,1449.12,,2026-06-30,2026-07-03T15:00:00Z
CLM000001391,MBR0000944,PRV000020,PROFESSIONAL,2025-04-02,2025-04-03,N39.0,APPROVED,2195.12,1308.98,866.18,,2025-04-09,2026-07-14T00:00:00Z
CLM000001392,MBR0000066,PRV000025,INSTITUTIONAL,2025-05-12,2025-05-14,N39.0,DENIED,1533.61,1159.53,0.00,CO97,2025-05-22,2026-07-11T07:00:00Z
CLM000001393,MBR0000143,PRV000093,PROFESSIONAL,2025-04-27,2025-04-27,Z00.00,DENIED,3487.77,2634.32,0.00,CO16,2025-05-01,2026-07-04T10:00:00Z
CLM000001394,MBR0000038,PRV000084,PROFESSIONAL,2025-06-18,2025-06-19,Z00.00,APPROVED,453.89,283.43,270.10,,2025-06-21,2026-07-19T07:00:00Z
CLM000001395,MBR0000764,PRV000045,PROFESSIONAL,2025-06-10,2025-06-11,J45.909,APPROVED,1285.35,846.88,611.70,,2025-06-22,2026-07-05T08:00:00Z
CLM000001396,MBR0000208,PRV000022,INSTITUTIONAL,2025-09-28,2025-09-28,M54.50,APPROVED,4509.57,3981.69,3853.48,,2025-10-15,2026-07-13T05:00:00Z
CLM000001397,MBR0000776,PRV000057,PROFESSIONAL,2025-12-23,2025-12-23,Z00.00,APPROVED,1958.44,1679.24,1673.88,,2026-01-11,2026-07-09T02:00:00Z
CLM000001398,MBR0000350,PRV000048,PROFESSIONAL,2025-09-19,2025-09-19,J45.909,APPROVED,486.99,299.80,212.10,,2025-09-21,2026-07-08T11:00:00Z
CLM000001399,MBR0000010,PRV000040,INSTITUTIONAL,2025-03-30,2025-04-02,E11.9,APPROVED,3201.92,2337.21,2297.31,,2025-04-16,2026-07-19T22:00:00Z
CLM000001400,MBR0000984,PRV000081,PROFESSIONAL,2025-11-27,2025-11-28,E11.9,APPROVED,1814.26,1223.81,1088.98,,2025-12-09,2026-07-18T14:00:00Z
CLM000001401,MBR0000208,PRV000032,INSTITUTIONAL,2026-06-14,2026-06-15,N39.0,APPROVED,4594.39,3414.38,2269.40,,2026-06-19,2026-07-17T00:00:00Z
CLM000001402,MBR0000585,PRV000011,INSTITUTIONAL,2026-03-30,2026-03-31,N39.0,PENDING,1891.42,1757.94,0.00,,2026-04-03,2026-07-02T22:00:00Z
CLM000001403,MBR0000075,PRV000038,INSTITUTIONAL,2026-06-28,2026-06-29,I10,APPROVED,3708.85,2154.68,1864.58,,2026-07-10,2026-07-03T03:00:00Z
CLM000001404,MBR0000429,PRV000076,INSTITUTIONAL,2026-06-12,2026-06-13,Z00.00,APPROVED,4288.47,2564.90,2217.02,,2026-07-02,2026-07-04T23:00:00Z
CLM000001405,MBR0000482,PRV000029,PROFESSIONAL,2026-01-30,2026-02-01,I10,APPROVED,6271.94,3640.80,2437.85,,2026-02-16,2026-07-19T06:00:00Z
CLM000001406,MBR0000173,PRV000032,INSTITUTIONAL,2026-06-04,2026-06-07,M54.50,APPROVED,4440.62,3962.31,3614.26,,2026-06-22,2026-07-11T07:00:00Z
CLM000001407,MBR0000262,PRV000095,PROFESSIONAL,2026-04-24,2026-04-26,Z00.00,DENIED,852.16,720.14,0.00,CO16,2026-04-30,2026-07-17T21:00:00Z
CLM000001408,MBR0000428,PRV000078,INSTITUTIONAL,2025-04-16,2025-04-16,M54.50,PENDING,1125.76,702.50,0.00,,2025-04-21,2026-07-09T23:00:00Z
CLM000001409,MBR0000808,PRV000031,PROFESSIONAL,2025-11-07,2025-11-10,N39.0,APPROVED,2750.73,2045.55,1363.45,,2025-11-16,2026-07-07T19:00:00Z
CLM000001410,MBR0000422,PRV000084,INSTITUTIONAL,2025-10-22,2025-10-22,J45.909,APPROVED,5922.77,3325.63,2216.14,,2025-10-31,2026-07-17T15:00:00Z
CLM000001411,MBR0000587,PRV000089,INSTITUTIONAL,2025-11-05,2025-11-07,N39.0,APPROVED,2423.00,2291.44,1867.71,,2025-11-12,2026-07-09T11:00:00Z
CLM000001412,MBR0000387,PRV000001,INSTITUTIONAL,2025-04-03,2025-04-06,J45.909,APPROVED,653.27,579.32,524.50,,2025-04-04,2026-07-18T03:00:00Z
CLM000001413,MBR0000406,PRV000078,INSTITUTIONAL,2025-07-29,2025-08-01,Z00.00,APPROVED,2478.57,1955.86,1361.94,,2025-08-16,2026-07-02T06:00:00Z
CLM000001414,MBR0000347,PRV000032,PROFESSIONAL,2025-02-16,2025-02-17,E11.9,APPROVED,1894.28,1569.55,1355.20,,2025-03-08,2026-07-12T07:00:00Z
CLM000001415,MBR0000279,PRV000094,INSTITUTIONAL,2025-02-14,2025-02-17,E11.9,DENIED,1058.98,842.74,0.00,CO97,2025-03-06,2026-07-02T18:00:00Z
CLM000001416,MBR0000625,PRV000050,INSTITUTIONAL,2026-03-26,2026-03-26,J45.909,APPROVED,4388.88,3129.09,2253.57,,2026-04-08,2026-07-18T23:00:00Z
CLM000001417,MBR0000920,PRV000088,PROFESSIONAL,2025-02-01,2025-02-04,Z00.00,APPROVED,3960.82,2656.23,2341.77,,2025-02-14,2026-07-11T16:00:00Z
CLM000001418,MBR0000570,PRV000092,PROFESSIONAL,2025-04-27,2025-04-30,J45.909,DENIED,3018.56,1821.80,0.00,CO97,2025-05-03,2026-07-18T02:00:00Z
CLM000001419,MBR0000574,PRV000100,PROFESSIONAL,2025-07-23,2025-07-25,I10,APPROVED,4882.81,3508.27,3156.19,,2025-08-06,2026-07-07T03:00:00Z
CLM000001420,MBR0000005,PRV000008,PROFESSIONAL,2025-09-25,2025-09-26,E11.9,APPROVED,204.81,188.21,149.36,,2025-10-09,2026-07-10T01:00:00Z
CLM000001421,MBR0000465,PRV000027,PROFESSIONAL,2025-09-30,2025-10-02,E11.9,APPROVED,1759.52,1067.85,875.53,,2025-10-20,2026-07-16T22:00:00Z
CLM000001422,MBR0000923,PRV000060,PROFESSIONAL,2025-10-24,2025-10-26,I10,APPROVED,6803.11,3821.03,2573.17,,2025-10-29,2026-07-12T20:00:00Z
CLM000001423,MBR0000297,PRV000029,PROFESSIONAL,2026-06-10,2026-06-12,M54.50,PENDING,1875.33,1062.17,0.00,,2026-06-12,2026-07-02T09:00:00Z
CLM000001424,MBR0000361,PRV000019,PROFESSIONAL,2025-02-24,2025-02-27,Z00.00,APPROVED,5591.64,3115.71,2145.71,,2025-03-11,2026-07-04T14:00:00Z
CLM000001425,MBR0000302,PRV000027,INSTITUTIONAL,2025-01-22,2025-01-25,M54.50,APPROVED,2546.67,2211.38,2140.52,,2025-01-28,2026-07-15T01:00:00Z
CLM000001426,MBR0000069,PRV000041,PROFESSIONAL,2025-01-24,2025-01-26,M54.50,APPROVED,1381.86,1267.02,1216.37,,2025-02-03,2026-07-13T14:00:00Z
CLM000001427,MBR0000933,PRV000009,INSTITUTIONAL,2025-10-30,2025-10-31,E11.9,APPROVED,1805.68,1062.88,1014.83,,2025-11-04,2026-07-02T22:00:00Z
CLM000001428,MBR0000161,PRV000081,PROFESSIONAL,2026-03-06,2026-03-08,I10,APPROVED,4381.63,2780.30,2357.19,,2026-03-23,2026-07-14T02:00:00Z
CLM000001429,MBR0000229,PRV000049,INSTITUTIONAL,2025-04-02,2025-04-04,J45.909,APPROVED,4463.29,3435.45,3330.38,,2025-04-14,2026-07-05T13:00:00Z
CLM000001430,MBR0000375,PRV000064,INSTITUTIONAL,2026-06-22,2026-06-22,Z00.00,PENDING,2003.45,1485.29,0.00,,2026-07-08,2026-07-09T09:00:00Z
CLM000001431,MBR0000178,PRV000041,PROFESSIONAL,2025-05-20,2025-05-22,M54.50,DENIED,2570.22,2404.96,0.00,CO50,2025-05-26,2026-07-11T21:00:00Z
CLM000001432,MBR0000343,PRV000028,INSTITUTIONAL,2026-04-23,2026-04-25,J45.909,APPROVED,4845.93,3347.86,3116.57,,2026-04-24,2026-07-03T19:00:00Z
CLM000001433,MBR0000328,PRV000020,PROFESSIONAL,2025-04-15,2025-04-17,M54.50,APPROVED,3335.64,3090.43,2887.52,,2025-05-02,2026-07-04T00:00:00Z
CLM000001434,MBR0000793,PRV000072,PROFESSIONAL,2025-10-16,2025-10-17,M54.50,APPROVED,1463.72,1018.95,1000.55,,2025-11-01,2026-07-20T07:00:00Z
CLM000001435,MBR0000124,PRV000035,INSTITUTIONAL,2026-06-14,2026-06-14,Z00.00,APPROVED,1354.54,806.69,761.33,,2026-06-18,2026-07-02T10:00:00Z
CLM000001436,MBR0000421,PRV000090,PROFESSIONAL,2025-05-02,2025-05-03,J45.909,APPROVED,3965.26,2293.00,2204.49,,2025-05-17,2026-07-14T08:00:00Z
CLM000001437,MBR0000469,PRV000035,INSTITUTIONAL,2025-01-25,2025-01-25,I10,APPROVED,4430.32,3302.28,2450.99,,2025-02-13,2026-07-05T00:00:00Z
CLM000001438,MBR0000733,PRV000016,PROFESSIONAL,2025-04-27,2025-04-28,E11.9,APPROVED,2010.34,1590.39,1512.81,,2025-05-16,2026-07-20T11:00:00Z
CLM000001439,MBR0000542,PRV000050,INSTITUTIONAL,2026-02-03,2026-02-04,I10,APPROVED,5706.52,3508.15,2972.24,,2026-02-11,2026-07-01T15:00:00Z
CLM000001440,MBR0000915,PRV000028,INSTITUTIONAL,2025-06-23,2025-06-26,J45.909,DENIED,4216.29,3267.31,0.00,CO50,2025-06-27,2026-07-17T23:00:00Z
CLM000001441,MBR0000531,PRV000029,PROFESSIONAL,2025-06-18,2025-06-21,Z00.00,APPROVED,1618.60,1117.97,835.95,,2025-07-07,2026-07-18T16:00:00Z
CLM000001442,MBR0000380,PRV000086,INSTITUTIONAL,2025-05-02,2025-05-03,I10,PENDING,3996.84,3249.48,0.00,,2025-05-20,2026-07-08T02:00:00Z
CLM000001443,MBR0000211,PRV000079,PROFESSIONAL,2025-07-13,2025-07-14,I10,APPROVED,6645.60,3862.57,3146.47,,2025-07-14,2026-07-03T14:00:00Z
CLM000001444,MBR0000466,PRV000029,INSTITUTIONAL,2025-06-22,2025-06-23,Z00.00,APPROVED,2964.24,2682.77,2677.12,,2025-06-29,2026-07-06T07:00:00Z
CLM000001445,MBR0000494,PRV000083,PROFESSIONAL,2026-02-11,2026-02-13,E11.9,APPROVED,4413.59,3015.82,2063.30,,2026-02-28,2026-07-09T07:00:00Z
CLM000001446,MBR0000137,PRV000042,PROFESSIONAL,2025-11-26,2025-11-27,J45.909,DENIED,2732.65,2384.28,0.00,CO50,2025-12-12,2026-07-15T05:00:00Z
CLM000001447,MBR0000539,PRV000040,PROFESSIONAL,2025-04-14,2025-04-17,N39.0,APPROVED,6467.28,3981.34,3115.25,,2025-04-30,2026-07-18T16:00:00Z
CLM000001448,MBR0000902,PRV000050,PROFESSIONAL,2025-10-23,2025-10-23,I10,APPROVED,4920.53,2744.17,2110.59,,2025-11-03,2026-07-10T13:00:00Z
CLM000001449,MBR0000780,PRV000073,PROFESSIONAL,2025-01-17,2025-01-18,Z00.00,APPROVED,4088.50,3159.15,2511.50,,2025-01-27,2026-07-11T18:00:00Z
CLM000001450,MBR0000288,PRV000059,PROFESSIONAL,2025-11-24,2025-11-27,J45.909,APPROVED,2538.18,2000.07,1396.40,,2025-12-13,2026-07-20T15:00:00Z
CLM000001451,MBR0000060,PRV000051,INSTITUTIONAL,2025-12-26,2025-12-26,J45.909,APPROVED,2226.62,1309.56,999.43,,2025-12-28,2026-07-19T22:00:00Z
CLM000001452,MBR0000280,PRV000021,INSTITUTIONAL,2026-01-03,2026-01-06,J45.909,APPROVED,3089.88,1958.31,1712.32,,2026-01-08,2026-07-20T09:00:00Z
CLM000001453,MBR0000968,PRV000056,INSTITUTIONAL,2025-03-13,2025-03-14,J45.909,APPROVED,2626.96,1520.76,1246.14,,2025-03-18,2026-07-13T10:00:00Z
CLM000001454,MBR0000645,PRV000088,PROFESSIONAL,2025-12-26,2025-12-26,M54.50,APPROVED,5845.47,3475.77,3218.46,,2026-01-08,2026-07-13T22:00:00Z
CLM000001455,MBR0000787,PRV000030,PROFESSIONAL,2025-06-18,2025-06-19,I10,APPROVED,2081.71,1587.64,1481.88,,2025-06-25,2026-07-13T18:00:00Z
CLM000001456,MBR0000993,PRV000072,PROFESSIONAL,2026-03-27,2026-03-29,M54.50,APPROVED,5035.67,2995.90,2131.73,,2026-04-05,2026-07-14T23:00:00Z
CLM000001457,MBR0000229,PRV000075,INSTITUTIONAL,2026-05-22,2026-05-25,M54.50,APPROVED,2852.48,2351.04,2026.14,,2026-05-23,2026-07-02T20:00:00Z
CLM000001458,MBR0000523,PRV000060,PROFESSIONAL,2026-05-05,2026-05-05,I10,DENIED,5604.08,3490.18,0.00,CO50,2026-05-12,2026-07-16T23:00:00Z
CLM000001459,MBR0000472,PRV000061,PROFESSIONAL,2026-04-29,2026-05-02,E11.9,APPROVED,2448.61,1368.50,1173.43,,2026-05-18,2026-07-20T12:00:00Z
CLM000001460,MBR0000132,PRV000051,PROFESSIONAL,2025-01-25,2025-01-26,E11.9,APPROVED,2854.39,2306.98,1710.94,,2025-02-12,2026-07-18T09:00:00Z
CLM000001461,MBR0000273,PRV000023,PROFESSIONAL,2025-06-12,2025-06-15,M54.50,APPROVED,456.67,294.66,273.67,,2025-06-24,2026-07-11T17:00:00Z
CLM000001462,MBR0000951,PRV000029,INSTITUTIONAL,2025-11-01,2025-11-01,J45.909,APPROVED,2322.13,1456.20,1381.72,,2025-11-08,2026-07-12T19:00:00Z
CLM000001463,MBR0000466,PRV000088,PROFESSIONAL,2026-01-27,2026-01-29,N39.0,APPROVED,5615.26,3592.11,3288.10,,2026-02-13,2026-07-18T01:00:00Z
CLM000001464,MBR0000576,PRV000083,INSTITUTIONAL,2025-04-26,2025-04-29,M54.50,APPROVED,2184.72,1969.04,1945.75,,2025-05-03,2026-07-15T17:00:00Z
CLM000001465,MBR0000284,PRV000096,PROFESSIONAL,2025-05-08,2025-05-09,N39.0,APPROVED,5350.40,3897.43,3187.43,,2025-05-14,2026-07-17T03:00:00Z
CLM000001466,MBR0000987,PRV000022,PROFESSIONAL,2026-03-04,2026-03-06,M54.50,APPROVED,2776.98,2419.13,2341.47,,2026-03-18,2026-07-01T19:00:00Z
CLM000001467,MBR0000017,PRV000074,INSTITUTIONAL,2025-08-10,2025-08-13,N39.0,APPROVED,2865.44,2341.27,1598.14,,2025-08-24,2026-07-12T06:00:00Z
CLM000001468,MBR0000616,PRV000050,PROFESSIONAL,2026-04-25,2026-04-27,M54.50,APPROVED,4555.36,3678.93,3118.15,,2026-05-11,2026-07-16T08:00:00Z
CLM000001469,MBR0000379,PRV000050,PROFESSIONAL,2026-04-17,2026-04-20,J45.909,DENIED,4191.38,3151.45,0.00,CO97,2026-05-05,2026-07-08T04:00:00Z
CLM000001470,MBR0000389,PRV000042,PROFESSIONAL,2025-06-22,2025-06-24,J45.909,APPROVED,2040.21,1169.73,992.57,,2025-07-02,2026-07-14T04:00:00Z
CLM000001471,MBR0000956,PRV000075,PROFESSIONAL,2026-06-10,2026-06-11,N39.0,PENDING,3630.25,2300.62,0.00,,2026-06-30,2026-07-13T00:00:00Z
CLM000001472,MBR0000049,PRV000076,PROFESSIONAL,2025-03-07,2025-03-10,M54.50,APPROVED,2510.12,1847.12,1726.20,,2025-03-26,2026-07-16T21:00:00Z
CLM000001473,MBR0000917,PRV000094,PROFESSIONAL,2026-06-03,2026-06-04,N39.0,APPROVED,4862.19,2759.19,2219.78,,2026-06-16,2026-07-12T04:00:00Z
CLM000001474,MBR0000360,PRV000055,INSTITUTIONAL,2025-02-04,2025-02-05,J45.909,APPROVED,864.91,523.82,399.06,,2025-02-15,2026-07-18T02:00:00Z
CLM000001475,MBR0000634,PRV000081,INSTITUTIONAL,2025-02-27,2025-02-27,M54.50,APPROVED,973.54,606.35,578.85,,2025-02-28,2026-07-12T02:00:00Z
CLM000001476,MBR0000461,PRV000004,INSTITUTIONAL,2025-12-25,2025-12-26,M54.50,DENIED,2890.62,1957.26,0.00,CO97,2025-12-30,2026-07-04T09:00:00Z
CLM000001477,MBR0000221,PRV000005,INSTITUTIONAL,2025-05-09,2025-05-09,M54.50,APPROVED,3119.68,2256.90,1863.41,,2025-05-16,2026-07-18T12:00:00Z
CLM000001478,MBR0000753,PRV000097,INSTITUTIONAL,2025-07-31,2025-08-03,N39.0,APPROVED,1371.29,1194.37,909.46,,2025-08-01,2026-07-10T01:00:00Z
CLM000001479,MBR0000351,PRV000063,PROFESSIONAL,2025-01-31,2025-01-31,Z00.00,APPROVED,1278.84,1199.71,978.27,,2025-02-10,2026-07-04T00:00:00Z
CLM000001480,MBR0000785,PRV000088,INSTITUTIONAL,2026-03-05,2026-03-05,I10,APPROVED,591.47,385.09,335.18,,2026-03-06,2026-07-09T14:00:00Z
CLM000001481,MBR0000896,PRV000074,INSTITUTIONAL,2026-05-23,2026-05-24,J45.909,APPROVED,5112.68,3710.70,3200.27,,2026-06-04,2026-07-17T01:00:00Z
CLM000001482,MBR0000040,PRV000068,INSTITUTIONAL,2025-11-16,2025-11-17,J45.909,APPROVED,1225.57,977.24,896.24,,2025-12-06,2026-07-14T12:00:00Z
CLM000001483,MBR0000107,PRV000039,PROFESSIONAL,2026-06-20,2026-06-23,I10,APPROVED,3054.33,2763.76,2511.04,,2026-06-21,2026-07-19T16:00:00Z
CLM000001484,MBR0000618,PRV000014,INSTITUTIONAL,2025-12-28,2025-12-30,J45.909,APPROVED,3872.36,2218.34,1520.45,,2026-01-10,2026-07-05T11:00:00Z
CLM000001485,MBR0000177,PRV000099,INSTITUTIONAL,2026-01-16,2026-01-19,N39.0,DENIED,4826.22,3156.13,0.00,CO50,2026-02-01,2026-07-09T11:00:00Z
CLM000001486,MBR0000956,PRV000055,PROFESSIONAL,2026-05-24,2026-05-26,J45.909,APPROVED,4961.34,3580.00,3502.09,,2026-06-07,2026-07-11T01:00:00Z
CLM000001487,MBR0000925,PRV000054,PROFESSIONAL,2025-09-11,2025-09-12,N39.0,APPROVED,4866.67,2925.82,1990.17,,2025-09-29,2026-07-02T08:00:00Z
CLM000001488,MBR0000921,PRV000023,INSTITUTIONAL,2025-03-01,2025-03-01,J45.909,APPROVED,3712.57,2695.31,2508.19,,2025-03-10,2026-07-01T05:00:00Z
CLM000001489,MBR0000571,PRV000026,PROFESSIONAL,2026-02-04,2026-02-05,Z00.00,APPROVED,4069.92,3277.24,2305.06,,2026-02-08,2026-07-12T11:00:00Z
CLM000001490,MBR0000007,PRV000048,INSTITUTIONAL,2025-05-15,2025-05-16,N39.0,APPROVED,3831.49,3614.84,2427.78,,2025-05-21,2026-07-16T02:00:00Z
CLM000001491,MBR0000634,PRV000028,PROFESSIONAL,2025-02-15,2025-02-18,M54.50,APPROVED,2500.18,2139.16,1976.70,,2025-02-23,2026-07-08T04:00:00Z
CLM000001492,MBR0000813,PRV000066,INSTITUTIONAL,2026-02-24,2026-02-27,N39.0,DENIED,3698.93,2341.41,0.00,CO50,2026-03-15,2026-07-05T18:00:00Z
CLM000001493,MBR0000888,PRV000094,PROFESSIONAL,2025-05-14,2025-05-16,I10,APPROVED,2249.22,1662.08,1554.45,,2025-05-28,2026-07-15T20:00:00Z
CLM000001494,MBR0000310,PRV000006,PROFESSIONAL,2025-11-30,2025-12-02,N39.0,APPROVED,3930.67,2238.36,1603.32,,2025-12-04,2026-07-17T00:00:00Z
CLM000001495,MBR0000060,PRV000016,INSTITUTIONAL,2025-11-15,2025-11-16,E11.9,DENIED,2294.30,2025.40,0.00,CO50,2025-11-23,2026-07-19T15:00:00Z
CLM000001496,MBR0000513,PRV000054,INSTITUTIONAL,2025-12-25,2025-12-25,I10,APPROVED,1326.73,977.12,655.51,,2025-12-31,2026-07-05T09:00:00Z
CLM000001497,MBR0000045,PRV000054,INSTITUTIONAL,2026-02-22,2026-02-25,Z00.00,APPROVED,519.22,302.31,200.01,,2026-03-10,2026-07-01T12:00:00Z
CLM000001498,MBR0000220,PRV000054,PROFESSIONAL,2026-03-27,2026-03-27,J45.909,APPROVED,3311.35,3061.87,2857.75,,2026-04-04,2026-07-16T06:00:00Z
CLM000001499,MBR0000011,PRV000078,INSTITUTIONAL,2026-01-23,2026-01-24,M54.50,APPROVED,244.57,148.49,140.46,,2026-02-08,2026-07-01T20:00:00Z
CLM000001500,MBR0000536,PRV000092,PROFESSIONAL,2026-01-06,2026-01-08,I10,APPROVED,343.06,294.60,215.04,,2026-01-13,2026-07-06T04:00:00Z
CLM000001501,MBR0000550,PRV000052,PROFESSIONAL,2025-08-16,2025-08-19,N39.0,APPROVED,2464.50,1472.78,1238.80,,2025-09-04,2026-07-06T23:00:00Z
CLM000001502,MBR0000018,PRV000036,PROFESSIONAL,2025-07-21,2025-07-24,N39.0,APPROVED,3072.86,2197.13,1705.64,,2025-07-23,2026-07-20T18:00:00Z
CLM000001503,MBR0000198,PRV000027,INSTITUTIONAL,2025-10-31,2025-11-02,E11.9,APPROVED,545.61,480.02,425.14,,2025-11-03,2026-07-10T12:00:00Z
CLM000001504,MBR0000581,PRV000027,INSTITUTIONAL,2026-04-12,2026-04-15,I10,APPROVED,4843.43,3959.23,2754.27,,2026-04-25,2026-07-04T09:00:00Z
CLM000001505,MBR0000477,PRV000095,INSTITUTIONAL,2025-10-17,2025-10-17,Z00.00,APPROVED,251.69,227.73,196.14,,2025-10-18,2026-07-01T10:00:00Z
CLM000001506,MBR0000113,PRV000031,INSTITUTIONAL,2026-06-02,2026-06-05,E11.9,APPROVED,696.48,638.54,622.55,,2026-06-16,2026-07-11T23:00:00Z
CLM000001507,MBR0000681,PRV000039,PROFESSIONAL,2026-05-17,2026-05-18,N39.0,APPROVED,2129.16,1497.31,1149.93,,2026-06-06,2026-07-20T15:00:00Z
CLM000001508,MBR0000167,PRV000093,INSTITUTIONAL,2025-10-04,2025-10-06,J45.909,APPROVED,894.09,503.82,469.60,,2025-10-19,2026-07-07T02:00:00Z
CLM000001509,MBR0000055,PRV000070,PROFESSIONAL,2025-07-05,2025-07-05,N39.0,APPROVED,3438.49,1925.94,1381.32,,2025-07-08,2026-07-16T12:00:00Z
CLM000001510,MBR0000107,PRV000087,PROFESSIONAL,2026-02-22,2026-02-25,I10,APPROVED,1964.72,1832.40,1740.74,,2026-03-02,2026-07-11T15:00:00Z
CLM000001511,MBR0000916,PRV000057,INSTITUTIONAL,2026-01-29,2026-01-30,J45.909,APPROVED,5536.36,3413.87,2722.22,,2026-02-04,2026-07-10T21:00:00Z
CLM000001512,MBR0000235,PRV000008,PROFESSIONAL,2025-04-21,2025-04-21,E11.9,DENIED,4898.09,3582.97,0.00,CO97,2025-04-30,2026-07-13T01:00:00Z
CLM000001513,MBR0000153,PRV000031,PROFESSIONAL,2025-09-18,2025-09-21,J45.909,APPROVED,5037.55,3681.03,2803.14,,2025-09-29,2026-07-07T07:00:00Z
CLM000001514,MBR0000951,PRV000084,INSTITUTIONAL,2026-03-16,2026-03-17,N39.0,APPROVED,4209.04,3728.48,2802.74,,2026-03-17,2026-07-16T17:00:00Z
CLM000001515,MBR0000713,PRV000087,INSTITUTIONAL,2025-08-04,2025-08-07,J45.909,PENDING,4283.95,2552.46,0.00,,2025-08-12,2026-07-08T08:00:00Z
CLM000001516,MBR0000857,PRV000047,INSTITUTIONAL,2025-10-26,2025-10-26,J45.909,APPROVED,621.32,347.57,311.37,,2025-11-14,2026-07-07T15:00:00Z
CLM000001517,MBR0000636,PRV000046,INSTITUTIONAL,2026-01-08,2026-01-08,Z00.00,APPROVED,2990.35,2278.23,2109.06,,2026-01-27,2026-07-05T16:00:00Z
CLM000001518,MBR0000970,PRV000027,PROFESSIONAL,2026-01-05,2026-01-07,J45.909,APPROVED,1274.62,1184.12,1033.03,,2026-01-18,2026-07-06T23:00:00Z
CLM000001519,MBR0000960,PRV000075,PROFESSIONAL,2025-07-25,2025-07-26,I10,DENIED,2989.73,2428.58,0.00,CO16,2025-07-31,2026-07-11T12:00:00Z
CLM000001520,MBR0000435,PRV000023,INSTITUTIONAL,2025-03-16,2025-03-16,I10,PENDING,3540.00,2810.75,0.00,,2025-03-22,2026-07-16T20:00:00Z
CLM000001521,MBR0000624,PRV000033,INSTITUTIONAL,2025-12-23,2025-12-23,J45.909,APPROVED,280.03,182.18,175.57,,2026-01-07,2026-07-03T19:00:00Z
CLM000001522,MBR0000706,PRV000095,PROFESSIONAL,2025-02-12,2025-02-15,J45.909,APPROVED,3107.47,2000.23,1794.50,,2025-02-18,2026-07-16T06:00:00Z
CLM000001523,MBR0000676,PRV000082,INSTITUTIONAL,2026-04-16,2026-04-18,I10,APPROVED,1318.75,991.75,681.75,,2026-04-18,2026-07-06T08:00:00Z
CLM000001524,MBR0000234,PRV000022,INSTITUTIONAL,2026-05-27,2026-05-30,E11.9,APPROVED,3952.01,2250.77,1875.57,,2026-06-15,2026-07-10T06:00:00Z
CLM000001525,MBR0000836,PRV000095,PROFESSIONAL,2025-12-22,2025-12-25,E11.9,APPROVED,798.78,600.91,499.09,,2026-01-11,2026-07-08T02:00:00Z
CLM000001526,MBR0000824,PRV000030,INSTITUTIONAL,2026-02-24,2026-02-26,M54.50,APPROVED,498.44,423.56,341.34,,2026-03-08,2026-07-11T09:00:00Z
CLM000001527,MBR0000666,PRV000065,PROFESSIONAL,2025-01-15,2025-01-15,Z00.00,APPROVED,599.33,559.82,415.57,,2025-02-02,2026-07-06T18:00:00Z
CLM000001528,MBR0000072,PRV000048,PROFESSIONAL,2025-04-20,2025-04-21,N39.0,APPROVED,3322.71,3090.92,2965.70,,2025-04-21,2026-07-13T13:00:00Z
CLM000001529,MBR0000987,PRV000076,INSTITUTIONAL,2025-07-25,2025-07-26,N39.0,APPROVED,1564.44,1377.67,1182.37,,2025-08-01,2026-07-09T21:00:00Z
CLM000001530,MBR0000425,PRV000013,INSTITUTIONAL,2026-02-10,2026-02-12,Z00.00,DENIED,4040.32,3521.92,0.00,CO50,2026-02-15,2026-07-04T12:00:00Z
CLM000001531,MBR0000901,PRV000042,PROFESSIONAL,2026-04-29,2026-04-29,J45.909,DENIED,4891.55,3081.53,0.00,CO16,2026-05-12,2026-07-15T19:00:00Z
CLM000001532,MBR0000322,PRV000090,PROFESSIONAL,2025-08-06,2025-08-09,Z00.00,PENDING,151.16,89.19,0.00,,2025-08-15,2026-07-09T10:00:00Z
CLM000001533,MBR0000994,PRV000041,INSTITUTIONAL,2025-10-07,2025-10-07,J45.909,PENDING,461.10,264.63,0.00,,2025-10-18,2026-07-14T15:00:00Z
CLM000001534,MBR0000947,PRV000004,INSTITUTIONAL,2026-04-18,2026-04-18,J45.909,APPROVED,1493.02,931.22,809.87,,2026-05-06,2026-07-02T12:00:00Z
CLM000001535,MBR0000870,PRV000046,INSTITUTIONAL,2025-10-16,2025-10-19,J45.909,APPROVED,2956.31,2510.03,2327.24,,2025-10-30,2026-07-01T09:00:00Z
CLM000001536,MBR0000482,PRV000078,PROFESSIONAL,2025-07-26,2025-07-26,M54.50,APPROVED,3898.91,2965.68,2454.10,,2025-08-07,2026-07-02T17:00:00Z
CLM000001537,MBR0000263,PRV000010,INSTITUTIONAL,2025-04-13,2025-04-14,E11.9,APPROVED,4177.21,2749.28,2560.63,,2025-04-21,2026-07-06T22:00:00Z
CLM000001538,MBR0000285,PRV000049,PROFESSIONAL,2025-04-27,2025-04-29,N39.0,APPROVED,1490.97,1163.70,1018.55,,2025-05-15,2026-07-08T05:00:00Z
CLM000001539,MBR0000095,PRV000092,INSTITUTIONAL,2025-10-01,2025-10-01,E11.9,APPROVED,5428.11,3665.60,3062.96,,2025-10-11,2026-07-13T10:00:00Z
CLM000001540,MBR0000823,PRV000033,PROFESSIONAL,2025-03-06,2025-03-08,I10,APPROVED,4863.59,3704.30,2466.51,,2025-03-25,2026-07-04T17:00:00Z
CLM000001541,MBR0000711,PRV000052,PROFESSIONAL,2026-05-03,2026-05-05,I10,APPROVED,3715.31,2782.15,1925.73,,2026-05-12,2026-07-05T10:00:00Z
CLM000001542,MBR0000384,PRV000084,INSTITUTIONAL,2025-04-10,2025-04-13,E11.9,APPROVED,4556.01,2946.62,2834.25,,2025-04-19,2026-07-15T15:00:00Z
CLM000001543,MBR0000088,PRV000047,INSTITUTIONAL,2025-06-18,2025-06-21,J45.909,APPROVED,4427.08,3852.52,2884.62,,2025-07-01,2026-07-07T15:00:00Z
CLM000001544,MBR0000726,PRV000043,PROFESSIONAL,2026-06-03,2026-06-03,N39.0,DENIED,5546.23,3998.76,0.00,CO50,2026-06-19,2026-07-05T16:00:00Z
CLM000001545,MBR0000024,PRV000031,PROFESSIONAL,2025-05-07,2025-05-10,M54.50,APPROVED,5781.77,3703.87,3107.94,,2025-05-17,2026-07-09T17:00:00Z
CLM000001546,MBR0000490,PRV000064,PROFESSIONAL,2025-03-09,2025-03-12,J45.909,APPROVED,4032.74,2737.42,2045.86,,2025-03-12,2026-07-19T03:00:00Z
CLM000001547,MBR0000621,PRV000010,PROFESSIONAL,2025-07-08,2025-07-09,E11.9,APPROVED,2442.87,1734.15,1164.82,,2025-07-10,2026-07-01T16:00:00Z
CLM000001548,MBR0000588,PRV000092,PROFESSIONAL,2026-01-02,2026-01-02,N39.0,APPROVED,4060.18,3042.47,2277.27,,2026-01-21,2026-07-12T19:00:00Z
CLM000001549,MBR0000928,PRV000013,PROFESSIONAL,2025-10-04,2025-10-05,E11.9,APPROVED,2923.49,1764.02,1362.01,,2025-10-12,2026-07-19T23:00:00Z
CLM000001550,MBR0000494,PRV000046,PROFESSIONAL,2025-09-10,2025-09-13,N39.0,APPROVED,5005.94,3551.56,2681.32,,2025-09-20,2026-07-18T20:00:00Z
CLM000001551,MBR0000590,PRV000027,INSTITUTIONAL,2026-04-15,2026-04-17,I10,APPROVED,1905.84,1631.08,1601.85,,2026-04-30,2026-07-20T19:00:00Z
CLM000001552,MBR0000500,PRV000076,INSTITUTIONAL,2025-10-27,2025-10-27,I10,DENIED,4984.50,2947.19,0.00,CO50,2025-11-11,2026-07-06T16:00:00Z
CLM000001553,MBR0000387,PRV000080,INSTITUTIONAL,2025-06-05,2025-06-05,N39.0,DENIED,1654.36,1284.88,0.00,CO16,2025-06-08,2026-07-17T01:00:00Z
CLM000001554,MBR0000826,PRV000014,PROFESSIONAL,2026-04-21,2026-04-24,E11.9,APPROVED,1034.56,577.55,431.97,,2026-04-27,2026-07-14T11:00:00Z
CLM000001555,MBR0000082,PRV000004,INSTITUTIONAL,2026-03-06,2026-03-07,E11.9,APPROVED,4795.41,2889.74,2251.92,,2026-03-22,2026-07-02T22:00:00Z
CLM000001556,MBR0000007,PRV000024,INSTITUTIONAL,2026-03-16,2026-03-17,M54.50,APPROVED,3430.79,2835.82,2833.52,,2026-04-05,2026-07-16T20:00:00Z
CLM000001557,MBR0000001,PRV000054,INSTITUTIONAL,2026-04-12,2026-04-15,E11.9,APPROVED,1025.68,870.47,648.04,,2026-04-23,2026-07-03T08:00:00Z
CLM000001558,MBR0000085,PRV000041,INSTITUTIONAL,2025-10-25,2025-10-28,E11.9,APPROVED,6180.30,3694.37,3141.18,,2025-10-30,2026-07-16T12:00:00Z
CLM000001559,MBR0000318,PRV000052,INSTITUTIONAL,2025-10-06,2025-10-06,N39.0,APPROVED,4924.05,3039.42,2908.28,,2025-10-17,2026-07-09T03:00:00Z
CLM000001560,MBR0000582,PRV000064,INSTITUTIONAL,2025-07-27,2025-07-30,N39.0,APPROVED,2112.38,1445.55,1221.24,,2025-08-07,2026-07-02T08:00:00Z
CLM000001561,MBR0000020,PRV000068,PROFESSIONAL,2026-04-29,2026-05-01,E11.9,DENIED,3433.76,2813.41,0.00,CO97,2026-05-16,2026-07-14T05:00:00Z
CLM000001562,MBR0000577,PRV000086,PROFESSIONAL,2025-01-29,2025-02-01,M54.50,APPROVED,780.56,505.35,488.81,,2025-02-01,2026-07-15T20:00:00Z
CLM000001563,MBR0000688,PRV000029,INSTITUTIONAL,2025-03-09,2025-03-11,E11.9,APPROVED,2706.97,1593.12,1416.46,,2025-03-12,2026-07-11T01:00:00Z
CLM000001564,MBR0000761,PRV000069,INSTITUTIONAL,2026-06-24,2026-06-25,Z00.00,APPROVED,84.02,66.53,54.26,,2026-07-06,2026-07-12T14:00:00Z
CLM000001565,MBR0000601,PRV000016,PROFESSIONAL,2025-10-08,2025-10-08,J45.909,PENDING,1001.65,856.97,0.00,,2025-10-14,2026-07-12T19:00:00Z
CLM000001566,MBR0000695,PRV000074,INSTITUTIONAL,2026-03-18,2026-03-20,N39.0,APPROVED,1006.77,719.64,554.74,,2026-03-31,2026-07-19T23:00:00Z
CLM000001567,MBR0000040,PRV000009,INSTITUTIONAL,2025-05-13,2025-05-14,M54.50,APPROVED,3844.60,3505.60,2336.63,,2025-05-25,2026-07-11T19:00:00Z
CLM000001568,MBR0000587,PRV000052,PROFESSIONAL,2025-07-10,2025-07-13,E11.9,APPROVED,2514.52,2187.37,2090.50,,2025-07-22,2026-07-08T12:00:00Z
CLM000001569,MBR0000628,PRV000057,INSTITUTIONAL,2025-03-13,2025-03-13,Z00.00,DENIED,5704.14,3285.65,0.00,CO97,2025-03-23,2026-07-04T01:00:00Z
CLM000001570,MBR0000295,PRV000031,PROFESSIONAL,2025-11-06,2025-11-07,N39.0,APPROVED,6338.27,3820.66,2853.38,,2025-11-20,2026-07-01T22:00:00Z
CLM000001571,MBR0000851,PRV000041,PROFESSIONAL,2025-10-25,2025-10-26,M54.50,APPROVED,373.95,273.14,189.63,,2025-11-06,2026-07-04T06:00:00Z
CLM000001572,MBR0000337,PRV000039,INSTITUTIONAL,2025-02-22,2025-02-23,M54.50,APPROVED,1119.97,874.57,805.64,,2025-03-07,2026-07-06T16:00:00Z
CLM000001573,MBR0000014,PRV000048,INSTITUTIONAL,2026-02-07,2026-02-07,E11.9,APPROVED,4586.80,3849.93,2933.11,,2026-02-13,2026-07-09T14:00:00Z
CLM000001574,MBR0000887,PRV000080,PROFESSIONAL,2026-02-27,2026-03-01,N39.0,APPROVED,3934.26,3514.49,2392.41,,2026-03-09,2026-07-04T04:00:00Z
CLM000001575,MBR0000340,PRV000055,PROFESSIONAL,2025-11-25,2025-11-28,Z00.00,APPROVED,1331.45,900.35,734.22,,2025-12-14,2026-07-09T14:00:00Z
CLM000001576,MBR0000618,PRV000007,PROFESSIONAL,2025-06-11,2025-06-14,E11.9,APPROVED,4548.57,3916.00,2817.73,,2025-06-15,2026-07-07T15:00:00Z
CLM000001577,MBR0000228,PRV000056,INSTITUTIONAL,2025-05-28,2025-05-30,I10,DENIED,4143.93,2333.37,0.00,CO50,2025-06-04,2026-07-03T21:00:00Z
CLM000001578,MBR0000939,PRV000038,PROFESSIONAL,2025-06-05,2025-06-08,Z00.00,APPROVED,4123.17,2818.41,2748.46,,2025-06-21,2026-07-14T07:00:00Z
CLM000001579,MBR0000833,PRV000029,INSTITUTIONAL,2025-01-16,2025-01-16,I10,APPROVED,2744.35,2121.98,1456.26,,2025-02-05,2026-07-05T15:00:00Z
CLM000001580,MBR0000440,PRV000066,INSTITUTIONAL,2025-08-24,2025-08-24,N39.0,APPROVED,2215.29,1893.18,1662.80,,2025-09-04,2026-07-16T23:00:00Z
CLM000001581,MBR0000195,PRV000006,PROFESSIONAL,2025-03-16,2025-03-18,M54.50,APPROVED,230.62,161.84,161.45,,2025-03-31,2026-07-12T03:00:00Z
CLM000001582,MBR0000015,PRV000049,PROFESSIONAL,2025-05-18,2025-05-19,M54.50,APPROVED,5100.20,3420.67,3310.61,,2025-05-28,2026-07-06T11:00:00Z
CLM000001583,MBR0000461,PRV000077,INSTITUTIONAL,2026-02-13,2026-02-16,E11.9,APPROVED,806.55,665.08,587.29,,2026-02-15,2026-07-18T01:00:00Z
CLM000001584,MBR0000650,PRV000018,PROFESSIONAL,2025-05-30,2025-06-02,N39.0,APPROVED,385.21,281.82,190.11,,2025-06-13,2026-07-10T01:00:00Z
CLM000001585,MBR0000795,PRV000043,INSTITUTIONAL,2025-10-27,2025-10-27,J45.909,APPROVED,3195.51,1780.51,1615.34,,2025-10-30,2026-07-11T10:00:00Z
CLM000001586,MBR0000685,PRV000044,INSTITUTIONAL,2025-05-29,2025-05-31,I10,APPROVED,4704.82,3929.54,3371.43,,2025-06-02,2026-07-16T17:00:00Z
CLM000001587,MBR0000541,PRV000040,INSTITUTIONAL,2026-06-16,2026-06-18,E11.9,APPROVED,5988.60,3689.88,2752.59,,2026-06-27,2026-07-15T14:00:00Z
CLM000001588,MBR0000680,PRV000039,INSTITUTIONAL,2026-01-28,2026-01-29,Z00.00,APPROVED,1285.12,1085.41,865.80,,2026-02-17,2026-07-02T14:00:00Z
CLM000001589,MBR0000322,PRV000100,PROFESSIONAL,2025-10-07,2025-10-10,N39.0,APPROVED,664.33,457.16,367.28,,2025-10-14,2026-07-08T19:00:00Z
CLM000001590,MBR0000665,PRV000065,PROFESSIONAL,2025-04-25,2025-04-25,I10,APPROVED,1034.40,783.46,627.36,,2025-05-07,2026-07-16T08:00:00Z
CLM000001591,MBR0000664,PRV000052,INSTITUTIONAL,2026-05-29,2026-05-31,M54.50,APPROVED,384.63,251.80,236.11,,2026-05-31,2026-07-19T13:00:00Z
CLM000001592,MBR0000365,PRV000086,PROFESSIONAL,2025-08-04,2025-08-04,E11.9,DENIED,1421.34,1266.72,0.00,CO97,2025-08-13,2026-07-13T04:00:00Z
CLM000001593,MBR0000682,PRV000087,PROFESSIONAL,2025-01-28,2025-01-28,M54.50,APPROVED,6095.22,3738.72,3647.97,,2025-02-04,2026-07-06T03:00:00Z
CLM000001594,MBR0000886,PRV000016,PROFESSIONAL,2025-02-09,2025-02-11,E11.9,APPROVED,729.17,413.63,305.46,,2025-02-23,2026-07-09T05:00:00Z
CLM000001595,MBR0000424,PRV000044,PROFESSIONAL,2026-02-07,2026-02-09,I10,APPROVED,4641.70,3674.16,3564.26,,2026-02-23,2026-07-09T02:00:00Z
CLM000001596,MBR0000578,PRV000095,INSTITUTIONAL,2025-12-21,2025-12-22,Z00.00,APPROVED,448.40,279.67,247.67,,2025-12-27,2026-07-08T01:00:00Z
CLM000001597,MBR0000983,PRV000064,PROFESSIONAL,2025-03-19,2025-03-20,N39.0,APPROVED,5046.68,2832.91,2609.36,,2025-04-07,2026-07-10T11:00:00Z
CLM000001598,MBR0000281,PRV000080,PROFESSIONAL,2025-02-23,2025-02-25,E11.9,DENIED,941.60,639.59,0.00,CO16,2025-03-09,2026-07-15T20:00:00Z
CLM000001599,MBR0000389,PRV000082,INSTITUTIONAL,2025-10-08,2025-10-10,Z00.00,APPROVED,790.43,563.64,391.35,,2025-10-10,2026-07-06T09:00:00Z
CLM000001600,MBR0000359,PRV000015,INSTITUTIONAL,2026-01-31,2026-02-02,E11.9,APPROVED,6311.87,3975.88,2869.00,,2026-02-15,2026-07-01T16:00:00Z
CLM000001601,MBR0000331,PRV000058,PROFESSIONAL,2025-09-28,2025-09-28,I10,APPROVED,4952.76,3433.97,3124.40,,2025-10-01,2026-07-04T02:00:00Z
CLM000001602,MBR0000999,PRV000071,INSTITUTIONAL,2025-01-29,2025-01-29,M54.50,APPROVED,2573.68,2353.23,2053.14,,2025-01-30,2026-07-15T00:00:00Z
CLM000001603,MBR0000438,PRV000043,INSTITUTIONAL,2025-03-24,2025-03-24,J45.909,PENDING,1042.32,649.81,0.00,,2025-03-26,2026-07-16T16:00:00Z
CLM000001604,MBR0000604,PRV000080,PROFESSIONAL,2025-04-11,2025-04-13,J45.909,APPROVED,4214.50,3350.60,2841.31,,2025-04-15,2026-07-19T17:00:00Z
CLM000001605,MBR0000324,PRV000078,INSTITUTIONAL,2025-08-13,2025-08-16,E11.9,DENIED,926.33,701.32,0.00,CO50,2025-08-21,2026-07-07T06:00:00Z
CLM000001606,MBR0000919,PRV000050,INSTITUTIONAL,2026-04-26,2026-04-29,J45.909,APPROVED,3780.15,2482.31,1695.84,,2026-05-01,2026-07-04T00:00:00Z
CLM000001607,MBR0000687,PRV000097,PROFESSIONAL,2025-03-12,2025-03-14,I10,APPROVED,384.56,268.07,185.56,,2025-03-14,2026-07-14T06:00:00Z
CLM000001608,MBR0000214,PRV000022,PROFESSIONAL,2025-03-09,2025-03-12,J45.909,DENIED,3971.41,2551.27,0.00,CO50,2025-03-15,2026-07-06T12:00:00Z
CLM000001609,MBR0000504,PRV000018,PROFESSIONAL,2026-06-04,2026-06-06,N39.0,APPROVED,2298.40,1802.89,1293.55,,2026-06-24,2026-07-09T03:00:00Z
CLM000001610,MBR0000458,PRV000086,INSTITUTIONAL,2026-04-15,2026-04-17,E11.9,APPROVED,5192.68,3382.21,3291.60,,2026-04-17,2026-07-11T21:00:00Z
CLM000001611,MBR0000669,PRV000069,INSTITUTIONAL,2025-04-12,2025-04-14,Z00.00,PENDING,2073.34,1836.34,0.00,,2025-04-21,2026-07-12T13:00:00Z
CLM000001612,MBR0000341,PRV000007,PROFESSIONAL,2025-09-27,2025-09-27,I10,PENDING,1307.61,972.81,0.00,,2025-10-09,2026-07-11T14:00:00Z
CLM000001613,MBR0000743,PRV000018,INSTITUTIONAL,2025-02-27,2025-02-27,M54.50,APPROVED,2796.25,1942.19,1782.11,,2025-03-19,2026-07-01T23:00:00Z
CLM000001614,MBR0000319,PRV000090,PROFESSIONAL,2025-02-19,2025-02-22,J45.909,DENIED,3113.69,2562.23,0.00,CO50,2025-02-27,2026-07-01T10:00:00Z
CLM000001615,MBR0000913,PRV000054,INSTITUTIONAL,2026-01-29,2026-01-29,J45.909,APPROVED,3969.67,2334.08,1987.29,,2026-02-14,2026-07-04T01:00:00Z
CLM000001616,MBR0000673,PRV000074,INSTITUTIONAL,2025-03-07,2025-03-10,M54.50,APPROVED,1930.70,1797.32,1295.79,,2025-03-27,2026-07-13T21:00:00Z
CLM000001617,MBR0000884,PRV000066,INSTITUTIONAL,2025-11-18,2025-11-21,M54.50,APPROVED,198.69,117.77,96.75,,2025-12-06,2026-07-17T16:00:00Z
CLM000001618,MBR0000704,PRV000056,PROFESSIONAL,2025-12-31,2025-12-31,E11.9,APPROVED,2678.32,1812.85,1497.01,,2026-01-15,2026-07-03T10:00:00Z
CLM000001619,MBR0000674,PRV000012,PROFESSIONAL,2026-04-24,2026-04-26,E11.9,APPROVED,4861.37,3348.57,3072.82,,2026-05-12,2026-07-06T09:00:00Z
CLM000001620,MBR0000830,PRV000028,INSTITUTIONAL,2026-03-14,2026-03-14,I10,APPROVED,1734.10,1522.98,1330.38,,2026-04-03,2026-07-03T11:00:00Z
CLM000001621,MBR0000613,PRV000034,INSTITUTIONAL,2026-04-30,2026-04-30,Z00.00,APPROVED,5007.64,3090.30,2599.61,,2026-05-20,2026-07-09T04:00:00Z
CLM000001622,MBR0000052,PRV000082,INSTITUTIONAL,2025-04-24,2025-04-26,E11.9,APPROVED,4547.44,3315.25,3190.56,,2025-05-08,2026-07-13T03:00:00Z
CLM000001623,MBR0000052,PRV000072,PROFESSIONAL,2026-05-31,2026-06-02,N39.0,APPROVED,1480.90,1398.74,1388.29,,2026-06-20,2026-07-16T15:00:00Z
CLM000001624,MBR0000459,PRV000045,INSTITUTIONAL,2025-04-11,2025-04-14,M54.50,APPROVED,935.08,749.28,568.36,,2025-04-15,2026-07-20T08:00:00Z
CLM000001625,MBR0000779,PRV000061,PROFESSIONAL,2026-05-05,2026-05-08,Z00.00,APPROVED,2531.92,2147.10,2034.63,,2026-05-25,2026-07-12T23:00:00Z
CLM000001626,MBR0000689,PRV000048,INSTITUTIONAL,2026-03-17,2026-03-18,I10,APPROVED,1518.97,878.40,845.48,,2026-03-24,2026-07-16T11:00:00Z
CLM000001627,MBR0000154,PRV000088,PROFESSIONAL,2025-11-17,2025-11-18,Z00.00,APPROVED,822.93,627.20,561.05,,2025-12-03,2026-07-19T13:00:00Z
CLM000001628,MBR0000536,PRV000006,PROFESSIONAL,2025-08-22,2025-08-25,N39.0,APPROVED,4567.57,3137.52,3019.27,,2025-09-08,2026-07-13T05:00:00Z
CLM000001629,MBR0000656,PRV000047,PROFESSIONAL,2025-01-28,2025-01-30,J45.909,APPROVED,5538.02,3809.16,2983.28,,2025-02-02,2026-07-14T04:00:00Z
CLM000001630,MBR0000379,PRV000026,PROFESSIONAL,2026-02-12,2026-02-14,E11.9,APPROVED,4280.56,2560.03,1685.93,,2026-02-22,2026-07-15T15:00:00Z
CLM000001631,MBR0000538,PRV000004,PROFESSIONAL,2025-07-25,2025-07-26,N39.0,APPROVED,1193.36,1026.52,1003.18,,2025-08-02,2026-07-20T12:00:00Z
CLM000001632,MBR0000336,PRV000050,PROFESSIONAL,2026-01-23,2026-01-25,M54.50,APPROVED,6291.85,3760.05,3156.86,,2026-02-01,2026-07-05T18:00:00Z
CLM000001633,MBR0000077,PRV000005,PROFESSIONAL,2025-06-02,2025-06-03,E11.9,APPROVED,3536.64,2647.48,2201.50,,2025-06-21,2026-07-17T23:00:00Z
CLM000001634,MBR0000013,PRV000047,INSTITUTIONAL,2025-06-10,2025-06-11,J45.909,APPROVED,3666.10,2412.05,2117.00,,2025-06-29,2026-07-13T19:00:00Z
CLM000001635,MBR0000472,PRV000013,INSTITUTIONAL,2025-09-14,2025-09-14,I10,APPROVED,3926.44,2401.54,2366.95,,2025-09-28,2026-07-17T00:00:00Z
CLM000001636,MBR0000875,PRV000054,PROFESSIONAL,2025-11-25,2025-11-25,N39.0,APPROVED,6029.82,3462.08,2521.36,,2025-11-27,2026-07-10T07:00:00Z
CLM000001637,MBR0000831,PRV000068,PROFESSIONAL,2025-03-04,2025-03-04,E11.9,APPROVED,1344.51,1149.53,784.01,,2025-03-17,2026-07-12T19:00:00Z
CLM000001638,MBR0000806,PRV000097,INSTITUTIONAL,2026-06-13,2026-06-15,Z00.00,APPROVED,1844.50,1264.80,1206.66,,2026-06-16,2026-07-03T17:00:00Z
CLM000001639,MBR0000172,PRV000051,INSTITUTIONAL,2026-03-31,2026-04-01,E11.9,APPROVED,3909.25,2233.04,1459.04,,2026-04-01,2026-07-03T14:00:00Z
CLM000001640,MBR0000669,PRV000072,INSTITUTIONAL,2026-03-29,2026-04-01,Z00.00,APPROVED,4474.54,3337.62,2256.77,,2026-04-06,2026-07-13T01:00:00Z
CLM000001641,MBR0000754,PRV000027,INSTITUTIONAL,2025-07-06,2025-07-06,E11.9,PENDING,1676.80,949.47,0.00,,2025-07-12,2026-07-14T04:00:00Z
CLM000001642,MBR0000037,PRV000047,PROFESSIONAL,2026-04-15,2026-04-16,I10,DENIED,5013.82,3249.09,0.00,CO16,2026-05-04,2026-07-13T14:00:00Z
CLM000001643,MBR0000096,PRV000082,INSTITUTIONAL,2025-12-06,2025-12-07,I10,APPROVED,2034.63,1381.66,1100.99,,2025-12-14,2026-07-13T07:00:00Z
CLM000001644,MBR0000387,PRV000063,PROFESSIONAL,2025-06-26,2025-06-26,J45.909,APPROVED,293.19,218.23,174.73,,2025-06-27,2026-07-01T07:00:00Z
CLM000001645,MBR0000219,PRV000022,PROFESSIONAL,2026-06-28,2026-06-28,M54.50,PENDING,676.08,420.42,0.00,,2026-07-18,2026-07-04T15:00:00Z
CLM000001646,MBR0000650,PRV000046,PROFESSIONAL,2026-06-09,2026-06-10,N39.0,APPROVED,1764.31,1154.63,908.70,,2026-06-26,2026-07-10T06:00:00Z
CLM000001647,MBR0000292,PRV000063,PROFESSIONAL,2025-06-10,2025-06-13,E11.9,APPROVED,4724.49,3019.48,2270.69,,2025-06-29,2026-07-15T09:00:00Z
CLM000001648,MBR0000482,PRV000026,PROFESSIONAL,2025-08-12,2025-08-15,N39.0,DENIED,1990.84,1724.79,0.00,CO50,2025-08-19,2026-07-14T20:00:00Z
CLM000001649,MBR0000535,PRV000015,PROFESSIONAL,2025-10-03,2025-10-04,M54.50,APPROVED,3007.63,2852.12,2295.05,,2025-10-13,2026-07-04T15:00:00Z
CLM000001650,MBR0000261,PRV000096,PROFESSIONAL,2026-03-27,2026-03-29,J45.909,APPROVED,3184.15,1825.17,1305.63,,2026-04-12,2026-07-12T08:00:00Z
CLM000001651,MBR0000646,PRV000014,PROFESSIONAL,2026-06-04,2026-06-07,N39.0,PENDING,4720.81,3054.12,0.00,,2026-06-16,2026-07-14T03:00:00Z
CLM000001652,MBR0000386,PRV000034,PROFESSIONAL,2025-03-13,2025-03-15,J45.909,APPROVED,2449.43,2240.04,1588.97,,2025-03-16,2026-07-10T07:00:00Z
CLM000001653,MBR0000257,PRV000031,PROFESSIONAL,2026-01-25,2026-01-28,J45.909,APPROVED,2210.27,1319.83,863.07,,2026-01-29,2026-07-18T03:00:00Z
CLM000001654,MBR0000108,PRV000095,PROFESSIONAL,2025-04-15,2025-04-15,Z00.00,APPROVED,4358.63,2565.71,2028.57,,2025-04-19,2026-07-01T10:00:00Z
CLM000001655,MBR0000357,PRV000091,PROFESSIONAL,2025-09-19,2025-09-21,I10,APPROVED,203.24,141.89,139.09,,2025-10-03,2026-07-16T06:00:00Z
CLM000001656,MBR0000755,PRV000053,INSTITUTIONAL,2025-11-10,2025-11-11,M54.50,APPROVED,1122.03,693.88,491.68,,2025-11-17,2026-07-20T02:00:00Z
CLM000001657,MBR0000407,PRV000067,INSTITUTIONAL,2025-11-06,2025-11-06,N39.0,APPROVED,975.09,639.49,529.15,,2025-11-20,2026-07-02T11:00:00Z
CLM000001658,MBR0000747,PRV000085,PROFESSIONAL,2025-11-22,2025-11-24,I10,APPROVED,2371.63,1874.17,1262.41,,2025-11-29,2026-07-12T21:00:00Z
CLM000001659,MBR0000210,PRV000033,PROFESSIONAL,2025-03-15,2025-03-17,J45.909,DENIED,2481.74,2175.47,0.00,CO50,2025-03-27,2026-07-14T09:00:00Z
CLM000001660,MBR0000653,PRV000093,INSTITUTIONAL,2026-06-11,2026-06-12,Z00.00,DENIED,119.05,99.56,0.00,CO16,2026-06-21,2026-07-18T21:00:00Z
CLM000001661,MBR0000812,PRV000034,PROFESSIONAL,2026-04-21,2026-04-23,J45.909,APPROVED,3619.13,2055.15,1876.08,,2026-04-27,2026-07-18T16:00:00Z
CLM000001662,MBR0000469,PRV000028,PROFESSIONAL,2025-04-12,2025-04-12,I10,APPROVED,4645.37,3345.44,2834.90,,2025-04-17,2026-07-05T18:00:00Z
CLM000001663,MBR0000262,PRV000075,INSTITUTIONAL,2025-12-23,2025-12-23,I10,APPROVED,4977.73,2913.78,2598.08,,2026-01-08,2026-07-05T22:00:00Z
CLM000001664,MBR0000594,PRV000024,PROFESSIONAL,2025-06-22,2025-06-22,I10,APPROVED,3731.02,2767.52,1831.99,,2025-06-25,2026-07-14T01:00:00Z
CLM000001665,MBR0000164,PRV000053,PROFESSIONAL,2025-10-17,2025-10-18,Z00.00,APPROVED,2392.97,2144.13,1647.71,,2025-11-02,2026-07-18T02:00:00Z
CLM000001666,MBR0000796,PRV000072,PROFESSIONAL,2026-01-23,2026-01-25,M54.50,APPROVED,5714.94,3863.72,3575.88,,2026-01-31,2026-07-19T10:00:00Z
CLM000001667,MBR0000425,PRV000013,PROFESSIONAL,2026-04-04,2026-04-05,E11.9,APPROVED,2315.69,1392.31,1232.49,,2026-04-17,2026-07-16T17:00:00Z
CLM000001668,MBR0000080,PRV000020,PROFESSIONAL,2026-06-30,2026-06-30,Z00.00,APPROVED,1266.98,1054.80,1051.80,,2026-07-14,2026-07-05T09:00:00Z
CLM000001669,MBR0000471,PRV000053,PROFESSIONAL,2026-06-05,2026-06-07,N39.0,PENDING,3109.22,2827.33,0.00,,2026-06-13,2026-07-14T17:00:00Z
CLM000001670,MBR0000954,PRV000091,INSTITUTIONAL,2025-10-24,2025-10-27,E11.9,APPROVED,4698.46,2716.43,2558.89,,2025-11-10,2026-07-09T11:00:00Z
CLM000001671,MBR0000142,PRV000089,PROFESSIONAL,2025-09-20,2025-09-23,J45.909,APPROVED,4956.08,3859.75,3068.11,,2025-10-09,2026-07-06T06:00:00Z
CLM000001672,MBR0000124,PRV000062,PROFESSIONAL,2025-01-17,2025-01-20,E11.9,APPROVED,1161.62,729.45,719.14,,2025-01-25,2026-07-15T23:00:00Z
CLM000001673,MBR0000161,PRV000056,PROFESSIONAL,2026-06-21,2026-06-21,Z00.00,APPROVED,2817.68,2071.97,1578.13,,2026-06-25,2026-07-20T18:00:00Z
CLM000001674,MBR0000693,PRV000061,PROFESSIONAL,2025-06-20,2025-06-23,J45.909,APPROVED,3286.41,2370.75,2289.25,,2025-07-02,2026-07-11T15:00:00Z
CLM000001675,MBR0000404,PRV000008,INSTITUTIONAL,2025-07-20,2025-07-20,E11.9,APPROVED,5862.52,3963.35,3302.18,,2025-07-21,2026-07-01T23:00:00Z
CLM000001676,MBR0000824,PRV000089,INSTITUTIONAL,2026-01-13,2026-01-13,Z00.00,APPROVED,1341.65,1204.93,942.03,,2026-01-20,2026-07-08T22:00:00Z
CLM000001677,MBR0000196,PRV000035,PROFESSIONAL,2025-12-28,2025-12-30,Z00.00,APPROVED,2679.80,1697.88,1243.55,,2026-01-11,2026-07-19T12:00:00Z
CLM000001678,MBR0000540,PRV000057,PROFESSIONAL,2025-10-07,2025-10-08,M54.50,APPROVED,2059.60,1364.56,1241.88,,2025-10-13,2026-07-06T20:00:00Z
CLM000001679,MBR0000852,PRV000057,INSTITUTIONAL,2026-05-30,2026-06-02,I10,APPROVED,6458.57,3682.40,2835.17,,2026-06-01,2026-07-13T20:00:00Z
CLM000001680,MBR0000989,PRV000007,INSTITUTIONAL,2025-09-12,2025-09-15,Z00.00,APPROVED,576.89,436.72,353.48,,2025-10-01,2026-07-07T23:00:00Z
CLM000001681,MBR0000597,PRV000016,PROFESSIONAL,2026-02-15,2026-02-16,Z00.00,APPROVED,259.02,164.08,125.86,,2026-02-24,2026-07-10T06:00:00Z
CLM000001682,MBR0000534,PRV000055,PROFESSIONAL,2025-01-28,2025-01-31,Z00.00,APPROVED,3331.05,2435.14,2096.37,,2025-02-16,2026-07-03T09:00:00Z
CLM000001683,MBR0000267,PRV000060,INSTITUTIONAL,2025-09-18,2025-09-20,J45.909,APPROVED,1246.54,781.65,545.75,,2025-10-04,2026-07-18T13:00:00Z
CLM000001684,MBR0000468,PRV000041,INSTITUTIONAL,2026-03-30,2026-04-02,E11.9,APPROVED,4295.72,3494.09,2422.69,,2026-04-17,2026-07-06T17:00:00Z
CLM000001685,MBR0000507,PRV000062,PROFESSIONAL,2025-03-17,2025-03-18,Z00.00,APPROVED,71.91,46.68,36.19,,2025-04-06,2026-07-07T19:00:00Z
CLM000001686,MBR0000413,PRV000024,INSTITUTIONAL,2025-05-10,2025-05-10,M54.50,APPROVED,2852.67,1652.26,1516.50,,2025-05-18,2026-07-18T12:00:00Z
CLM000001687,MBR0000028,PRV000079,INSTITUTIONAL,2025-10-15,2025-10-18,E11.9,APPROVED,2672.88,1636.49,1536.29,,2025-10-23,2026-07-13T09:00:00Z
CLM000001688,MBR0000668,PRV000005,PROFESSIONAL,2026-04-13,2026-04-15,Z00.00,DENIED,3302.15,2816.00,0.00,CO16,2026-04-14,2026-07-19T05:00:00Z
CLM000001689,MBR0000364,PRV000052,PROFESSIONAL,2025-01-09,2025-01-10,I10,APPROVED,2061.90,1731.08,1149.09,,2025-01-20,2026-07-05T09:00:00Z
CLM000001690,MBR0000821,PRV000019,PROFESSIONAL,2025-03-14,2025-03-17,M54.50,APPROVED,2853.92,1718.58,1625.71,,2025-04-02,2026-07-07T07:00:00Z
CLM000001691,MBR0000987,PRV000049,PROFESSIONAL,2026-04-06,2026-04-08,E11.9,DENIED,2690.37,1683.04,0.00,CO50,2026-04-09,2026-07-01T06:00:00Z
CLM000001692,MBR0000685,PRV000024,INSTITUTIONAL,2025-05-09,2025-05-11,N39.0,APPROVED,2584.71,1502.82,1111.29,,2025-05-21,2026-07-10T13:00:00Z
CLM000001693,MBR0000967,PRV000097,PROFESSIONAL,2025-01-21,2025-01-23,N39.0,APPROVED,3004.32,2487.81,2061.27,,2025-02-01,2026-07-07T10:00:00Z
CLM000001694,MBR0000291,PRV000092,PROFESSIONAL,2025-03-22,2025-03-24,E11.9,DENIED,4457.12,3189.58,0.00,CO50,2025-04-11,2026-07-03T16:00:00Z
CLM000001695,MBR0000360,PRV000010,INSTITUTIONAL,2026-02-16,2026-02-16,E11.9,APPROVED,425.32,280.15,247.00,,2026-02-28,2026-07-19T14:00:00Z
CLM000001696,MBR0000324,PRV000069,INSTITUTIONAL,2025-09-24,2025-09-26,I10,APPROVED,2252.20,1542.30,1414.81,,2025-10-05,2026-07-09T21:00:00Z
CLM000001697,MBR0000574,PRV000064,PROFESSIONAL,2025-10-25,2025-10-25,E11.9,DENIED,128.76,104.69,0.00,CO50,2025-11-01,2026-07-06T23:00:00Z
CLM000001698,MBR0000910,PRV000065,INSTITUTIONAL,2025-08-26,2025-08-27,I10,APPROVED,3658.06,2445.68,2271.62,,2025-09-15,2026-07-19T09:00:00Z
CLM000001699,MBR0000944,PRV000024,PROFESSIONAL,2026-06-15,2026-06-18,Z00.00,APPROVED,3272.92,2729.86,2235.22,,2026-06-18,2026-07-18T19:00:00Z
CLM000001700,MBR0000479,PRV000001,INSTITUTIONAL,2025-11-28,2025-11-30,Z00.00,APPROVED,5073.67,3652.75,3575.14,,2025-12-09,2026-07-02T18:00:00Z
CLM000001701,MBR0000022,PRV000081,INSTITUTIONAL,2025-05-18,2025-05-21,M54.50,DENIED,3949.16,3311.37,0.00,CO16,2025-05-20,2026-07-05T09:00:00Z
CLM000001702,MBR0000776,PRV000026,PROFESSIONAL,2025-05-19,2025-05-22,Z00.00,APPROVED,3268.87,1976.22,1755.66,,2025-05-28,2026-07-05T13:00:00Z
CLM000001703,MBR0000712,PRV000074,PROFESSIONAL,2025-11-17,2025-11-17,Z00.00,APPROVED,1749.74,1415.68,1128.45,,2025-11-24,2026-07-01T20:00:00Z
CLM000001704,MBR0000827,PRV000095,PROFESSIONAL,2025-06-03,2025-06-06,E11.9,APPROVED,5800.14,3510.69,2611.00,,2025-06-08,2026-07-18T21:00:00Z
CLM000001705,MBR0000119,PRV000005,PROFESSIONAL,2025-06-06,2025-06-09,M54.50,APPROVED,341.05,235.81,188.77,,2025-06-26,2026-07-06T02:00:00Z
CLM000001706,MBR0000108,PRV000084,INSTITUTIONAL,2026-03-25,2026-03-28,N39.0,APPROVED,3147.57,1848.88,1698.36,,2026-04-08,2026-07-11T17:00:00Z
CLM000001707,MBR0000955,PRV000078,PROFESSIONAL,2026-04-06,2026-04-09,Z00.00,APPROVED,4215.96,3341.32,2853.78,,2026-04-19,2026-07-11T05:00:00Z
CLM000001708,MBR0000807,PRV000060,INSTITUTIONAL,2026-05-28,2026-05-30,J45.909,APPROVED,66.66,53.48,52.60,,2026-06-09,2026-07-07T22:00:00Z
CLM000001709,MBR0000198,PRV000045,INSTITUTIONAL,2025-01-27,2025-01-28,N39.0,APPROVED,856.70,693.04,682.81,,2025-01-28,2026-07-18T01:00:00Z
CLM000001710,MBR0000408,PRV000041,INSTITUTIONAL,2025-03-12,2025-03-12,N39.0,APPROVED,4999.63,3693.85,2530.19,,2025-03-16,2026-07-01T18:00:00Z
CLM000001711,MBR0000075,PRV000002,INSTITUTIONAL,2025-03-25,2025-03-28,J45.909,DENIED,4188.54,3069.90,0.00,CO97,2025-04-04,2026-07-04T09:00:00Z
CLM000001712,MBR0000352,PRV000023,INSTITUTIONAL,2025-08-09,2025-08-12,I10,DENIED,2905.11,1861.79,0.00,CO97,2025-08-21,2026-07-03T12:00:00Z
CLM000001713,MBR0000451,PRV000083,PROFESSIONAL,2026-04-13,2026-04-16,N39.0,PENDING,2223.19,1433.79,0.00,,2026-04-21,2026-07-05T07:00:00Z
CLM000001714,MBR0000735,PRV000076,INSTITUTIONAL,2025-04-28,2025-04-29,I10,APPROVED,566.77,342.82,299.46,,2025-05-15,2026-07-10T02:00:00Z
CLM000001715,MBR0000965,PRV000011,INSTITUTIONAL,2025-01-12,2025-01-13,M54.50,DENIED,1110.03,897.17,0.00,CO50,2025-01-29,2026-07-02T22:00:00Z
CLM000001716,MBR0000148,PRV000013,INSTITUTIONAL,2025-02-13,2025-02-16,J45.909,APPROVED,3434.66,2992.22,2591.36,,2025-02-20,2026-07-05T12:00:00Z
CLM000001717,MBR0000144,PRV000057,PROFESSIONAL,2025-02-27,2025-03-01,Z00.00,APPROVED,4070.38,3627.36,3451.59,,2025-03-17,2026-07-15T12:00:00Z
CLM000001718,MBR0000350,PRV000092,INSTITUTIONAL,2025-12-26,2025-12-28,E11.9,APPROVED,4629.16,3405.88,2691.76,,2026-01-01,2026-07-03T15:00:00Z
CLM000001719,MBR0000729,PRV000081,INSTITUTIONAL,2025-07-31,2025-08-02,N39.0,APPROVED,94.99,73.10,68.13,,2025-08-17,2026-07-02T15:00:00Z
CLM000001720,MBR0000359,PRV000078,PROFESSIONAL,2025-09-10,2025-09-12,J45.909,APPROVED,2500.09,2183.30,2086.78,,2025-09-28,2026-07-18T03:00:00Z
CLM000001721,MBR0000418,PRV000014,PROFESSIONAL,2025-10-05,2025-10-05,N39.0,APPROVED,489.74,435.38,371.18,,2025-10-20,2026-07-08T18:00:00Z
CLM000001722,MBR0000108,PRV000042,PROFESSIONAL,2025-06-01,2025-06-01,Z00.00,PENDING,2922.56,2604.58,0.00,,2025-06-16,2026-07-10T08:00:00Z
CLM000001723,MBR0000268,PRV000013,PROFESSIONAL,2025-05-28,2025-05-31,M54.50,APPROVED,1652.05,1333.51,882.15,,2025-06-02,2026-07-14T20:00:00Z
CLM000001724,MBR0000045,PRV000002,PROFESSIONAL,2026-06-22,2026-06-22,E11.9,APPROVED,2343.75,1488.80,1316.39,,2026-06-23,2026-07-01T10:00:00Z
CLM000001725,MBR0000931,PRV000097,PROFESSIONAL,2025-12-17,2025-12-20,Z00.00,APPROVED,136.09,84.87,84.43,,2025-12-23,2026-07-07T22:00:00Z
CLM000001726,MBR0000752,PRV000018,PROFESSIONAL,2026-01-11,2026-01-14,I10,APPROVED,4332.30,3334.85,2527.45,,2026-01-19,2026-07-10T18:00:00Z
CLM000001727,MBR0000091,PRV000007,INSTITUTIONAL,2026-02-06,2026-02-08,Z00.00,APPROVED,4420.43,3095.29,3030.45,,2026-02-21,2026-07-05T16:00:00Z
CLM000001728,MBR0000213,PRV000003,PROFESSIONAL,2026-01-28,2026-01-30,E11.9,APPROVED,3245.75,2366.66,2134.38,,2026-02-16,2026-07-11T20:00:00Z
CLM000001729,MBR0000287,PRV000044,INSTITUTIONAL,2025-01-18,2025-01-18,E11.9,APPROVED,1830.37,1234.87,919.56,,2025-01-24,2026-07-14T05:00:00Z
CLM000001730,MBR0000584,PRV000064,INSTITUTIONAL,2025-09-11,2025-09-14,J45.909,PENDING,5415.87,3462.37,0.00,,2025-10-01,2026-07-05T10:00:00Z
CLM000001731,MBR0000107,PRV000044,INSTITUTIONAL,2026-03-09,2026-03-10,J45.909,APPROVED,833.70,550.11,522.61,,2026-03-19,2026-07-16T21:00:00Z
CLM000001732,MBR0000316,PRV000089,INSTITUTIONAL,2025-09-28,2025-10-01,I10,APPROVED,5260.00,3134.26,3067.07,,2025-10-16,2026-07-16T15:00:00Z
CLM000001733,MBR0000097,PRV000087,INSTITUTIONAL,2026-05-03,2026-05-06,J45.909,APPROVED,290.68,191.15,152.18,,2026-05-06,2026-07-17T00:00:00Z
CLM000001734,MBR0000220,PRV000100,INSTITUTIONAL,2025-04-13,2025-04-16,J45.909,APPROVED,7021.28,3970.95,3624.75,,2025-04-25,2026-07-12T11:00:00Z
CLM000001735,MBR0000172,PRV000085,INSTITUTIONAL,2025-05-16,2025-05-16,I10,PENDING,1376.94,1270.57,0.00,,2025-05-18,2026-07-06T10:00:00Z
CLM000001736,MBR0000600,PRV000034,PROFESSIONAL,2025-01-26,2025-01-28,J45.909,APPROVED,1266.68,1176.75,882.95,,2025-02-08,2026-07-07T06:00:00Z
CLM000001737,MBR0000661,PRV000057,PROFESSIONAL,2025-06-23,2025-06-24,Z00.00,APPROVED,3803.78,2635.35,2233.06,,2025-06-27,2026-07-07T07:00:00Z
CLM000001738,MBR0000714,PRV000059,INSTITUTIONAL,2025-09-02,2025-09-02,Z00.00,APPROVED,5422.38,3766.00,2515.92,,2025-09-22,2026-07-05T14:00:00Z
CLM000001739,MBR0000314,PRV000100,PROFESSIONAL,2025-02-24,2025-02-27,E11.9,DENIED,2134.61,1589.17,0.00,CO97,2025-02-27,2026-07-17T21:00:00Z
CLM000001740,MBR0000809,PRV000080,INSTITUTIONAL,2025-05-02,2025-05-02,N39.0,APPROVED,4191.96,2554.37,1720.55,,2025-05-13,2026-07-07T21:00:00Z
CLM000001741,MBR0000064,PRV000018,INSTITUTIONAL,2025-08-25,2025-08-28,Z00.00,APPROVED,4787.46,3709.06,3108.98,,2025-09-13,2026-07-04T20:00:00Z
CLM000001742,MBR0000112,PRV000067,PROFESSIONAL,2025-10-26,2025-10-27,N39.0,DENIED,1746.61,1423.53,0.00,CO97,2025-11-04,2026-07-11T18:00:00Z
CLM000001743,MBR0000785,PRV000050,INSTITUTIONAL,2025-12-29,2025-12-29,J45.909,APPROVED,4871.03,3252.35,2992.20,,2026-01-15,2026-07-14T06:00:00Z
CLM000001744,MBR0000538,PRV000096,INSTITUTIONAL,2026-04-15,2026-04-18,I10,APPROVED,369.51,220.89,203.97,,2026-04-24,2026-07-07T06:00:00Z
CLM000001745,MBR0000414,PRV000082,PROFESSIONAL,2025-12-29,2025-12-30,J45.909,APPROVED,2777.40,2388.01,2340.04,,2026-01-10,2026-07-03T08:00:00Z
CLM000001746,MBR0000373,PRV000022,PROFESSIONAL,2025-05-29,2025-05-30,J45.909,DENIED,313.66,247.86,0.00,CO50,2025-06-03,2026-07-06T08:00:00Z
CLM000001747,MBR0000273,PRV000047,PROFESSIONAL,2026-02-12,2026-02-13,J45.909,DENIED,2086.67,1916.79,0.00,CO50,2026-02-14,2026-07-12T13:00:00Z
CLM000001748,MBR0000789,PRV000020,INSTITUTIONAL,2025-10-07,2025-10-10,Z00.00,APPROVED,5201.00,3537.11,3262.17,,2025-10-09,2026-07-12T22:00:00Z
CLM000001749,MBR0000690,PRV000037,PROFESSIONAL,2026-06-20,2026-06-20,M54.50,APPROVED,2064.80,1247.25,1207.54,,2026-06-21,2026-07-11T13:00:00Z
CLM000001750,MBR0000063,PRV000052,INSTITUTIONAL,2025-10-29,2025-11-01,E11.9,APPROVED,4451.35,2774.74,2645.97,,2025-11-06,2026-07-13T07:00:00Z
CLM000001751,MBR0000877,PRV000098,INSTITUTIONAL,2026-02-27,2026-03-01,J45.909,APPROVED,1280.35,1111.15,773.43,,2026-03-08,2026-07-20T04:00:00Z
CLM000001752,MBR0000028,PRV000013,PROFESSIONAL,2025-12-17,2025-12-19,N39.0,APPROVED,683.14,556.83,479.58,,2025-12-19,2026-07-19T15:00:00Z
CLM000001753,MBR0000753,PRV000063,INSTITUTIONAL,2025-06-11,2025-06-14,Z00.00,DENIED,2057.91,1175.64,0.00,CO16,2025-06-24,2026-07-03T08:00:00Z
CLM000001754,MBR0000056,PRV000051,INSTITUTIONAL,2025-10-22,2025-10-23,E11.9,APPROVED,5710.34,3589.17,2401.74,,2025-11-02,2026-07-14T15:00:00Z
CLM000001755,MBR0000557,PRV000093,PROFESSIONAL,2025-12-26,2025-12-28,M54.50,APPROVED,3263.99,2778.73,2294.84,,2026-01-01,2026-07-06T05:00:00Z
CLM000001756,MBR0000740,PRV000021,INSTITUTIONAL,2025-11-20,2025-11-21,M54.50,PENDING,2156.36,1381.20,0.00,,2025-12-09,2026-07-10T01:00:00Z
CLM000001757,MBR0000027,PRV000067,INSTITUTIONAL,2025-11-17,2025-11-17,J45.909,APPROVED,3158.40,2320.24,2218.31,,2025-11-23,2026-07-20T22:00:00Z
CLM000001758,MBR0000839,PRV000094,INSTITUTIONAL,2025-11-03,2025-11-03,N39.0,APPROVED,1495.04,864.57,715.83,,2025-11-23,2026-07-01T10:00:00Z
CLM000001759,MBR0000717,PRV000024,PROFESSIONAL,2025-07-12,2025-07-12,E11.9,APPROVED,4577.77,3243.10,2363.40,,2025-07-30,2026-07-14T02:00:00Z
CLM000001760,MBR0000390,PRV000047,PROFESSIONAL,2026-05-19,2026-05-22,N39.0,APPROVED,2357.32,2243.98,1907.34,,2026-05-25,2026-07-11T04:00:00Z
CLM000001761,MBR0000431,PRV000083,INSTITUTIONAL,2025-01-27,2025-01-27,N39.0,APPROVED,190.79,148.50,126.13,,2025-02-09,2026-07-10T15:00:00Z
CLM000001762,MBR0000733,PRV000020,PROFESSIONAL,2026-06-06,2026-06-07,M54.50,APPROVED,2663.94,1746.34,1579.15,,2026-06-16,2026-07-08T09:00:00Z
CLM000001763,MBR0000067,PRV000043,INSTITUTIONAL,2025-05-05,2025-05-06,N39.0,APPROVED,3827.35,2154.98,1423.49,,2025-05-08,2026-07-06T05:00:00Z
CLM000001764,MBR0000424,PRV000081,PROFESSIONAL,2025-11-04,2025-11-07,Z00.00,PENDING,212.35,191.39,0.00,,2025-11-06,2026-07-03T23:00:00Z
CLM000001765,MBR0000790,PRV000002,PROFESSIONAL,2025-06-15,2025-06-15,N39.0,APPROVED,2282.94,1594.29,1562.17,,2025-06-25,2026-07-19T20:00:00Z
CLM000001766,MBR0000174,PRV000090,PROFESSIONAL,2025-12-16,2025-12-16,J45.909,APPROVED,4081.92,2764.91,2576.79,,2025-12-23,2026-07-01T22:00:00Z
CLM000001767,MBR0000820,PRV000045,INSTITUTIONAL,2025-06-16,2025-06-18,E11.9,APPROVED,4225.92,3153.02,2451.63,,2025-06-17,2026-07-14T14:00:00Z
CLM000001768,MBR0000360,PRV000016,INSTITUTIONAL,2025-10-01,2025-10-01,N39.0,DENIED,3372.97,2890.14,0.00,CO50,2025-10-09,2026-07-18T12:00:00Z
CLM000001769,MBR0000263,PRV000027,PROFESSIONAL,2025-06-17,2025-06-20,J45.909,APPROVED,2626.14,2482.61,1644.77,,2025-06-26,2026-07-16T05:00:00Z
CLM000001770,MBR0000008,PRV000057,INSTITUTIONAL,2026-02-02,2026-02-04,N39.0,APPROVED,2123.14,1318.14,1155.72,,2026-02-12,2026-07-01T17:00:00Z
CLM000001771,MBR0000854,PRV000076,PROFESSIONAL,2026-03-22,2026-03-22,Z00.00,APPROVED,5698.92,3778.20,2811.40,,2026-04-08,2026-07-04T05:00:00Z
CLM000001772,MBR0000154,PRV000046,PROFESSIONAL,2025-10-02,2025-10-03,M54.50,APPROVED,3506.73,2560.07,1960.43,,2025-10-08,2026-07-16T07:00:00Z
CLM000001773,MBR0000900,PRV000060,INSTITUTIONAL,2026-01-30,2026-02-02,M54.50,APPROVED,4970.55,3284.91,2981.30,,2026-02-07,2026-07-13T14:00:00Z
CLM000001774,MBR0000368,PRV000011,INSTITUTIONAL,2025-11-18,2025-11-19,E11.9,APPROVED,1177.73,800.39,798.53,,2025-11-26,2026-07-14T12:00:00Z
CLM000001775,MBR0000832,PRV000042,INSTITUTIONAL,2026-03-03,2026-03-03,N39.0,APPROVED,4019.58,2731.27,2580.86,,2026-03-17,2026-07-19T13:00:00Z
CLM000001776,MBR0000671,PRV000086,PROFESSIONAL,2025-02-27,2025-03-02,I10,APPROVED,2731.37,1591.72,1456.57,,2025-03-06,2026-07-07T18:00:00Z
CLM000001777,MBR0000038,PRV000044,INSTITUTIONAL,2026-05-12,2026-05-13,J45.909,APPROVED,2964.21,2729.56,1982.59,,2026-05-31,2026-07-17T01:00:00Z
CLM000001778,MBR0000402,PRV000007,PROFESSIONAL,2025-06-15,2025-06-18,M54.50,APPROVED,107.25,95.83,83.61,,2025-06-19,2026-07-17T03:00:00Z
CLM000001779,MBR0000786,PRV000062,PROFESSIONAL,2025-04-11,2025-04-13,I10,APPROVED,2972.68,1780.80,1761.51,,2025-04-22,2026-07-07T23:00:00Z
CLM000001780,MBR0000552,PRV000032,PROFESSIONAL,2025-05-23,2025-05-26,M54.50,APPROVED,236.55,186.50,159.30,,2025-06-06,2026-07-15T11:00:00Z
CLM000001781,MBR0000207,PRV000077,INSTITUTIONAL,2026-02-11,2026-02-11,N39.0,APPROVED,2147.78,2008.53,1425.60,,2026-02-27,2026-07-18T02:00:00Z
CLM000001782,MBR0000929,PRV000013,INSTITUTIONAL,2025-05-12,2025-05-14,M54.50,APPROVED,131.12,83.08,54.72,,2025-05-30,2026-07-12T03:00:00Z
CLM000001783,MBR0000229,PRV000076,PROFESSIONAL,2025-09-08,2025-09-11,N39.0,APPROVED,3457.44,2990.91,2872.56,,2025-09-14,2026-07-15T22:00:00Z
CLM000001784,MBR0000870,PRV000024,INSTITUTIONAL,2025-01-11,2025-01-13,N39.0,DENIED,3394.48,2614.52,0.00,CO16,2025-01-14,2026-07-17T18:00:00Z
CLM000001785,MBR0000361,PRV000025,INSTITUTIONAL,2026-04-27,2026-04-30,E11.9,APPROVED,3523.18,2150.02,1804.69,,2026-05-07,2026-07-10T08:00:00Z
CLM000001786,MBR0000993,PRV000008,INSTITUTIONAL,2025-01-22,2025-01-24,M54.50,APPROVED,1811.17,1347.34,1242.61,,2025-01-29,2026-07-04T16:00:00Z
CLM000001787,MBR0000072,PRV000021,PROFESSIONAL,2026-03-08,2026-03-11,E11.9,APPROVED,3386.23,3032.98,2399.50,,2026-03-21,2026-07-14T10:00:00Z
CLM000001788,MBR0000838,PRV000043,INSTITUTIONAL,2025-10-17,2025-10-19,N39.0,DENIED,3677.35,2823.17,0.00,CO97,2025-10-25,2026-07-19T17:00:00Z
CLM000001789,MBR0000622,PRV000068,INSTITUTIONAL,2025-05-26,2025-05-27,I10,APPROVED,6239.91,3985.89,3582.91,,2025-06-03,2026-07-03T11:00:00Z
CLM000001790,MBR0000064,PRV000066,INSTITUTIONAL,2025-11-11,2025-11-11,I10,APPROVED,5495.03,3652.07,3647.27,,2025-11-16,2026-07-20T20:00:00Z
CLM000001791,MBR0000865,PRV000018,PROFESSIONAL,2026-05-15,2026-05-15,M54.50,APPROVED,4710.59,3291.19,3090.84,,2026-05-30,2026-07-15T10:00:00Z
CLM000001792,MBR0000214,PRV000028,INSTITUTIONAL,2025-05-28,2025-05-28,J45.909,APPROVED,509.39,313.79,231.77,,2025-05-31,2026-07-14T23:00:00Z
CLM000001793,MBR0000271,PRV000084,PROFESSIONAL,2025-10-26,2025-10-29,N39.0,APPROVED,2236.32,1692.56,1144.71,,2025-11-11,2026-07-16T06:00:00Z
CLM000001794,MBR0000027,PRV000093,INSTITUTIONAL,2026-04-30,2026-05-01,N39.0,APPROVED,373.50,287.85,202.73,,2026-05-20,2026-07-14T04:00:00Z
CLM000001795,MBR0000118,PRV000025,PROFESSIONAL,2025-03-25,2025-03-26,M54.50,DENIED,1868.36,1122.92,0.00,CO97,2025-04-08,2026-07-11T05:00:00Z
CLM000001796,MBR0000240,PRV000100,PROFESSIONAL,2025-08-22,2025-08-25,J45.909,PENDING,3568.59,2355.30,0.00,,2025-09-02,2026-07-08T12:00:00Z
CLM000001797,MBR0000887,PRV000051,PROFESSIONAL,2025-06-29,2025-06-29,Z00.00,APPROVED,3256.07,2039.61,1469.15,,2025-07-14,2026-07-13T22:00:00Z
CLM000001798,MBR0000668,PRV000084,INSTITUTIONAL,2025-10-01,2025-10-02,Z00.00,APPROVED,1203.06,933.73,797.45,,2025-10-10,2026-07-06T08:00:00Z
CLM000001799,MBR0000742,PRV000081,INSTITUTIONAL,2026-05-14,2026-05-15,M54.50,APPROVED,2557.08,2177.78,1567.52,,2026-05-29,2026-07-15T03:00:00Z
CLM000001800,MBR0000911,PRV000053,INSTITUTIONAL,2026-02-25,2026-02-26,M54.50,APPROVED,5882.63,3362.84,2262.32,,2026-02-28,2026-07-08T23:00:00Z
CLM000001801,MBR0000174,PRV000040,INSTITUTIONAL,2025-05-20,2025-05-23,M54.50,APPROVED,2932.18,2486.54,2245.45,,2025-05-23,2026-07-17T04:00:00Z
CLM000001802,MBR0000044,PRV000088,PROFESSIONAL,2025-03-21,2025-03-23,Z00.00,DENIED,697.74,450.39,0.00,CO50,2025-04-05,2026-07-20T04:00:00Z
CLM000001803,MBR0000804,PRV000080,PROFESSIONAL,2025-12-19,2025-12-21,J45.909,APPROVED,1503.82,1201.10,1107.49,,2025-12-29,2026-07-16T03:00:00Z
CLM000001804,MBR0000456,PRV000012,INSTITUTIONAL,2026-06-29,2026-06-30,E11.9,APPROVED,2207.26,1828.49,1480.48,,2026-07-12,2026-07-10T10:00:00Z
CLM000001805,MBR0000712,PRV000095,INSTITUTIONAL,2026-01-02,2026-01-04,N39.0,APPROVED,4422.69,3269.71,2240.02,,2026-01-13,2026-07-20T02:00:00Z
CLM000001806,MBR0000043,PRV000009,INSTITUTIONAL,2025-10-01,2025-10-02,M54.50,APPROVED,5485.74,3215.38,2435.06,,2025-10-21,2026-07-17T16:00:00Z
CLM000001807,MBR0000803,PRV000053,INSTITUTIONAL,2025-03-28,2025-03-28,J45.909,APPROVED,3531.26,3056.17,2664.42,,2025-04-16,2026-07-10T04:00:00Z
CLM000001808,MBR0000922,PRV000022,PROFESSIONAL,2026-04-30,2026-04-30,E11.9,APPROVED,2679.70,2322.49,1918.20,,2026-05-01,2026-07-07T16:00:00Z
CLM000001809,MBR0000358,PRV000039,PROFESSIONAL,2025-02-14,2025-02-17,Z00.00,APPROVED,4236.34,3937.75,3329.70,,2025-02-22,2026-07-02T09:00:00Z
CLM000001810,MBR0000940,PRV000031,PROFESSIONAL,2025-04-30,2025-04-30,N39.0,APPROVED,83.60,48.84,36.22,,2025-05-04,2026-07-12T08:00:00Z
CLM000001811,MBR0000659,PRV000054,INSTITUTIONAL,2025-08-10,2025-08-12,Z00.00,APPROVED,5827.42,3819.11,2506.57,,2025-08-23,2026-07-01T18:00:00Z
CLM000001812,MBR0000427,PRV000003,PROFESSIONAL,2025-06-01,2025-06-03,Z00.00,APPROVED,1703.36,1199.82,932.71,,2025-06-06,2026-07-02T00:00:00Z
CLM000001813,MBR0000763,PRV000023,PROFESSIONAL,2025-08-19,2025-08-21,Z00.00,PENDING,3871.22,2723.16,0.00,,2025-08-28,2026-07-14T08:00:00Z
CLM000001814,MBR0000914,PRV000098,PROFESSIONAL,2025-03-26,2025-03-26,N39.0,APPROVED,4478.69,3037.82,2805.74,,2025-04-07,2026-07-07T18:00:00Z
CLM000001815,MBR0000452,PRV000088,PROFESSIONAL,2026-06-03,2026-06-05,N39.0,APPROVED,3591.65,2514.78,1951.71,,2026-06-16,2026-07-17T22:00:00Z
CLM000001816,MBR0000527,PRV000026,PROFESSIONAL,2026-05-15,2026-05-15,I10,APPROVED,874.63,803.29,649.27,,2026-06-02,2026-07-18T13:00:00Z
CLM000001817,MBR0000670,PRV000016,PROFESSIONAL,2025-09-23,2025-09-24,N39.0,APPROVED,170.68,101.39,68.45,,2025-10-06,2026-07-03T15:00:00Z
CLM000001818,MBR0000871,PRV000099,PROFESSIONAL,2026-02-12,2026-02-12,N39.0,APPROVED,4077.92,2742.38,2268.55,,2026-02-23,2026-07-06T10:00:00Z
CLM000001819,MBR0000985,PRV000092,PROFESSIONAL,2025-03-31,2025-04-01,N39.0,DENIED,329.42,287.23,0.00,CO50,2025-04-05,2026-07-19T08:00:00Z
CLM000001820,MBR0000769,PRV000091,PROFESSIONAL,2026-05-23,2026-05-26,E11.9,APPROVED,2772.82,2413.70,2352.94,,2026-06-05,2026-07-14T22:00:00Z
CLM000001821,MBR0000378,PRV000081,PROFESSIONAL,2025-05-27,2025-05-28,Z00.00,DENIED,4176.13,2617.88,0.00,CO16,2025-06-09,2026-07-17T09:00:00Z
CLM000001822,MBR0000822,PRV000065,PROFESSIONAL,2026-06-07,2026-06-09,I10,APPROVED,4318.94,3011.12,2592.46,,2026-06-26,2026-07-01T10:00:00Z
CLM000001823,MBR0000514,PRV000063,PROFESSIONAL,2025-12-23,2025-12-23,J45.909,PENDING,2813.07,1891.45,0.00,,2026-01-04,2026-07-15T18:00:00Z
CLM000001824,MBR0000638,PRV000055,INSTITUTIONAL,2025-10-11,2025-10-12,I10,APPROVED,1494.76,1021.17,712.99,,2025-10-16,2026-07-09T16:00:00Z
CLM000001825,MBR0000394,PRV000041,PROFESSIONAL,2026-03-14,2026-03-16,N39.0,APPROVED,3424.35,2630.67,1951.81,,2026-03-30,2026-07-17T03:00:00Z
CLM000001826,MBR0000224,PRV000008,PROFESSIONAL,2026-02-09,2026-02-09,I10,APPROVED,1269.71,1154.88,757.00,,2026-02-23,2026-07-10T09:00:00Z
CLM000001827,MBR0000344,PRV000085,INSTITUTIONAL,2026-02-09,2026-02-09,N39.0,DENIED,3398.49,2967.69,0.00,CO16,2026-02-19,2026-07-19T14:00:00Z
CLM000001828,MBR0000799,PRV000040,INSTITUTIONAL,2026-04-12,2026-04-14,Z00.00,APPROVED,450.06,296.69,281.53,,2026-04-27,2026-07-06T22:00:00Z
CLM000001829,MBR0000972,PRV000100,PROFESSIONAL,2025-07-01,2025-07-04,E11.9,APPROVED,4088.14,2556.42,1746.81,,2025-07-06,2026-07-05T22:00:00Z
CLM000001830,MBR0000917,PRV000010,INSTITUTIONAL,2025-04-15,2025-04-17,N39.0,APPROVED,5045.41,3940.04,3418.02,,2025-04-29,2026-07-19T15:00:00Z
CLM000001831,MBR0000506,PRV000070,INSTITUTIONAL,2025-03-23,2025-03-23,J45.909,APPROVED,848.69,552.75,536.02,,2025-04-09,2026-07-13T00:00:00Z
CLM000001832,MBR0000817,PRV000066,INSTITUTIONAL,2025-09-11,2025-09-11,J45.909,APPROVED,3990.58,2858.04,2708.67,,2025-09-29,2026-07-16T11:00:00Z
CLM000001833,MBR0000051,PRV000008,INSTITUTIONAL,2026-01-22,2026-01-23,J45.909,DENIED,3770.23,2945.19,0.00,CO16,2026-02-06,2026-07-20T06:00:00Z
CLM000001834,MBR0000123,PRV000069,INSTITUTIONAL,2025-01-10,2025-01-13,N39.0,APPROVED,420.04,345.66,245.10,,2025-01-25,2026-07-15T09:00:00Z
CLM000001835,MBR0000124,PRV000028,INSTITUTIONAL,2025-07-22,2025-07-25,Z00.00,APPROVED,1589.85,1141.66,994.99,,2025-07-23,2026-07-15T19:00:00Z
CLM000001836,MBR0000201,PRV000014,PROFESSIONAL,2025-10-05,2025-10-05,N39.0,APPROVED,543.46,457.62,451.46,,2025-10-23,2026-07-12T12:00:00Z
CLM000001837,MBR0000481,PRV000037,INSTITUTIONAL,2025-07-02,2025-07-03,N39.0,APPROVED,2191.28,1749.88,1535.57,,2025-07-17,2026-07-10T04:00:00Z
CLM000001838,MBR0000469,PRV000021,PROFESSIONAL,2025-06-10,2025-06-12,Z00.00,APPROVED,1942.53,1391.50,1369.08,,2025-06-12,2026-07-20T13:00:00Z
CLM000001839,MBR0000738,PRV000080,INSTITUTIONAL,2025-12-13,2025-12-15,E11.9,APPROVED,4267.37,3166.36,2869.87,,2026-01-01,2026-07-13T20:00:00Z
CLM000001840,MBR0000928,PRV000096,PROFESSIONAL,2026-06-03,2026-06-06,M54.50,APPROVED,4343.61,3210.51,2848.02,,2026-06-05,2026-07-10T01:00:00Z
CLM000001841,MBR0000346,PRV000067,PROFESSIONAL,2025-04-16,2025-04-18,I10,APPROVED,1710.20,1443.67,1075.12,,2025-05-02,2026-07-02T09:00:00Z
CLM000001842,MBR0000581,PRV000025,INSTITUTIONAL,2025-05-17,2025-05-17,E11.9,APPROVED,2786.29,1969.65,1653.04,,2025-05-30,2026-07-16T21:00:00Z
CLM000001843,MBR0000947,PRV000022,INSTITUTIONAL,2026-01-30,2026-01-30,M54.50,APPROVED,1350.40,877.03,583.65,,2026-02-05,2026-07-09T08:00:00Z
CLM000001844,MBR0000647,PRV000040,INSTITUTIONAL,2026-02-18,2026-02-18,I10,APPROVED,2158.32,1892.31,1666.26,,2026-02-28,2026-07-13T02:00:00Z
CLM000001845,MBR0000204,PRV000063,INSTITUTIONAL,2025-03-11,2025-03-11,J45.909,APPROVED,3674.80,3473.48,3060.42,,2025-03-22,2026-07-14T05:00:00Z
CLM000001846,MBR0000302,PRV000069,INSTITUTIONAL,2025-06-30,2025-07-02,M54.50,APPROVED,5588.70,3495.04,2997.37,,2025-07-06,2026-07-06T21:00:00Z
CLM000001847,MBR0000466,PRV000023,PROFESSIONAL,2026-04-12,2026-04-13,Z00.00,APPROVED,1906.46,1648.44,1152.04,,2026-04-24,2026-07-08T17:00:00Z
CLM000001848,MBR0000164,PRV000086,PROFESSIONAL,2025-10-09,2025-10-12,M54.50,DENIED,3666.83,3457.49,0.00,CO97,2025-10-27,2026-07-07T07:00:00Z
CLM000001849,MBR0000854,PRV000082,PROFESSIONAL,2025-12-26,2025-12-26,M54.50,APPROVED,5092.82,3414.26,2704.21,,2026-01-09,2026-07-11T07:00:00Z
CLM000001850,MBR0000207,PRV000089,PROFESSIONAL,2025-05-08,2025-05-09,Z00.00,APPROVED,2854.87,2651.40,2159.88,,2025-05-16,2026-07-15T02:00:00Z
CLM000001851,MBR0000180,PRV000081,INSTITUTIONAL,2026-02-03,2026-02-05,J45.909,PENDING,3218.95,2755.12,0.00,,2026-02-17,2026-07-05T19:00:00Z
CLM000001852,MBR0000771,PRV000040,PROFESSIONAL,2026-05-31,2026-06-02,Z00.00,APPROVED,3895.94,2730.63,2650.88,,2026-06-14,2026-07-03T21:00:00Z
CLM000001853,MBR0000849,PRV000017,INSTITUTIONAL,2025-12-22,2025-12-23,I10,APPROVED,3069.75,1958.84,1366.55,,2026-01-07,2026-07-06T05:00:00Z
CLM000001854,MBR0000634,PRV000075,INSTITUTIONAL,2025-12-20,2025-12-22,J45.909,APPROVED,3501.24,3119.28,3045.42,,2026-01-02,2026-07-11T22:00:00Z
CLM000001855,MBR0000231,PRV000026,INSTITUTIONAL,2025-04-21,2025-04-24,J45.909,APPROVED,2911.73,1730.21,1699.53,,2025-05-10,2026-07-13T12:00:00Z
CLM000001856,MBR0000270,PRV000052,INSTITUTIONAL,2025-07-28,2025-07-29,M54.50,DENIED,5508.73,3709.02,0.00,CO97,2025-08-14,2026-07-11T02:00:00Z
CLM000001857,MBR0000454,PRV000052,INSTITUTIONAL,2026-04-29,2026-05-01,N39.0,APPROVED,3355.25,2974.23,2326.99,,2026-05-09,2026-07-08T14:00:00Z
CLM000001858,MBR0000186,PRV000019,PROFESSIONAL,2026-03-21,2026-03-24,I10,APPROVED,6119.13,3437.78,2392.41,,2026-03-24,2026-07-19T00:00:00Z
CLM000001859,MBR0000181,PRV000076,PROFESSIONAL,2025-06-21,2025-06-22,I10,APPROVED,3067.40,2182.48,1668.34,,2025-06-22,2026-07-10T10:00:00Z
CLM000001860,MBR0000726,PRV000038,PROFESSIONAL,2025-11-12,2025-11-15,I10,APPROVED,530.85,303.81,205.75,,2025-11-19,2026-07-12T08:00:00Z
CLM000001861,MBR0000558,PRV000074,PROFESSIONAL,2026-02-06,2026-02-08,J45.909,APPROVED,4515.53,2771.33,2187.47,,2026-02-08,2026-07-06T16:00:00Z
CLM000001862,MBR0000612,PRV000078,INSTITUTIONAL,2025-12-12,2025-12-14,E11.9,APPROVED,560.88,467.31,344.45,,2025-12-29,2026-07-14T03:00:00Z
CLM000001863,MBR0000327,PRV000035,PROFESSIONAL,2025-10-27,2025-10-30,M54.50,APPROVED,1043.12,940.87,770.98,,2025-11-12,2026-07-09T15:00:00Z
CLM000001864,MBR0000789,PRV000058,PROFESSIONAL,2026-02-07,2026-02-09,E11.9,APPROVED,5790.07,3949.68,3930.26,,2026-02-13,2026-07-20T06:00:00Z
CLM000001865,MBR0000265,PRV000063,PROFESSIONAL,2025-10-09,2025-10-11,J45.909,APPROVED,125.30,101.45,70.10,,2025-10-13,2026-07-15T10:00:00Z
CLM000001866,MBR0000233,PRV000078,INSTITUTIONAL,2025-03-10,2025-03-13,M54.50,APPROVED,902.06,542.14,416.20,,2025-03-12,2026-07-19T09:00:00Z
CLM000001867,MBR0000749,PRV000008,PROFESSIONAL,2025-11-19,2025-11-20,E11.9,APPROVED,3615.96,2059.89,1454.62,,2025-11-24,2026-07-20T19:00:00Z
CLM000001868,MBR0000254,PRV000066,PROFESSIONAL,2025-06-25,2025-06-26,J45.909,APPROVED,3278.62,2069.22,1924.99,,2025-07-04,2026-07-08T15:00:00Z
CLM000001869,MBR0000351,PRV000077,INSTITUTIONAL,2025-07-25,2025-07-25,M54.50,APPROVED,2196.28,1417.77,1055.20,,2025-08-11,2026-07-20T10:00:00Z
CLM000001870,MBR0000458,PRV000075,PROFESSIONAL,2025-12-03,2025-12-03,J45.909,APPROVED,4852.67,2816.70,2125.82,,2025-12-07,2026-07-09T05:00:00Z
CLM000001871,MBR0000319,PRV000019,INSTITUTIONAL,2025-06-26,2025-06-27,N39.0,APPROVED,3106.53,2001.24,1316.63,,2025-07-12,2026-07-15T00:00:00Z
CLM000001872,MBR0000988,PRV000058,PROFESSIONAL,2025-04-04,2025-04-04,M54.50,APPROVED,3630.48,2300.69,1753.51,,2025-04-16,2026-07-04T19:00:00Z
CLM000001873,MBR0000730,PRV000095,PROFESSIONAL,2026-04-27,2026-04-27,Z00.00,APPROVED,2336.88,2018.64,1710.31,,2026-05-08,2026-07-03T22:00:00Z
CLM000001874,MBR0000849,PRV000058,INSTITUTIONAL,2026-01-01,2026-01-03,I10,APPROVED,3057.54,2484.84,1917.31,,2026-01-18,2026-07-07T22:00:00Z
CLM000001875,MBR0000216,PRV000032,INSTITUTIONAL,2025-08-20,2025-08-20,Z00.00,DENIED,6161.02,3542.47,0.00,CO16,2025-08-30,2026-07-18T06:00:00Z
CLM000001876,MBR0000790,PRV000033,PROFESSIONAL,2025-10-04,2025-10-06,E11.9,APPROVED,5724.30,3226.97,2511.06,,2025-10-20,2026-07-07T06:00:00Z
CLM000001877,MBR0000821,PRV000050,PROFESSIONAL,2026-06-13,2026-06-13,Z00.00,APPROVED,6188.53,3543.47,3008.91,,2026-06-28,2026-07-17T03:00:00Z
CLM000001878,MBR0000802,PRV000046,PROFESSIONAL,2025-04-23,2025-04-25,J45.909,APPROVED,2199.32,1269.50,1226.63,,2025-05-08,2026-07-06T16:00:00Z
CLM000001879,MBR0000231,PRV000010,PROFESSIONAL,2025-03-01,2025-03-01,Z00.00,APPROVED,3908.49,2551.19,1891.63,,2025-03-08,2026-07-20T21:00:00Z
CLM000001880,MBR0000189,PRV000057,INSTITUTIONAL,2025-06-02,2025-06-02,I10,APPROVED,6091.77,3882.11,2817.40,,2025-06-21,2026-07-13T12:00:00Z
CLM000001881,MBR0000564,PRV000040,INSTITUTIONAL,2025-02-12,2025-02-12,N39.0,APPROVED,3997.16,2396.78,1785.26,,2025-03-02,2026-07-15T00:00:00Z
CLM000001882,MBR0000353,PRV000100,PROFESSIONAL,2025-10-16,2025-10-16,E11.9,APPROVED,5320.02,3004.18,2939.21,,2025-10-23,2026-07-06T00:00:00Z
CLM000001883,MBR0000442,PRV000028,INSTITUTIONAL,2025-03-13,2025-03-14,I10,APPROVED,419.09,265.84,243.75,,2025-03-19,2026-07-06T11:00:00Z
CLM000001884,MBR0000874,PRV000027,PROFESSIONAL,2025-11-23,2025-11-25,M54.50,APPROVED,2178.33,1242.95,1119.85,,2025-12-06,2026-07-06T02:00:00Z
CLM000001885,MBR0000774,PRV000058,INSTITUTIONAL,2026-01-02,2026-01-05,J45.909,APPROVED,2559.27,1424.70,1071.72,,2026-01-16,2026-07-14T18:00:00Z
CLM000001886,MBR0000476,PRV000077,PROFESSIONAL,2025-05-03,2025-05-03,J45.909,DENIED,5506.35,3696.97,0.00,CO16,2025-05-14,2026-07-20T04:00:00Z
CLM000001887,MBR0000366,PRV000006,PROFESSIONAL,2026-05-13,2026-05-16,I10,APPROVED,4506.23,3150.30,2485.90,,2026-05-19,2026-07-17T11:00:00Z
CLM000001888,MBR0000880,PRV000081,PROFESSIONAL,2026-01-15,2026-01-15,I10,APPROVED,250.44,154.17,109.95,,2026-01-23,2026-07-18T00:00:00Z
CLM000001889,MBR0000332,PRV000093,INSTITUTIONAL,2026-03-24,2026-03-24,J45.909,APPROVED,5516.31,3552.54,2886.13,,2026-03-29,2026-07-20T10:00:00Z
CLM000001890,MBR0000967,PRV000045,INSTITUTIONAL,2025-07-18,2025-07-18,I10,APPROVED,1096.18,611.17,498.54,,2025-08-06,2026-07-02T02:00:00Z
CLM000001891,MBR0000579,PRV000070,INSTITUTIONAL,2026-03-24,2026-03-26,Z00.00,APPROVED,6004.59,3720.46,3290.03,,2026-03-28,2026-07-20T20:00:00Z
CLM000001892,MBR0000615,PRV000095,PROFESSIONAL,2025-09-24,2025-09-26,E11.9,APPROVED,1211.44,709.56,535.64,,2025-09-30,2026-07-18T20:00:00Z
CLM000001893,MBR0000050,PRV000074,INSTITUTIONAL,2025-12-03,2025-12-03,M54.50,DENIED,3102.63,1856.42,0.00,CO97,2025-12-16,2026-07-01T21:00:00Z
CLM000001894,MBR0000269,PRV000072,INSTITUTIONAL,2025-12-03,2025-12-05,Z00.00,APPROVED,2749.83,1547.41,1535.64,,2025-12-19,2026-07-15T23:00:00Z
CLM000001895,MBR0000398,PRV000073,PROFESSIONAL,2025-10-16,2025-10-19,M54.50,APPROVED,2755.63,2410.21,1584.22,,2025-10-17,2026-07-06T22:00:00Z
CLM000001896,MBR0000113,PRV000043,PROFESSIONAL,2025-03-07,2025-03-09,N39.0,APPROVED,1325.48,857.73,635.98,,2025-03-14,2026-07-07T15:00:00Z
CLM000001897,MBR0000803,PRV000085,INSTITUTIONAL,2026-04-02,2026-04-03,I10,APPROVED,624.24,519.54,482.51,,2026-04-11,2026-07-08T05:00:00Z
CLM000001898,MBR0000252,PRV000096,PROFESSIONAL,2025-01-24,2025-01-25,N39.0,APPROVED,3458.60,1964.41,1720.94,,2025-01-30,2026-07-02T16:00:00Z
CLM000001899,MBR0000115,PRV000078,PROFESSIONAL,2025-02-13,2025-02-16,J45.909,DENIED,3100.54,2081.46,0.00,CO50,2025-02-17,2026-07-02T09:00:00Z
CLM000001900,MBR0000282,PRV000098,PROFESSIONAL,2026-03-23,2026-03-23,I10,APPROVED,2865.53,2016.82,1691.53,,2026-04-01,2026-07-07T08:00:00Z
CLM000001901,MBR0000229,PRV000029,PROFESSIONAL,2025-10-22,2025-10-23,E11.9,APPROVED,4101.11,3690.46,2699.29,,2025-11-02,2026-07-05T19:00:00Z
CLM000001902,MBR0000045,PRV000066,INSTITUTIONAL,2026-02-10,2026-02-10,M54.50,DENIED,6353.96,3782.51,0.00,CO97,2026-02-23,2026-07-14T09:00:00Z
CLM000001903,MBR0000947,PRV000078,INSTITUTIONAL,2025-06-09,2025-06-09,Z00.00,APPROVED,2514.62,2187.69,2175.42,,2025-06-28,2026-07-03T16:00:00Z
CLM000001904,MBR0000921,PRV000098,PROFESSIONAL,2026-05-05,2026-05-05,M54.50,APPROVED,1991.80,1187.38,1118.55,,2026-05-19,2026-07-08T18:00:00Z
CLM000001905,MBR0000821,PRV000047,INSTITUTIONAL,2025-02-19,2025-02-20,J45.909,APPROVED,1460.49,1268.92,954.66,,2025-03-08,2026-07-17T17:00:00Z
CLM000001906,MBR0000079,PRV000031,INSTITUTIONAL,2026-03-22,2026-03-24,J45.909,APPROVED,1344.28,930.17,802.99,,2026-04-11,2026-07-07T15:00:00Z
CLM000001907,MBR0000694,PRV000027,PROFESSIONAL,2025-09-22,2025-09-23,M54.50,APPROVED,5275.36,3040.00,2481.19,,2025-09-24,2026-07-15T09:00:00Z
CLM000001908,MBR0000611,PRV000078,PROFESSIONAL,2025-02-14,2025-02-14,E11.9,APPROVED,5437.84,3754.81,3697.04,,2025-03-03,2026-07-07T20:00:00Z
CLM000001909,MBR0000745,PRV000008,PROFESSIONAL,2025-01-11,2025-01-11,E11.9,APPROVED,2335.45,1416.06,1270.26,,2025-01-31,2026-07-20T08:00:00Z
CLM000001910,MBR0000674,PRV000076,INSTITUTIONAL,2025-08-08,2025-08-11,N39.0,APPROVED,1559.49,1387.33,996.68,,2025-08-28,2026-07-15T04:00:00Z
CLM000001911,MBR0000759,PRV000098,INSTITUTIONAL,2025-03-17,2025-03-18,E11.9,APPROVED,1442.56,934.76,680.08,,2025-04-02,2026-07-06T09:00:00Z
CLM000001912,MBR0000080,PRV000007,PROFESSIONAL,2026-01-31,2026-02-03,I10,APPROVED,2236.73,1244.50,1239.82,,2026-02-10,2026-07-20T11:00:00Z
CLM000001913,MBR0000519,PRV000074,PROFESSIONAL,2025-06-30,2025-06-30,Z00.00,APPROVED,507.45,467.16,443.37,,2025-07-12,2026-07-09T09:00:00Z
CLM000001914,MBR0000348,PRV000061,PROFESSIONAL,2025-06-19,2025-06-20,M54.50,PENDING,693.83,409.29,0.00,,2025-07-07,2026-07-12T15:00:00Z
CLM000001915,MBR0000710,PRV000070,INSTITUTIONAL,2025-09-28,2025-09-29,E11.9,APPROVED,5611.13,3216.63,2174.72,,2025-10-02,2026-07-06T18:00:00Z
CLM000001916,MBR0000339,PRV000015,PROFESSIONAL,2026-03-27,2026-03-27,E11.9,APPROVED,694.87,596.11,582.39,,2026-04-01,2026-07-08T14:00:00Z
CLM000001917,MBR0000359,PRV000021,INSTITUTIONAL,2026-01-25,2026-01-27,N39.0,APPROVED,3609.29,2322.13,2199.29,,2026-02-10,2026-07-13T07:00:00Z
CLM000001918,MBR0000395,PRV000044,INSTITUTIONAL,2025-11-12,2025-11-13,I10,APPROVED,2000.70,1449.02,1374.58,,2025-11-21,2026-07-14T13:00:00Z
CLM000001919,MBR0000013,PRV000036,PROFESSIONAL,2025-07-01,2025-07-03,N39.0,APPROVED,6438.71,3980.38,2818.68,,2025-07-03,2026-07-12T19:00:00Z
CLM000001920,MBR0000863,PRV000084,INSTITUTIONAL,2025-05-19,2025-05-20,E11.9,APPROVED,229.91,203.21,152.72,,2025-05-21,2026-07-04T11:00:00Z
CLM000001921,MBR0000096,PRV000045,INSTITUTIONAL,2026-06-07,2026-06-07,N39.0,APPROVED,3927.67,2720.92,2569.14,,2026-06-25,2026-07-01T16:00:00Z
CLM000001922,MBR0000579,PRV000099,PROFESSIONAL,2025-02-21,2025-02-21,N39.0,APPROVED,1745.34,1073.07,807.33,,2025-03-03,2026-07-07T12:00:00Z
CLM000001923,MBR0000782,PRV000041,PROFESSIONAL,2025-11-04,2025-11-07,M54.50,APPROVED,388.36,269.35,206.52,,2025-11-24,2026-07-09T11:00:00Z
CLM000001924,MBR0000345,PRV000022,PROFESSIONAL,2025-11-21,2025-11-23,Z00.00,APPROVED,2726.78,1781.66,1704.96,,2025-11-28,2026-07-11T02:00:00Z
CLM000001925,MBR0000296,PRV000040,INSTITUTIONAL,2025-05-09,2025-05-10,N39.0,PENDING,1660.49,1127.06,0.00,,2025-05-19,2026-07-03T21:00:00Z
CLM000001926,MBR0000582,PRV000100,INSTITUTIONAL,2025-11-15,2025-11-15,E11.9,APPROVED,1155.70,652.86,601.03,,2025-11-30,2026-07-03T06:00:00Z
CLM000001927,MBR0000606,PRV000008,PROFESSIONAL,2025-03-11,2025-03-14,Z00.00,APPROVED,3173.37,1927.94,1574.22,,2025-03-26,2026-07-12T19:00:00Z
CLM000001928,MBR0000609,PRV000089,INSTITUTIONAL,2025-03-14,2025-03-17,N39.0,APPROVED,446.58,262.71,182.92,,2025-04-01,2026-07-01T12:00:00Z
CLM000001929,MBR0000136,PRV000093,PROFESSIONAL,2026-03-03,2026-03-05,E11.9,APPROVED,1202.94,714.48,671.66,,2026-03-05,2026-07-04T02:00:00Z
CLM000001930,MBR0000811,PRV000100,PROFESSIONAL,2025-04-21,2025-04-23,E11.9,APPROVED,1404.99,952.17,668.84,,2025-04-30,2026-07-05T18:00:00Z
CLM000001931,MBR0000889,PRV000020,INSTITUTIONAL,2025-07-31,2025-08-02,J45.909,APPROVED,1126.95,1046.35,978.42,,2025-08-06,2026-07-09T23:00:00Z
CLM000001932,MBR0000713,PRV000060,PROFESSIONAL,2025-07-12,2025-07-13,J45.909,PENDING,2876.67,2487.96,0.00,,2025-07-21,2026-07-05T13:00:00Z
CLM000001933,MBR0000329,PRV000037,PROFESSIONAL,2025-01-31,2025-02-01,E11.9,DENIED,2093.55,1795.61,0.00,CO50,2025-02-03,2026-07-07T19:00:00Z
CLM000001934,MBR0000523,PRV000096,PROFESSIONAL,2025-02-15,2025-02-15,J45.909,APPROVED,3378.28,2238.60,1608.11,,2025-02-23,2026-07-02T22:00:00Z
CLM000001935,MBR0000613,PRV000009,INSTITUTIONAL,2026-05-19,2026-05-21,Z00.00,APPROVED,1375.43,1061.51,735.68,,2026-05-28,2026-07-11T20:00:00Z
CLM000001936,MBR0000477,PRV000065,INSTITUTIONAL,2025-11-26,2025-11-27,I10,APPROVED,4485.57,2558.85,2477.28,,2025-12-02,2026-07-15T12:00:00Z
CLM000001937,MBR0000282,PRV000083,PROFESSIONAL,2026-05-01,2026-05-01,J45.909,APPROVED,971.52,792.91,715.23,,2026-05-15,2026-07-11T18:00:00Z
CLM000001938,MBR0000397,PRV000054,INSTITUTIONAL,2025-01-19,2025-01-21,M54.50,PENDING,5039.64,3244.82,0.00,,2025-01-29,2026-07-20T20:00:00Z
CLM000001939,MBR0000207,PRV000030,INSTITUTIONAL,2025-03-10,2025-03-13,M54.50,APPROVED,4572.54,2571.57,2221.89,,2025-03-14,2026-07-10T02:00:00Z
CLM000001940,MBR0000076,PRV000015,INSTITUTIONAL,2025-06-29,2025-07-01,E11.9,DENIED,3264.61,2201.89,0.00,CO16,2025-07-12,2026-07-07T19:00:00Z
CLM000001941,MBR0000032,PRV000083,INSTITUTIONAL,2025-10-02,2025-10-03,I10,APPROVED,1953.28,1211.33,846.36,,2025-10-15,2026-07-11T12:00:00Z
CLM000001942,MBR0000428,PRV000095,PROFESSIONAL,2025-11-11,2025-11-11,M54.50,APPROVED,3645.07,2793.63,2118.38,,2025-12-01,2026-07-17T15:00:00Z
CLM000001943,MBR0000607,PRV000029,INSTITUTIONAL,2026-05-30,2026-05-30,J45.909,APPROVED,5592.15,3185.73,2963.62,,2026-06-16,2026-07-07T23:00:00Z
CLM000001944,MBR0000253,PRV000072,INSTITUTIONAL,2025-09-04,2025-09-05,N39.0,APPROVED,2528.73,1977.29,1836.43,,2025-09-24,2026-07-15T18:00:00Z
CLM000001945,MBR0000113,PRV000098,PROFESSIONAL,2025-03-03,2025-03-03,N39.0,APPROVED,2366.85,1807.04,1351.52,,2025-03-23,2026-07-18T12:00:00Z
CLM000001946,MBR0000610,PRV000043,INSTITUTIONAL,2025-12-25,2025-12-28,N39.0,APPROVED,5588.18,3471.44,3098.67,,2025-12-29,2026-07-06T11:00:00Z
CLM000001947,MBR0000834,PRV000015,PROFESSIONAL,2026-04-27,2026-04-29,Z00.00,APPROVED,2160.27,1804.61,1323.08,,2026-05-02,2026-07-10T18:00:00Z
CLM000001948,MBR0000469,PRV000009,INSTITUTIONAL,2025-11-06,2025-11-06,E11.9,APPROVED,2299.64,1325.07,1143.53,,2025-11-15,2026-07-18T05:00:00Z
CLM000001949,MBR0000786,PRV000020,INSTITUTIONAL,2026-06-30,2026-07-03,Z00.00,APPROVED,3292.32,2592.49,2532.00,,2026-07-16,2026-07-16T10:00:00Z
CLM000001950,MBR0000385,PRV000079,INSTITUTIONAL,2026-03-16,2026-03-19,Z00.00,APPROVED,3568.00,2750.49,2747.43,,2026-03-25,2026-07-10T02:00:00Z
CLM000001951,MBR0000988,PRV000004,PROFESSIONAL,2026-01-07,2026-01-07,M54.50,DENIED,2500.12,1574.95,0.00,CO97,2026-01-08,2026-07-08T13:00:00Z
CLM000001952,MBR0000149,PRV000077,PROFESSIONAL,2026-03-31,2026-04-03,N39.0,APPROVED,2879.67,1735.92,1185.02,,2026-04-20,2026-07-17T14:00:00Z
CLM000001953,MBR0000005,PRV000060,INSTITUTIONAL,2025-09-04,2025-09-07,M54.50,APPROVED,5464.33,3140.04,2879.91,,2025-09-08,2026-07-10T13:00:00Z
CLM000001954,MBR0000341,PRV000059,PROFESSIONAL,2025-07-04,2025-07-07,E11.9,APPROVED,2234.44,1877.48,1469.90,,2025-07-15,2026-07-01T14:00:00Z
CLM000001955,MBR0000632,PRV000053,PROFESSIONAL,2025-06-14,2025-06-15,M54.50,DENIED,2294.10,1413.99,0.00,CO50,2025-06-30,2026-07-09T03:00:00Z
CLM000001956,MBR0000865,PRV000027,PROFESSIONAL,2025-08-09,2025-08-09,Z00.00,APPROVED,3632.50,2351.03,1569.38,,2025-08-14,2026-07-01T16:00:00Z
CLM000001957,MBR0000132,PRV000013,PROFESSIONAL,2025-05-03,2025-05-06,N39.0,APPROVED,1797.19,1359.93,1133.71,,2025-05-17,2026-07-01T03:00:00Z
CLM000001958,MBR0000523,PRV000014,INSTITUTIONAL,2025-05-13,2025-05-16,I10,APPROVED,3873.37,3494.96,3188.50,,2025-05-16,2026-07-20T14:00:00Z
CLM000001959,MBR0000632,PRV000032,PROFESSIONAL,2025-02-12,2025-02-14,M54.50,APPROVED,2775.15,1718.26,1172.69,,2025-02-26,2026-07-11T03:00:00Z
CLM000001960,MBR0000177,PRV000069,PROFESSIONAL,2026-03-27,2026-03-29,E11.9,PENDING,4265.10,3479.71,0.00,,2026-04-07,2026-07-01T06:00:00Z
CLM000001961,MBR0000426,PRV000082,INSTITUTIONAL,2025-01-29,2025-02-01,N39.0,APPROVED,2301.60,1789.07,1567.23,,2025-02-07,2026-07-18T04:00:00Z
CLM000001962,MBR0000523,PRV000070,INSTITUTIONAL,2025-02-14,2025-02-14,I10,APPROVED,6240.90,3835.49,2546.75,,2025-02-25,2026-07-03T06:00:00Z
CLM000001963,MBR0000503,PRV000035,PROFESSIONAL,2025-09-03,2025-09-04,J45.909,APPROVED,3121.05,1940.71,1416.65,,2025-09-20,2026-07-08T08:00:00Z
CLM000001964,MBR0000860,PRV000049,PROFESSIONAL,2025-06-20,2025-06-23,M54.50,APPROVED,2610.69,1713.24,1541.19,,2025-06-28,2026-07-20T07:00:00Z
CLM000001965,MBR0000884,PRV000095,PROFESSIONAL,2025-10-16,2025-10-17,N39.0,APPROVED,925.10,847.76,587.24,,2025-10-17,2026-07-07T21:00:00Z
CLM000001966,MBR0000012,PRV000056,INSTITUTIONAL,2025-05-20,2025-05-20,Z00.00,DENIED,2808.15,1605.51,0.00,CO50,2025-06-06,2026-07-17T15:00:00Z
CLM000001967,MBR0000069,PRV000083,PROFESSIONAL,2026-05-06,2026-05-07,N39.0,APPROVED,5919.95,3727.19,3607.04,,2026-05-18,2026-07-04T00:00:00Z
CLM000001968,MBR0000900,PRV000041,PROFESSIONAL,2026-02-07,2026-02-10,M54.50,APPROVED,1436.00,1079.34,986.75,,2026-02-11,2026-07-08T06:00:00Z
CLM000001969,MBR0000553,PRV000035,INSTITUTIONAL,2026-01-13,2026-01-14,Z00.00,APPROVED,5359.07,3031.69,2027.62,,2026-01-31,2026-07-15T12:00:00Z
CLM000001970,MBR0000769,PRV000009,PROFESSIONAL,2025-09-16,2025-09-18,N39.0,PENDING,3471.40,2897.58,0.00,,2025-10-03,2026-07-07T21:00:00Z
CLM000001971,MBR0000996,PRV000100,INSTITUTIONAL,2026-05-31,2026-05-31,I10,APPROVED,4704.97,3476.56,3448.65,,2026-06-09,2026-07-06T07:00:00Z
CLM000001972,MBR0000167,PRV000010,INSTITUTIONAL,2025-02-24,2025-02-25,N39.0,APPROVED,4739.46,3144.39,2983.23,,2025-02-28,2026-07-02T03:00:00Z
CLM000001973,MBR0000750,PRV000063,PROFESSIONAL,2025-04-25,2025-04-27,Z00.00,APPROVED,1312.80,978.16,729.56,,2025-04-28,2026-07-20T13:00:00Z
CLM000001974,MBR0000949,PRV000089,PROFESSIONAL,2025-04-13,2025-04-16,Z00.00,APPROVED,4153.77,3125.42,2945.90,,2025-04-28,2026-07-15T03:00:00Z
CLM000001975,MBR0000176,PRV000083,INSTITUTIONAL,2025-04-07,2025-04-09,J45.909,APPROVED,2764.82,2328.70,1644.74,,2025-04-24,2026-07-10T06:00:00Z
CLM000001976,MBR0000920,PRV000044,INSTITUTIONAL,2025-08-20,2025-08-22,Z00.00,APPROVED,4558.04,2962.95,2716.96,,2025-09-05,2026-07-09T19:00:00Z
CLM000001977,MBR0000812,PRV000063,INSTITUTIONAL,2025-06-19,2025-06-21,I10,APPROVED,3321.93,3154.15,2584.63,,2025-06-24,2026-07-09T23:00:00Z
CLM000001978,MBR0000168,PRV000054,PROFESSIONAL,2025-05-24,2025-05-26,J45.909,APPROVED,1665.72,1254.87,1166.04,,2025-06-08,2026-07-08T03:00:00Z
CLM000001979,MBR0000569,PRV000020,PROFESSIONAL,2025-02-01,2025-02-01,I10,PENDING,347.42,279.88,0.00,,2025-02-18,2026-07-17T21:00:00Z
CLM000001980,MBR0000895,PRV000097,PROFESSIONAL,2025-11-13,2025-11-14,Z00.00,APPROVED,4201.37,3034.40,2188.02,,2025-11-27,2026-07-18T16:00:00Z
CLM000001981,MBR0000892,PRV000093,INSTITUTIONAL,2025-04-12,2025-04-13,N39.0,APPROVED,4474.13,3868.55,3865.66,,2025-04-23,2026-07-02T15:00:00Z
CLM000001982,MBR0000414,PRV000004,PROFESSIONAL,2025-12-11,2025-12-13,E11.9,DENIED,5417.95,3721.41,0.00,CO50,2025-12-16,2026-07-05T13:00:00Z
CLM000001983,MBR0000874,PRV000053,PROFESSIONAL,2025-04-03,2025-04-03,Z00.00,APPROVED,2924.31,2697.57,2321.57,,2025-04-22,2026-07-15T08:00:00Z
CLM000001984,MBR0000057,PRV000091,INSTITUTIONAL,2025-11-01,2025-11-04,I10,APPROVED,1342.93,1000.58,845.13,,2025-11-05,2026-07-17T17:00:00Z
CLM000001985,MBR0000413,PRV000027,INSTITUTIONAL,2025-07-09,2025-07-09,E11.9,APPROVED,2695.21,1926.79,1519.96,,2025-07-27,2026-07-10T07:00:00Z
CLM000001986,MBR0000632,PRV000004,INSTITUTIONAL,2025-08-17,2025-08-19,J45.909,APPROVED,2481.49,2035.24,1482.10,,2025-08-27,2026-07-11T07:00:00Z
CLM000001987,MBR0000145,PRV000090,PROFESSIONAL,2025-04-17,2025-04-19,I10,DENIED,1548.22,1261.07,0.00,CO16,2025-04-18,2026-07-05T15:00:00Z
CLM000001988,MBR0000825,PRV000079,PROFESSIONAL,2025-03-06,2025-03-06,J45.909,APPROVED,3468.90,3066.56,2737.91,,2025-03-18,2026-07-08T17:00:00Z
CLM000001989,MBR0000026,PRV000052,INSTITUTIONAL,2026-04-09,2026-04-10,Z00.00,APPROVED,6547.23,3805.92,3652.23,,2026-04-15,2026-07-05T08:00:00Z
CLM000001990,MBR0000821,PRV000100,INSTITUTIONAL,2025-06-13,2025-06-14,I10,DENIED,4627.54,2639.30,0.00,CO16,2025-07-01,2026-07-03T10:00:00Z
CLM000001991,MBR0000379,PRV000091,INSTITUTIONAL,2026-04-25,2026-04-25,N39.0,APPROVED,158.14,96.49,90.32,,2026-04-30,2026-07-17T15:00:00Z
CLM000001992,MBR0000283,PRV000041,INSTITUTIONAL,2026-02-15,2026-02-16,Z00.00,DENIED,3262.90,2201.37,0.00,CO16,2026-02-16,2026-07-06T17:00:00Z
CLM000001993,MBR0000959,PRV000025,INSTITUTIONAL,2026-03-13,2026-03-15,N39.0,APPROVED,4143.59,2303.13,1826.24,,2026-04-01,2026-07-14T10:00:00Z
CLM000001994,MBR0000638,PRV000099,INSTITUTIONAL,2025-12-21,2025-12-23,Z00.00,APPROVED,5045.78,3622.19,3548.80,,2026-01-07,2026-07-16T01:00:00Z
CLM000001995,MBR0000642,PRV000051,PROFESSIONAL,2026-03-12,2026-03-13,J45.909,DENIED,1603.28,1471.61,0.00,CO50,2026-03-24,2026-07-13T13:00:00Z
CLM000001996,MBR0000382,PRV000090,PROFESSIONAL,2025-03-19,2025-03-22,Z00.00,APPROVED,2737.59,1738.53,1672.39,,2025-03-27,2026-07-19T03:00:00Z
CLM000001997,MBR0000142,PRV000059,INSTITUTIONAL,2025-04-24,2025-04-25,J45.909,APPROVED,5651.19,3630.28,2450.21,,2025-05-02,2026-07-06T02:00:00Z
CLM000001998,MBR0000497,PRV000058,PROFESSIONAL,2025-12-16,2025-12-17,I10,DENIED,4189.04,3968.48,0.00,CO97,2025-12-24,2026-07-04T08:00:00Z
CLM000001999,MBR0000756,PRV000024,INSTITUTIONAL,2025-01-19,2025-01-21,M54.50,APPROVED,3186.58,1796.97,1673.15,,2025-02-06,2026-07-13T13:00:00Z
CLM000002000,MBR0000935,PRV000012,INSTITUTIONAL,2025-08-13,2025-08-16,Z00.00,APPROVED,1255.44,1111.11,1106.24,,2025-08-15,2026-07-16T14:00:00Z
CLM000002001,MBR0000114,PRV000059,INSTITUTIONAL,2026-03-27,2026-03-29,M54.50,DENIED,312.18,185.54,0.00,CO50,2026-04-09,2026-07-14T17:00:00Z
CLM000002002,MBR0000444,PRV000047,INSTITUTIONAL,2025-07-05,2025-07-07,I10,APPROVED,3049.99,2490.31,2196.32,,2025-07-23,2026-07-04T13:00:00Z
CLM000002003,MBR0000664,PRV000051,PROFESSIONAL,2026-03-23,2026-03-26,I10,DENIED,2026.52,1279.17,0.00,CO97,2026-03-25,2026-07-12T06:00:00Z
CLM000002004,MBR0000202,PRV000045,PROFESSIONAL,2025-04-15,2025-04-16,M54.50,APPROVED,707.33,494.61,398.41,,2025-05-01,2026-07-07T09:00:00Z
CLM000002005,MBR0000716,PRV000053,INSTITUTIONAL,2026-01-17,2026-01-18,E11.9,APPROVED,4276.78,3529.86,2969.32,,2026-01-28,2026-07-16T09:00:00Z
CLM000002006,MBR0000644,PRV000054,INSTITUTIONAL,2026-03-16,2026-03-16,M54.50,APPROVED,3424.71,2994.86,2304.67,,2026-03-24,2026-07-10T08:00:00Z
CLM000002007,MBR0000600,PRV000085,INSTITUTIONAL,2026-02-21,2026-02-22,J45.909,APPROVED,1737.18,1189.55,827.07,,2026-02-22,2026-07-03T13:00:00Z
CLM000002008,MBR0000314,PRV000042,PROFESSIONAL,2025-11-25,2025-11-25,E11.9,APPROVED,6652.58,3997.35,3941.89,,2025-12-08,2026-07-20T03:00:00Z
CLM000002009,MBR0000918,PRV000067,PROFESSIONAL,2025-09-27,2025-09-30,Z00.00,APPROVED,80.97,73.50,52.96,,2025-10-17,2026-07-01T15:00:00Z
CLM000002010,MBR0000597,PRV000046,INSTITUTIONAL,2026-03-21,2026-03-23,Z00.00,DENIED,1878.23,1151.51,0.00,CO97,2026-04-06,2026-07-07T12:00:00Z
CLM000002011,MBR0000532,PRV000009,INSTITUTIONAL,2025-06-04,2025-06-05,I10,APPROVED,5108.07,3318.86,2319.79,,2025-06-05,2026-07-20T19:00:00Z
CLM000002012,MBR0000023,PRV000085,PROFESSIONAL,2026-06-23,2026-06-23,Z00.00,APPROVED,1712.11,1538.65,1192.71,,2026-07-10,2026-07-16T07:00:00Z
CLM000002013,MBR0000188,PRV000022,INSTITUTIONAL,2025-12-01,2025-12-01,J45.909,APPROVED,5251.79,3138.47,2508.74,,2025-12-06,2026-07-13T01:00:00Z
CLM000002014,MBR0000776,PRV000085,INSTITUTIONAL,2025-06-21,2025-06-22,Z00.00,APPROVED,1504.87,1074.00,1060.97,,2025-06-28,2026-07-10T11:00:00Z
CLM000002015,MBR0000733,PRV000004,INSTITUTIONAL,2025-03-18,2025-03-18,J45.909,APPROVED,1022.19,663.31,433.72,,2025-03-26,2026-07-04T12:00:00Z
CLM000002016,MBR0000780,PRV000021,PROFESSIONAL,2025-06-26,2025-06-29,E11.9,DENIED,4002.23,3700.25,0.00,CO16,2025-07-14,2026-07-19T21:00:00Z
CLM000002017,MBR0000662,PRV000077,PROFESSIONAL,2025-08-08,2025-08-09,J45.909,APPROVED,4060.51,3698.61,3538.10,,2025-08-24,2026-07-09T15:00:00Z
CLM000002018,MBR0000503,PRV000053,PROFESSIONAL,2025-04-23,2025-04-23,I10,APPROVED,1624.18,1417.61,1025.73,,2025-04-26,2026-07-08T07:00:00Z
CLM000002019,MBR0000296,PRV000073,PROFESSIONAL,2025-01-28,2025-01-29,J45.909,APPROVED,2473.53,2126.82,1842.79,,2025-02-07,2026-07-07T01:00:00Z
CLM000002020,MBR0000963,PRV000056,INSTITUTIONAL,2026-01-26,2026-01-29,J45.909,APPROVED,5295.56,3889.75,2667.21,,2026-01-30,2026-07-01T17:00:00Z
CLM000002021,MBR0000110,PRV000023,PROFESSIONAL,2026-03-24,2026-03-25,I10,APPROVED,5055.35,3446.95,2858.24,,2026-04-02,2026-07-04T08:00:00Z
CLM000002022,MBR0000303,PRV000034,PROFESSIONAL,2025-08-07,2025-08-09,J45.909,APPROVED,969.12,847.52,650.58,,2025-08-27,2026-07-13T15:00:00Z
CLM000002023,MBR0000929,PRV000023,PROFESSIONAL,2025-05-24,2025-05-25,I10,APPROVED,1265.82,797.14,593.11,,2025-06-12,2026-07-07T02:00:00Z
CLM000002024,MBR0000141,PRV000059,PROFESSIONAL,2025-03-07,2025-03-08,I10,APPROVED,2300.75,1773.49,1543.82,,2025-03-17,2026-07-01T21:00:00Z
CLM000002025,MBR0000538,PRV000014,INSTITUTIONAL,2026-02-24,2026-02-26,M54.50,APPROVED,4044.03,3552.75,2670.38,,2026-03-04,2026-07-03T19:00:00Z
CLM000002026,MBR0000921,PRV000058,PROFESSIONAL,2025-11-27,2025-11-28,Z00.00,APPROVED,2223.50,1362.95,1305.49,,2025-12-16,2026-07-20T12:00:00Z
CLM000002027,MBR0000730,PRV000086,PROFESSIONAL,2025-05-12,2025-05-14,N39.0,DENIED,2187.85,1447.17,0.00,CO50,2025-05-19,2026-07-20T12:00:00Z
CLM000002028,MBR0000339,PRV000074,INSTITUTIONAL,2025-05-02,2025-05-05,Z00.00,DENIED,290.34,209.10,0.00,CO16,2025-05-13,2026-07-17T09:00:00Z
CLM000002029,MBR0000354,PRV000091,PROFESSIONAL,2025-04-13,2025-04-13,Z00.00,APPROVED,243.17,224.45,222.01,,2025-04-22,2026-07-02T20:00:00Z
CLM000002030,MBR0000280,PRV000092,INSTITUTIONAL,2026-01-16,2026-01-18,E11.9,APPROVED,6665.21,3882.44,3758.61,,2026-01-22,2026-07-14T09:00:00Z
CLM000002031,MBR0000027,PRV000069,INSTITUTIONAL,2026-04-06,2026-04-07,Z00.00,APPROVED,2895.12,1838.79,1373.13,,2026-04-19,2026-07-17T20:00:00Z
CLM000002032,MBR0000799,PRV000099,INSTITUTIONAL,2026-05-21,2026-05-21,Z00.00,APPROVED,3357.99,2439.53,1723.50,,2026-05-29,2026-07-12T03:00:00Z
CLM000002033,MBR0000245,PRV000064,PROFESSIONAL,2025-03-02,2025-03-05,M54.50,APPROVED,90.07,51.74,39.22,,2025-03-20,2026-07-15T05:00:00Z
CLM000002034,MBR0000008,PRV000026,INSTITUTIONAL,2025-12-22,2025-12-24,M54.50,APPROVED,2233.55,1376.51,1334.46,,2025-12-25,2026-07-07T07:00:00Z
CLM000002035,MBR0000145,PRV000053,PROFESSIONAL,2025-04-14,2025-04-14,I10,APPROVED,1265.19,826.10,792.36,,2025-04-24,2026-07-19T03:00:00Z
CLM000002036,MBR0000509,PRV000012,PROFESSIONAL,2025-11-30,2025-12-02,E11.9,APPROVED,2625.71,1630.71,1577.60,,2025-12-10,2026-07-11T05:00:00Z
CLM000002037,MBR0000676,PRV000042,PROFESSIONAL,2025-12-21,2025-12-23,Z00.00,APPROVED,5571.64,3303.40,3028.51,,2026-01-02,2026-07-15T14:00:00Z
CLM000002038,MBR0000007,PRV000056,PROFESSIONAL,2025-09-08,2025-09-10,J45.909,APPROVED,426.18,394.36,351.86,,2025-09-18,2026-07-09T14:00:00Z
CLM000002039,MBR0000118,PRV000033,INSTITUTIONAL,2026-03-18,2026-03-19,M54.50,APPROVED,6072.81,3468.68,2406.85,,2026-03-24,2026-07-15T04:00:00Z
CLM000002040,MBR0000675,PRV000040,PROFESSIONAL,2025-05-27,2025-05-30,Z00.00,DENIED,2785.76,1940.80,0.00,CO97,2025-06-03,2026-07-01T02:00:00Z
CLM000002041,MBR0000304,PRV000078,INSTITUTIONAL,2025-09-14,2025-09-14,J45.909,DENIED,4017.58,2509.33,0.00,CO50,2025-09-28,2026-07-04T13:00:00Z
CLM000002042,MBR0000994,PRV000065,PROFESSIONAL,2025-03-18,2025-03-18,Z00.00,APPROVED,3964.50,2284.75,1542.37,,2025-03-31,2026-07-03T21:00:00Z
CLM000002043,MBR0000583,PRV000002,INSTITUTIONAL,2025-12-17,2025-12-20,N39.0,APPROVED,439.43,261.92,240.86,,2025-12-20,2026-07-03T05:00:00Z
CLM000002044,MBR0000588,PRV000043,PROFESSIONAL,2026-03-23,2026-03-26,I10,APPROVED,3238.24,2790.68,2425.50,,2026-03-25,2026-07-07T07:00:00Z
CLM000002045,MBR0000481,PRV000032,INSTITUTIONAL,2025-03-19,2025-03-22,Z00.00,APPROVED,4039.55,2424.38,2416.97,,2025-03-27,2026-07-13T00:00:00Z
CLM000002046,MBR0000471,PRV000035,INSTITUTIONAL,2025-12-10,2025-12-10,J45.909,APPROVED,215.62,138.49,129.77,,2025-12-28,2026-07-10T18:00:00Z
CLM000002047,MBR0000945,PRV000083,PROFESSIONAL,2025-11-19,2025-11-19,E11.9,PENDING,3716.31,2358.72,0.00,,2025-12-04,2026-07-19T13:00:00Z
CLM000002048,MBR0000586,PRV000044,PROFESSIONAL,2026-05-07,2026-05-10,E11.9,APPROVED,5805.90,3477.97,3291.61,,2026-05-26,2026-07-06T18:00:00Z
CLM000002049,MBR0000280,PRV000008,PROFESSIONAL,2025-01-14,2025-01-17,I10,APPROVED,3420.51,2975.56,2956.55,,2025-01-31,2026-07-04T06:00:00Z
CLM000002050,MBR0000425,PRV000094,INSTITUTIONAL,2025-07-23,2025-07-24,Z00.00,APPROVED,3178.56,2421.87,1850.81,,2025-08-06,2026-07-08T10:00:00Z
CLM000002051,MBR0000109,PRV000025,PROFESSIONAL,2026-01-07,2026-01-07,I10,APPROVED,4608.12,2752.70,2552.60,,2026-01-11,2026-07-11T16:00:00Z
CLM000002052,MBR0000167,PRV000066,PROFESSIONAL,2026-06-15,2026-06-16,N39.0,APPROVED,529.80,430.12,286.82,,2026-06-29,2026-07-08T02:00:00Z
CLM000002053,MBR0000542,PRV000082,INSTITUTIONAL,2025-09-22,2025-09-22,Z00.00,APPROVED,3864.30,3489.10,3106.15,,2025-10-12,2026-07-07T17:00:00Z
CLM000002054,MBR0000838,PRV000098,PROFESSIONAL,2025-10-12,2025-10-13,Z00.00,PENDING,2254.14,1920.94,0.00,,2025-10-16,2026-07-07T03:00:00Z
CLM000002055,MBR0000391,PRV000073,INSTITUTIONAL,2025-03-12,2025-03-15,I10,APPROVED,2743.22,2151.14,1508.68,,2025-03-13,2026-07-01T02:00:00Z
CLM000002056,MBR0000454,PRV000100,PROFESSIONAL,2025-05-28,2025-05-31,N39.0,APPROVED,5481.45,3442.04,2242.33,,2025-06-15,2026-07-09T13:00:00Z
CLM000002057,MBR0000403,PRV000078,PROFESSIONAL,2026-02-07,2026-02-09,J45.909,APPROVED,1297.30,940.11,906.15,,2026-02-17,2026-07-16T14:00:00Z
CLM000002058,MBR0000694,PRV000038,PROFESSIONAL,2026-03-10,2026-03-10,E11.9,APPROVED,2664.26,1931.80,1840.01,,2026-03-23,2026-07-14T16:00:00Z
CLM000002059,MBR0000493,PRV000006,PROFESSIONAL,2025-06-21,2025-06-24,J45.909,APPROVED,3740.78,2789.12,2687.78,,2025-07-03,2026-07-13T22:00:00Z
CLM000002060,MBR0000842,PRV000016,PROFESSIONAL,2026-02-07,2026-02-09,N39.0,APPROVED,287.77,199.17,136.75,,2026-02-26,2026-07-07T11:00:00Z
CLM000002061,MBR0000729,PRV000092,INSTITUTIONAL,2025-10-30,2025-10-30,Z00.00,DENIED,1072.53,786.69,0.00,CO97,2025-11-13,2026-07-17T23:00:00Z
CLM000002062,MBR0000607,PRV000078,PROFESSIONAL,2025-02-08,2025-02-08,E11.9,APPROVED,3455.35,2181.44,2048.73,,2025-02-16,2026-07-19T17:00:00Z
CLM000002063,MBR0000914,PRV000039,PROFESSIONAL,2026-05-18,2026-05-20,M54.50,APPROVED,5126.11,3508.15,3183.73,,2026-05-20,2026-07-20T01:00:00Z
CLM000002064,MBR0000784,PRV000025,PROFESSIONAL,2025-01-12,2025-01-15,I10,APPROVED,2314.06,1706.00,1559.22,,2025-01-26,2026-07-03T13:00:00Z
CLM000002065,MBR0000808,PRV000024,INSTITUTIONAL,2025-06-02,2025-06-02,N39.0,APPROVED,3830.88,2508.11,1869.10,,2025-06-06,2026-07-05T08:00:00Z
CLM000002066,MBR0000441,PRV000021,PROFESSIONAL,2025-10-02,2025-10-05,M54.50,DENIED,1743.45,1212.88,0.00,CO97,2025-10-14,2026-07-01T03:00:00Z
CLM000002067,MBR0000944,PRV000036,INSTITUTIONAL,2026-04-09,2026-04-11,I10,APPROVED,1796.10,1226.78,840.87,,2026-04-15,2026-07-18T21:00:00Z
CLM000002068,MBR0000746,PRV000026,PROFESSIONAL,2025-06-29,2025-06-30,M54.50,DENIED,5214.59,3369.91,0.00,CO50,2025-07-07,2026-07-08T01:00:00Z
CLM000002069,MBR0000856,PRV000009,INSTITUTIONAL,2026-05-18,2026-05-21,E11.9,APPROVED,4907.37,3467.17,2612.76,,2026-05-25,2026-07-02T15:00:00Z
CLM000002070,MBR0000993,PRV000021,PROFESSIONAL,2025-08-08,2025-08-09,Z00.00,APPROVED,2088.54,1953.04,1316.61,,2025-08-23,2026-07-19T22:00:00Z
CLM000002071,MBR0000244,PRV000006,INSTITUTIONAL,2025-06-12,2025-06-14,M54.50,DENIED,3405.57,2920.56,0.00,CO16,2025-06-13,2026-07-06T03:00:00Z
CLM000002072,MBR0000402,PRV000090,PROFESSIONAL,2026-06-01,2026-06-02,N39.0,APPROVED,4871.46,3868.00,2764.30,,2026-06-21,2026-07-07T04:00:00Z
CLM000002073,MBR0000398,PRV000070,INSTITUTIONAL,2025-08-02,2025-08-04,I10,APPROVED,1164.55,853.82,589.87,,2025-08-20,2026-07-20T16:00:00Z
CLM000002074,MBR0000381,PRV000051,INSTITUTIONAL,2025-08-28,2025-08-29,M54.50,APPROVED,2206.79,1495.25,1276.38,,2025-09-06,2026-07-13T17:00:00Z
CLM000002075,MBR0000643,PRV000009,INSTITUTIONAL,2025-09-23,2025-09-26,J45.909,DENIED,1620.02,1170.78,0.00,CO50,2025-09-30,2026-07-19T14:00:00Z
CLM000002076,MBR0000896,PRV000053,INSTITUTIONAL,2025-01-29,2025-01-30,E11.9,APPROVED,4137.06,3187.54,2560.66,,2025-01-30,2026-07-11T15:00:00Z
CLM000002077,MBR0000791,PRV000015,PROFESSIONAL,2025-07-11,2025-07-12,N39.0,APPROVED,1391.08,965.39,726.53,,2025-07-31,2026-07-17T20:00:00Z
CLM000002078,MBR0000803,PRV000014,PROFESSIONAL,2025-02-09,2025-02-12,M54.50,APPROVED,108.50,100.67,77.77,,2025-02-20,2026-07-12T22:00:00Z
CLM000002079,MBR0000343,PRV000020,PROFESSIONAL,2025-06-26,2025-06-28,E11.9,APPROVED,3851.13,2885.73,2851.39,,2025-07-04,2026-07-05T00:00:00Z
CLM000002080,MBR0000147,PRV000011,INSTITUTIONAL,2025-09-19,2025-09-22,N39.0,APPROVED,3114.09,2421.00,2183.59,,2025-09-30,2026-07-12T14:00:00Z
CLM000002081,MBR0000400,PRV000075,PROFESSIONAL,2025-10-05,2025-10-07,M54.50,APPROVED,3768.27,2511.65,2149.14,,2025-10-21,2026-07-07T04:00:00Z
CLM000002082,MBR0000402,PRV000079,PROFESSIONAL,2025-01-09,2025-01-09,M54.50,APPROVED,1536.99,1139.00,1130.01,,2025-01-10,2026-07-19T09:00:00Z
CLM000002083,MBR0000918,PRV000069,INSTITUTIONAL,2025-02-04,2025-02-05,E11.9,APPROVED,863.85,746.80,683.85,,2025-02-21,2026-07-09T04:00:00Z
CLM000002084,MBR0000661,PRV000088,PROFESSIONAL,2025-01-27,2025-01-29,J45.909,APPROVED,2427.65,1444.89,1196.90,,2025-02-09,2026-07-11T05:00:00Z
CLM000002085,MBR0000056,PRV000097,PROFESSIONAL,2026-05-14,2026-05-17,I10,APPROVED,1085.94,858.31,775.81,,2026-05-29,2026-07-17T23:00:00Z
CLM000002086,MBR0000796,PRV000008,INSTITUTIONAL,2025-11-29,2025-12-01,I10,PENDING,830.97,600.00,0.00,,2025-12-13,2026-07-16T07:00:00Z
CLM000002087,MBR0000433,PRV000096,PROFESSIONAL,2025-09-19,2025-09-20,J45.909,APPROVED,3684.55,3058.92,2644.34,,2025-09-24,2026-07-03T04:00:00Z
CLM000002088,MBR0000479,PRV000003,PROFESSIONAL,2025-05-04,2025-05-06,J45.909,APPROVED,3148.09,1826.85,1506.01,,2025-05-15,2026-07-10T23:00:00Z
CLM000002089,MBR0000120,PRV000087,INSTITUTIONAL,2026-05-19,2026-05-22,I10,APPROVED,829.97,561.20,522.77,,2026-05-28,2026-07-14T16:00:00Z
CLM000002090,MBR0000388,PRV000025,PROFESSIONAL,2025-12-21,2025-12-24,N39.0,APPROVED,3082.30,2793.94,1849.76,,2025-12-26,2026-07-13T09:00:00Z
CLM000002091,MBR0000256,PRV000056,INSTITUTIONAL,2025-05-02,2025-05-05,E11.9,DENIED,4986.85,3738.07,0.00,CO97,2025-05-13,2026-07-19T22:00:00Z
CLM000002092,MBR0000342,PRV000004,INSTITUTIONAL,2026-01-05,2026-01-05,N39.0,APPROVED,362.06,334.28,231.41,,2026-01-06,2026-07-02T17:00:00Z
CLM000002093,MBR0000736,PRV000046,PROFESSIONAL,2025-06-03,2025-06-05,M54.50,APPROVED,5274.29,3944.19,3352.31,,2025-06-18,2026-07-04T00:00:00Z
CLM000002094,MBR0000927,PRV000063,PROFESSIONAL,2025-12-16,2025-12-19,Z00.00,APPROVED,3316.78,2290.37,1824.39,,2026-01-02,2026-07-12T14:00:00Z
CLM000002095,MBR0000760,PRV000060,INSTITUTIONAL,2026-04-29,2026-04-29,N39.0,APPROVED,6641.78,3735.71,2885.14,,2026-05-13,2026-07-20T08:00:00Z
CLM000002096,MBR0000170,PRV000092,PROFESSIONAL,2025-01-29,2025-01-29,I10,APPROVED,2027.19,1251.33,1222.66,,2025-02-13,2026-07-09T06:00:00Z
CLM000002097,MBR0000982,PRV000024,PROFESSIONAL,2026-01-31,2026-02-01,M54.50,APPROVED,1824.09,1330.85,1173.89,,2026-02-06,2026-07-05T06:00:00Z
CLM000002098,MBR0000081,PRV000006,PROFESSIONAL,2026-05-10,2026-05-10,Z00.00,DENIED,321.06,186.35,0.00,CO16,2026-05-19,2026-07-16T19:00:00Z
CLM000002099,MBR0000058,PRV000017,PROFESSIONAL,2025-05-22,2025-05-22,J45.909,APPROVED,6903.18,3883.41,3052.82,,2025-06-03,2026-07-12T21:00:00Z
CLM000002100,MBR0000742,PRV000071,INSTITUTIONAL,2026-02-11,2026-02-13,J45.909,APPROVED,5034.14,3753.68,3313.95,,2026-02-22,2026-07-01T03:00:00Z
CLM000002101,MBR0000465,PRV000006,INSTITUTIONAL,2026-04-24,2026-04-25,I10,APPROVED,3199.43,1903.60,1878.04,,2026-05-10,2026-07-02T02:00:00Z
CLM000002102,MBR0000189,PRV000061,INSTITUTIONAL,2025-11-04,2025-11-05,N39.0,APPROVED,549.13,357.50,251.87,,2025-11-19,2026-07-11T13:00:00Z
CLM000002103,MBR0000840,PRV000095,PROFESSIONAL,2025-12-21,2025-12-24,J45.909,APPROVED,3171.97,2222.83,1512.49,,2025-12-31,2026-07-08T11:00:00Z
CLM000002104,MBR0000645,PRV000076,PROFESSIONAL,2025-05-09,2025-05-12,J45.909,APPROVED,6070.50,3954.49,3519.95,,2025-05-27,2026-07-14T06:00:00Z
CLM000002105,MBR0000793,PRV000044,PROFESSIONAL,2025-10-27,2025-10-30,J45.909,APPROVED,352.70,260.43,245.22,,2025-11-04,2026-07-09T23:00:00Z
CLM000002106,MBR0000743,PRV000021,PROFESSIONAL,2025-03-24,2025-03-26,E11.9,APPROVED,4821.79,3389.60,2728.19,,2025-03-31,2026-07-05T16:00:00Z
CLM000002107,MBR0000682,PRV000013,INSTITUTIONAL,2026-02-28,2026-03-01,M54.50,APPROVED,78.90,71.76,51.03,,2026-03-10,2026-07-11T14:00:00Z
CLM000002108,MBR0000654,PRV000022,PROFESSIONAL,2026-03-02,2026-03-02,E11.9,APPROVED,1814.63,1137.71,746.85,,2026-03-10,2026-07-19T05:00:00Z
CLM000002109,MBR0000256,PRV000083,INSTITUTIONAL,2025-03-28,2025-03-31,E11.9,PENDING,4107.36,2855.74,0.00,,2025-04-07,2026-07-14T17:00:00Z
CLM000002110,MBR0000986,PRV000076,PROFESSIONAL,2026-03-16,2026-03-17,N39.0,APPROVED,1862.69,1197.89,1195.99,,2026-03-17,2026-07-17T07:00:00Z
CLM000002111,MBR0000413,PRV000053,PROFESSIONAL,2026-03-01,2026-03-04,M54.50,DENIED,2438.80,1567.81,0.00,CO97,2026-03-18,2026-07-14T22:00:00Z
CLM000002112,MBR0000680,PRV000041,PROFESSIONAL,2025-03-12,2025-03-12,M54.50,APPROVED,2557.44,1984.70,1770.66,,2025-03-26,2026-07-17T04:00:00Z
CLM000002113,MBR0000791,PRV000037,INSTITUTIONAL,2026-03-27,2026-03-29,M54.50,APPROVED,4040.39,3709.68,2974.80,,2026-04-04,2026-07-18T11:00:00Z
CLM000002114,MBR0000574,PRV000075,PROFESSIONAL,2026-01-10,2026-01-11,Z00.00,APPROVED,4943.01,3204.72,3078.27,,2026-01-22,2026-07-11T15:00:00Z
CLM000002115,MBR0000689,PRV000077,PROFESSIONAL,2026-06-20,2026-06-22,N39.0,APPROVED,2139.47,1695.94,1495.45,,2026-06-30,2026-07-10T19:00:00Z
CLM000002116,MBR0000761,PRV000051,PROFESSIONAL,2025-02-16,2025-02-18,Z00.00,APPROVED,774.65,535.60,489.57,,2025-02-27,2026-07-19T12:00:00Z
CLM000002117,MBR0000428,PRV000019,INSTITUTIONAL,2025-05-25,2025-05-26,Z00.00,APPROVED,5973.40,3857.42,2521.95,,2025-05-27,2026-07-03T22:00:00Z
CLM000002118,MBR0000887,PRV000080,INSTITUTIONAL,2026-04-13,2026-04-15,N39.0,APPROVED,3113.56,2065.26,1422.80,,2026-05-03,2026-07-06T22:00:00Z
CLM000002119,MBR0000941,PRV000040,PROFESSIONAL,2025-06-01,2025-06-04,I10,DENIED,605.30,476.04,0.00,CO50,2025-06-10,2026-07-03T08:00:00Z
CLM000002120,MBR0000373,PRV000076,INSTITUTIONAL,2026-04-15,2026-04-15,J45.909,PENDING,2600.34,1686.44,0.00,,2026-04-28,2026-07-07T00:00:00Z
CLM000002121,MBR0000921,PRV000041,PROFESSIONAL,2026-06-29,2026-07-02,J45.909,APPROVED,417.77,299.31,237.84,,2026-07-12,2026-07-14T19:00:00Z
CLM000002122,MBR0000281,PRV000036,INSTITUTIONAL,2025-04-13,2025-04-14,J45.909,APPROVED,1966.51,1131.46,1006.75,,2025-05-02,2026-07-01T21:00:00Z
CLM000002123,MBR0000750,PRV000052,PROFESSIONAL,2025-06-23,2025-06-26,E11.9,DENIED,471.57,433.88,0.00,CO50,2025-07-13,2026-07-19T03:00:00Z
CLM000002124,MBR0000729,PRV000004,PROFESSIONAL,2026-03-22,2026-03-22,M54.50,APPROVED,3934.62,2322.52,1523.61,,2026-03-30,2026-07-19T21:00:00Z
CLM000002125,MBR0000524,PRV000099,PROFESSIONAL,2025-11-26,2025-11-26,Z00.00,APPROVED,66.83,55.28,39.28,,2025-12-16,2026-07-06T08:00:00Z
CLM000002126,MBR0000484,PRV000019,INSTITUTIONAL,2026-01-29,2026-01-29,I10,DENIED,1571.42,982.91,0.00,CO50,2026-02-05,2026-07-03T11:00:00Z
CLM000002127,MBR0000141,PRV000092,INSTITUTIONAL,2025-08-16,2025-08-16,Z00.00,APPROVED,4870.85,3927.27,3423.75,,2025-08-25,2026-07-15T21:00:00Z
CLM000002128,MBR0000410,PRV000025,INSTITUTIONAL,2025-06-11,2025-06-13,N39.0,APPROVED,951.68,559.83,405.42,,2025-06-26,2026-07-08T04:00:00Z
CLM000002129,MBR0000349,PRV000033,INSTITUTIONAL,2026-03-16,2026-03-18,M54.50,PENDING,1580.60,1206.22,0.00,,2026-03-17,2026-07-09T08:00:00Z
CLM000002130,MBR0000353,PRV000059,PROFESSIONAL,2025-08-28,2025-08-30,I10,APPROVED,3175.89,2685.87,2395.77,,2025-09-05,2026-07-05T08:00:00Z
CLM000002131,MBR0000326,PRV000034,INSTITUTIONAL,2025-02-10,2025-02-13,E11.9,APPROVED,1012.54,584.03,404.33,,2025-02-24,2026-07-06T11:00:00Z
CLM000002132,MBR0000949,PRV000061,INSTITUTIONAL,2026-01-13,2026-01-13,J45.909,APPROVED,1366.76,1159.33,1145.78,,2026-01-30,2026-07-08T00:00:00Z
CLM000002133,MBR0000514,PRV000066,INSTITUTIONAL,2025-12-26,2025-12-27,N39.0,APPROVED,819.80,721.49,677.85,,2026-01-14,2026-07-09T04:00:00Z
CLM000002134,MBR0000867,PRV000075,PROFESSIONAL,2026-06-19,2026-06-20,M54.50,APPROVED,1060.13,707.57,463.75,,2026-06-24,2026-07-12T14:00:00Z
CLM000002135,MBR0000565,PRV000001,PROFESSIONAL,2025-03-08,2025-03-11,E11.9,APPROVED,3146.15,1918.12,1403.19,,2025-03-10,2026-07-13T17:00:00Z
CLM000002136,MBR0000986,PRV000006,INSTITUTIONAL,2026-06-08,2026-06-10,E11.9,APPROVED,4346.69,3856.52,3476.72,,2026-06-23,2026-07-04T11:00:00Z
CLM000002137,MBR0000779,PRV000030,INSTITUTIONAL,2026-02-12,2026-02-15,N39.0,DENIED,5591.20,3943.91,0.00,CO50,2026-02-22,2026-07-06T23:00:00Z
CLM000002138,MBR0000376,PRV000025,PROFESSIONAL,2025-11-18,2025-11-18,N39.0,APPROVED,2858.55,1633.38,1261.40,,2025-11-24,2026-07-07T08:00:00Z
CLM000002139,MBR0000665,PRV000035,INSTITUTIONAL,2025-11-16,2025-11-18,I10,APPROVED,3706.63,2188.49,1506.71,,2025-11-20,2026-07-04T22:00:00Z
CLM000002140,MBR0000670,PRV000050,PROFESSIONAL,2025-04-23,2025-04-26,J45.909,APPROVED,1337.60,1253.14,912.36,,2025-04-24,2026-07-03T18:00:00Z
CLM000002141,MBR0000792,PRV000034,PROFESSIONAL,2025-08-13,2025-08-16,Z00.00,APPROVED,558.50,362.56,315.02,,2025-08-24,2026-07-11T02:00:00Z
CLM000002142,MBR0000979,PRV000077,INSTITUTIONAL,2025-12-03,2025-12-03,Z00.00,PENDING,171.64,158.19,0.00,,2025-12-06,2026-07-02T00:00:00Z
CLM000002143,MBR0000819,PRV000050,PROFESSIONAL,2025-09-09,2025-09-09,M54.50,DENIED,148.14,113.06,0.00,CO50,2025-09-28,2026-07-19T18:00:00Z
CLM000002144,MBR0000590,PRV000014,INSTITUTIONAL,2025-04-04,2025-04-05,E11.9,APPROVED,3656.01,2512.32,1648.54,,2025-04-15,2026-07-07T23:00:00Z
CLM000002145,MBR0000751,PRV000092,INSTITUTIONAL,2025-07-25,2025-07-25,I10,APPROVED,1720.78,1057.82,778.57,,2025-08-08,2026-07-17T17:00:00Z
CLM000002146,MBR0000503,PRV000081,PROFESSIONAL,2025-01-09,2025-01-11,J45.909,APPROVED,907.82,522.24,362.96,,2025-01-27,2026-07-04T02:00:00Z
CLM000002147,MBR0000130,PRV000034,PROFESSIONAL,2025-05-28,2025-05-28,J45.909,APPROVED,3229.57,1897.11,1761.97,,2025-06-02,2026-07-12T19:00:00Z
CLM000002148,MBR0000582,PRV000086,PROFESSIONAL,2025-07-04,2025-07-04,N39.0,APPROVED,618.38,391.94,289.64,,2025-07-05,2026-07-19T00:00:00Z
CLM000002149,MBR0000253,PRV000071,PROFESSIONAL,2025-03-20,2025-03-20,M54.50,PENDING,5651.06,3275.01,0.00,,2025-04-02,2026-07-13T15:00:00Z
CLM000002150,MBR0000608,PRV000064,PROFESSIONAL,2026-06-21,2026-06-21,I10,DENIED,2068.72,1644.33,0.00,CO16,2026-07-07,2026-07-15T17:00:00Z
CLM000002151,MBR0000583,PRV000018,PROFESSIONAL,2026-02-01,2026-02-02,Z00.00,APPROVED,2858.05,1862.40,1483.32,,2026-02-13,2026-07-06T13:00:00Z
CLM000002152,MBR0000131,PRV000056,PROFESSIONAL,2026-03-22,2026-03-25,E11.9,APPROVED,885.00,796.10,589.90,,2026-04-09,2026-07-05T06:00:00Z
CLM000002153,MBR0000283,PRV000093,PROFESSIONAL,2025-05-18,2025-05-20,I10,APPROVED,2336.02,1907.99,1761.64,,2025-05-21,2026-07-11T12:00:00Z
CLM000002154,MBR0000957,PRV000031,PROFESSIONAL,2025-10-30,2025-11-02,J45.909,APPROVED,2040.88,1542.75,1062.59,,2025-11-16,2026-07-15T02:00:00Z
CLM000002155,MBR0000160,PRV000011,PROFESSIONAL,2025-07-23,2025-07-24,J45.909,APPROVED,1547.03,1374.74,1284.51,,2025-07-27,2026-07-18T17:00:00Z
CLM000002156,MBR0000924,PRV000039,INSTITUTIONAL,2025-10-01,2025-10-04,N39.0,APPROVED,5331.70,3975.42,3459.91,,2025-10-20,2026-07-13T04:00:00Z
CLM000002157,MBR0000648,PRV000057,PROFESSIONAL,2025-07-17,2025-07-18,E11.9,PENDING,1682.91,1550.38,0.00,,2025-07-22,2026-07-06T09:00:00Z
CLM000002158,MBR0000819,PRV000089,INSTITUTIONAL,2025-07-01,2025-07-02,E11.9,APPROVED,4033.38,3668.22,3183.64,,2025-07-12,2026-07-05T19:00:00Z
CLM000002159,MBR0000263,PRV000017,PROFESSIONAL,2026-05-13,2026-05-16,N39.0,APPROVED,4334.86,2553.95,2365.11,,2026-05-21,2026-07-03T01:00:00Z
CLM000002160,MBR0000600,PRV000044,INSTITUTIONAL,2025-05-30,2025-05-30,E11.9,APPROVED,4318.84,3598.50,2843.45,,2025-06-19,2026-07-12T06:00:00Z
CLM000002161,MBR0000315,PRV000035,INSTITUTIONAL,2026-06-08,2026-06-10,M54.50,PENDING,2795.26,1989.74,0.00,,2026-06-21,2026-07-11T09:00:00Z
CLM000002162,MBR0000434,PRV000031,PROFESSIONAL,2026-04-17,2026-04-19,M54.50,APPROVED,875.20,702.28,529.10,,2026-04-20,2026-07-03T12:00:00Z
CLM000002163,MBR0000465,PRV000086,INSTITUTIONAL,2025-08-25,2025-08-27,J45.909,APPROVED,3848.19,2164.36,2001.62,,2025-08-28,2026-07-09T05:00:00Z
CLM000002164,MBR0000057,PRV000062,PROFESSIONAL,2026-04-26,2026-04-27,M54.50,APPROVED,1234.48,912.80,620.58,,2026-05-06,2026-07-13T03:00:00Z
CLM000002165,MBR0000742,PRV000074,PROFESSIONAL,2026-03-08,2026-03-11,M54.50,APPROVED,4628.23,3351.24,3162.24,,2026-03-15,2026-07-02T19:00:00Z
CLM000002166,MBR0000119,PRV000077,PROFESSIONAL,2026-04-02,2026-04-03,Z00.00,APPROVED,5347.66,3053.82,2607.25,,2026-04-21,2026-07-03T16:00:00Z
CLM000002167,MBR0000425,PRV000018,INSTITUTIONAL,2025-03-16,2025-03-17,E11.9,APPROVED,5437.56,3878.13,3565.34,,2025-03-29,2026-07-06T21:00:00Z
CLM000002168,MBR0000727,PRV000035,INSTITUTIONAL,2025-03-24,2025-03-27,N39.0,APPROVED,1694.72,1401.38,945.08,,2025-04-11,2026-07-09T10:00:00Z
CLM000002169,MBR0000103,PRV000027,PROFESSIONAL,2026-04-11,2026-04-11,Z00.00,APPROVED,816.91,551.80,427.79,,2026-05-01,2026-07-08T00:00:00Z
CLM000002170,MBR0000840,PRV000088,PROFESSIONAL,2025-05-13,2025-05-16,N39.0,APPROVED,4733.06,3488.99,2936.40,,2025-05-23,2026-07-02T21:00:00Z
CLM000002171,MBR0000675,PRV000053,INSTITUTIONAL,2025-12-23,2025-12-23,N39.0,DENIED,1693.24,1489.95,0.00,CO16,2025-12-30,2026-07-12T10:00:00Z
CLM000002172,MBR0000204,PRV000056,INSTITUTIONAL,2025-10-09,2025-10-12,N39.0,APPROVED,2051.70,1582.86,1286.47,,2025-10-23,2026-07-10T09:00:00Z
CLM000002173,MBR0000020,PRV000045,INSTITUTIONAL,2025-06-12,2025-06-14,J45.909,APPROVED,1378.03,1311.66,898.87,,2025-06-25,2026-07-20T09:00:00Z
CLM000002174,MBR0000154,PRV000094,PROFESSIONAL,2025-05-10,2025-05-10,M54.50,APPROVED,5352.67,3511.51,2931.93,,2025-05-21,2026-07-06T16:00:00Z
CLM000002175,MBR0000472,PRV000082,PROFESSIONAL,2026-01-16,2026-01-16,N39.0,APPROVED,3445.36,2009.06,1403.84,,2026-01-28,2026-07-02T05:00:00Z
CLM000002176,MBR0000026,PRV000095,INSTITUTIONAL,2025-06-28,2025-06-30,N39.0,APPROVED,3750.80,3463.23,3250.19,,2025-07-02,2026-07-10T15:00:00Z
CLM000002177,MBR0000715,PRV000052,INSTITUTIONAL,2026-01-17,2026-01-17,N39.0,APPROVED,630.05,574.18,503.00,,2026-02-04,2026-07-17T09:00:00Z
CLM000002178,MBR0000901,PRV000049,INSTITUTIONAL,2025-02-13,2025-02-14,M54.50,APPROVED,4149.88,3293.70,2259.03,,2025-02-27,2026-07-13T14:00:00Z
CLM000002179,MBR0000981,PRV000052,PROFESSIONAL,2025-01-16,2025-01-18,E11.9,APPROVED,2601.72,1504.61,1499.65,,2025-01-20,2026-07-14T16:00:00Z
CLM000002180,MBR0000674,PRV000072,PROFESSIONAL,2025-01-11,2025-01-13,E11.9,APPROVED,924.59,848.31,630.95,,2025-01-14,2026-07-05T01:00:00Z
CLM000002181,MBR0000704,PRV000061,PROFESSIONAL,2025-04-10,2025-04-11,Z00.00,APPROVED,465.96,426.56,398.37,,2025-04-13,2026-07-06T08:00:00Z
CLM000002182,MBR0000660,PRV000047,PROFESSIONAL,2025-03-28,2025-03-30,J45.909,APPROVED,1313.82,1109.79,990.90,,2025-04-07,2026-07-15T01:00:00Z
CLM000002183,MBR0000496,PRV000100,PROFESSIONAL,2026-01-03,2026-01-03,N39.0,APPROVED,4033.47,2306.12,2131.53,,2026-01-18,2026-07-01T16:00:00Z
CLM000002184,MBR0000177,PRV000073,INSTITUTIONAL,2026-06-10,2026-06-13,N39.0,PENDING,4683.60,2766.85,0.00,,2026-06-27,2026-07-02T04:00:00Z
CLM000002185,MBR0000919,PRV000038,INSTITUTIONAL,2026-03-11,2026-03-11,J45.909,APPROVED,3481.63,2752.80,2071.93,,2026-03-22,2026-07-03T11:00:00Z
CLM000002186,MBR0000981,PRV000088,PROFESSIONAL,2026-06-14,2026-06-17,N39.0,APPROVED,140.48,99.54,85.40,,2026-07-02,2026-07-05T20:00:00Z
CLM000002187,MBR0000527,PRV000071,INSTITUTIONAL,2026-03-17,2026-03-18,I10,APPROVED,2575.11,1621.94,1505.48,,2026-03-22,2026-07-08T05:00:00Z
CLM000002188,MBR0000538,PRV000083,INSTITUTIONAL,2026-04-08,2026-04-09,N39.0,APPROVED,1232.56,1050.72,921.34,,2026-04-15,2026-07-05T05:00:00Z
CLM000002189,MBR0000326,PRV000092,INSTITUTIONAL,2025-12-30,2026-01-01,M54.50,APPROVED,418.16,364.12,321.05,,2026-01-15,2026-07-01T22:00:00Z
CLM000002190,MBR0000700,PRV000058,INSTITUTIONAL,2025-12-07,2025-12-07,Z00.00,APPROVED,206.67,170.94,141.93,,2025-12-22,2026-07-09T07:00:00Z
CLM000002191,MBR0000655,PRV000059,INSTITUTIONAL,2025-02-16,2025-02-18,Z00.00,APPROVED,1325.63,1006.71,888.39,,2025-03-05,2026-07-15T15:00:00Z
CLM000002192,MBR0000217,PRV000064,INSTITUTIONAL,2026-05-23,2026-05-23,J45.909,APPROVED,1066.40,774.09,755.19,,2026-06-02,2026-07-15T12:00:00Z
CLM000002193,MBR0000621,PRV000081,INSTITUTIONAL,2025-05-16,2025-05-17,I10,APPROVED,819.07,657.02,629.26,,2025-05-21,2026-07-15T10:00:00Z
CLM000002194,MBR0000116,PRV000058,INSTITUTIONAL,2025-08-06,2025-08-08,M54.50,APPROVED,3174.31,2568.53,2021.46,,2025-08-10,2026-07-02T13:00:00Z
CLM000002195,MBR0000918,PRV000095,INSTITUTIONAL,2025-01-19,2025-01-20,I10,APPROVED,391.93,251.90,178.34,,2025-01-20,2026-07-01T17:00:00Z
CLM000002196,MBR0000019,PRV000026,PROFESSIONAL,2025-12-14,2025-12-15,J45.909,DENIED,327.59,261.63,0.00,CO16,2025-12-22,2026-07-15T23:00:00Z
CLM000002197,MBR0000565,PRV000066,INSTITUTIONAL,2026-03-12,2026-03-13,I10,APPROVED,4861.04,3094.92,2771.87,,2026-03-31,2026-07-05T15:00:00Z
CLM000002198,MBR0000787,PRV000029,INSTITUTIONAL,2026-04-26,2026-04-29,M54.50,APPROVED,3683.75,3413.09,3309.53,,2026-05-09,2026-07-20T17:00:00Z
CLM000002199,MBR0000797,PRV000023,PROFESSIONAL,2025-08-04,2025-08-04,Z00.00,APPROVED,1942.05,1366.92,895.55,,2025-08-15,2026-07-17T09:00:00Z
CLM000002200,MBR0000708,PRV000048,INSTITUTIONAL,2026-01-19,2026-01-20,I10,APPROVED,549.13,498.40,490.15,,2026-01-23,2026-07-09T07:00:00Z
CLM000002201,MBR0000477,PRV000057,INSTITUTIONAL,2025-03-10,2025-03-10,J45.909,APPROVED,570.11,478.47,428.30,,2025-03-20,2026-07-13T23:00:00Z
CLM000002202,MBR0000438,PRV000089,PROFESSIONAL,2025-09-06,2025-09-06,M54.50,APPROVED,4283.54,3037.51,2142.66,,2025-09-13,2026-07-13T00:00:00Z
CLM000002203,MBR0000243,PRV000015,INSTITUTIONAL,2025-01-16,2025-01-18,E11.9,APPROVED,4969.05,3334.65,2644.44,,2025-02-01,2026-07-02T06:00:00Z
CLM000002204,MBR0000487,PRV000034,INSTITUTIONAL,2025-09-05,2025-09-07,M54.50,APPROVED,6161.84,3500.25,3124.85,,2025-09-20,2026-07-17T15:00:00Z
CLM000002205,MBR0000583,PRV000099,PROFESSIONAL,2025-10-06,2025-10-07,M54.50,APPROVED,743.55,542.02,498.74,,2025-10-24,2026-07-06T06:00:00Z
CLM000002206,MBR0000513,PRV000010,INSTITUTIONAL,2026-01-01,2026-01-02,J45.909,DENIED,6244.99,3788.25,0.00,CO97,2026-01-19,2026-07-04T11:00:00Z
CLM000002207,MBR0000430,PRV000017,PROFESSIONAL,2025-01-27,2025-01-28,Z00.00,APPROVED,4301.18,3467.00,2844.83,,2025-01-31,2026-07-06T11:00:00Z
CLM000002208,MBR0000429,PRV000056,INSTITUTIONAL,2025-03-10,2025-03-11,Z00.00,APPROVED,3338.02,2074.20,2053.53,,2025-03-12,2026-07-20T19:00:00Z
CLM000002209,MBR0000116,PRV000039,PROFESSIONAL,2026-03-18,2026-03-20,J45.909,APPROVED,3154.83,2864.87,2358.17,,2026-03-23,2026-07-01T16:00:00Z
CLM000002210,MBR0000826,PRV000075,PROFESSIONAL,2025-11-23,2025-11-26,J45.909,APPROVED,4738.27,2789.81,2671.73,,2025-12-11,2026-07-15T22:00:00Z
CLM000002211,MBR0000832,PRV000016,INSTITUTIONAL,2026-01-21,2026-01-23,J45.909,APPROVED,5530.71,3549.68,2897.31,,2026-02-09,2026-07-12T10:00:00Z
CLM000002212,MBR0000196,PRV000073,PROFESSIONAL,2026-06-19,2026-06-19,M54.50,APPROVED,5260.92,3841.04,2604.89,,2026-07-02,2026-07-16T19:00:00Z
CLM000002213,MBR0000016,PRV000028,INSTITUTIONAL,2025-05-17,2025-05-19,E11.9,APPROVED,495.13,317.57,291.95,,2025-05-23,2026-07-20T02:00:00Z
CLM000002214,MBR0000731,PRV000052,INSTITUTIONAL,2026-05-27,2026-05-27,E11.9,APPROVED,4409.12,2849.41,2443.88,,2026-06-06,2026-07-17T20:00:00Z
CLM000002215,MBR0000677,PRV000034,PROFESSIONAL,2025-11-08,2025-11-08,M54.50,APPROVED,1613.89,1378.95,1131.33,,2025-11-11,2026-07-02T17:00:00Z
CLM000002216,MBR0000344,PRV000065,INSTITUTIONAL,2025-08-07,2025-08-07,M54.50,APPROVED,1289.47,814.32,700.62,,2025-08-24,2026-07-02T19:00:00Z
CLM000002217,MBR0000784,PRV000042,INSTITUTIONAL,2025-09-03,2025-09-03,M54.50,APPROVED,1406.78,1302.88,1064.39,,2025-09-14,2026-07-11T17:00:00Z
CLM000002218,MBR0000845,PRV000042,PROFESSIONAL,2025-04-20,2025-04-22,M54.50,APPROVED,1738.51,1484.14,991.32,,2025-05-03,2026-07-20T18:00:00Z
CLM000002219,MBR0000737,PRV000098,PROFESSIONAL,2025-09-19,2025-09-22,N39.0,DENIED,5043.63,3732.22,0.00,CO50,2025-10-08,2026-07-07T05:00:00Z
CLM000002220,MBR0000534,PRV000026,PROFESSIONAL,2025-11-12,2025-11-14,J45.909,APPROVED,1349.90,941.74,803.78,,2025-12-01,2026-07-06T16:00:00Z
CLM000002221,MBR0000041,PRV000003,PROFESSIONAL,2025-12-02,2025-12-05,Z00.00,APPROVED,3802.83,3588.22,2833.67,,2025-12-19,2026-07-13T08:00:00Z
CLM000002222,MBR0000158,PRV000018,INSTITUTIONAL,2026-03-03,2026-03-04,M54.50,APPROVED,1629.47,1474.94,1063.38,,2026-03-22,2026-07-15T12:00:00Z
CLM000002223,MBR0000904,PRV000088,INSTITUTIONAL,2026-05-16,2026-05-18,M54.50,APPROVED,534.63,502.10,487.67,,2026-05-24,2026-07-10T17:00:00Z
CLM000002224,MBR0000232,PRV000035,PROFESSIONAL,2025-02-05,2025-02-05,N39.0,APPROVED,1869.27,1537.28,1262.89,,2025-02-17,2026-07-04T09:00:00Z
CLM000002225,MBR0000736,PRV000059,PROFESSIONAL,2025-12-15,2025-12-16,Z00.00,APPROVED,4835.49,3815.27,3186.55,,2026-01-04,2026-07-14T06:00:00Z
CLM000002226,MBR0000330,PRV000025,INSTITUTIONAL,2025-07-21,2025-07-23,J45.909,APPROVED,3435.13,2325.82,1517.93,,2025-08-06,2026-07-02T10:00:00Z
CLM000002227,MBR0000647,PRV000058,INSTITUTIONAL,2026-04-17,2026-04-18,E11.9,APPROVED,1180.70,1021.46,817.51,,2026-04-21,2026-07-01T01:00:00Z
CLM000002228,MBR0000307,PRV000023,INSTITUTIONAL,2025-07-10,2025-07-11,I10,APPROVED,3199.68,2725.34,2184.93,,2025-07-12,2026-07-11T08:00:00Z
CLM000002229,MBR0000222,PRV000090,INSTITUTIONAL,2025-05-05,2025-05-05,M54.50,DENIED,3748.99,3027.31,0.00,CO97,2025-05-21,2026-07-05T22:00:00Z
CLM000002230,MBR0000024,PRV000006,INSTITUTIONAL,2025-08-21,2025-08-24,I10,APPROVED,2940.97,2105.79,1875.17,,2025-08-29,2026-07-06T11:00:00Z
CLM000002231,MBR0000887,PRV000017,PROFESSIONAL,2025-07-20,2025-07-22,Z00.00,DENIED,333.34,275.90,0.00,CO16,2025-07-25,2026-07-08T00:00:00Z
CLM000002232,MBR0000255,PRV000068,INSTITUTIONAL,2026-05-04,2026-05-04,Z00.00,PENDING,4097.69,3185.08,0.00,,2026-05-10,2026-07-02T06:00:00Z
CLM000002233,MBR0000602,PRV000031,PROFESSIONAL,2025-10-13,2025-10-13,N39.0,APPROVED,299.86,207.26,164.38,,2025-10-29,2026-07-13T16:00:00Z
CLM000002234,MBR0000344,PRV000047,INSTITUTIONAL,2025-04-11,2025-04-12,Z00.00,DENIED,3985.36,3372.98,0.00,CO50,2025-04-22,2026-07-01T02:00:00Z
CLM000002235,MBR0000435,PRV000050,PROFESSIONAL,2026-05-02,2026-05-03,Z00.00,DENIED,4060.50,2469.86,0.00,CO50,2026-05-22,2026-07-18T14:00:00Z
CLM000002236,MBR0000326,PRV000059,PROFESSIONAL,2025-02-05,2025-02-07,Z00.00,APPROVED,2248.90,1822.39,1297.33,,2025-02-18,2026-07-07T12:00:00Z
CLM000002237,MBR0000480,PRV000084,INSTITUTIONAL,2025-04-14,2025-04-16,Z00.00,DENIED,1193.20,905.98,0.00,CO16,2025-04-29,2026-07-14T11:00:00Z
CLM000002238,MBR0000504,PRV000097,PROFESSIONAL,2025-01-24,2025-01-26,N39.0,PENDING,6049.28,3710.58,0.00,,2025-02-03,2026-07-05T18:00:00Z
CLM000002239,MBR0000081,PRV000013,PROFESSIONAL,2025-07-10,2025-07-13,J45.909,APPROVED,6277.30,3793.05,3531.83,,2025-07-28,2026-07-04T17:00:00Z
CLM000002240,MBR0000747,PRV000024,INSTITUTIONAL,2025-05-02,2025-05-03,N39.0,APPROVED,3495.42,2050.23,1588.20,,2025-05-08,2026-07-02T12:00:00Z
CLM000002241,MBR0000273,PRV000032,PROFESSIONAL,2025-07-24,2025-07-24,Z00.00,DENIED,5104.07,3065.94,0.00,CO50,2025-08-08,2026-07-03T18:00:00Z
CLM000002242,MBR0000246,PRV000005,PROFESSIONAL,2025-12-05,2025-12-07,M54.50,APPROVED,5464.83,3448.67,2922.03,,2025-12-12,2026-07-03T14:00:00Z
CLM000002243,MBR0000538,PRV000089,PROFESSIONAL,2025-05-31,2025-06-03,Z00.00,APPROVED,5366.54,3058.41,2920.91,,2025-06-07,2026-07-12T00:00:00Z
CLM000002244,MBR0000982,PRV000074,PROFESSIONAL,2025-02-04,2025-02-06,N39.0,DENIED,1362.55,808.68,0.00,CO16,2025-02-15,2026-07-09T22:00:00Z
CLM000002245,MBR0000666,PRV000072,INSTITUTIONAL,2025-06-02,2025-06-02,I10,APPROVED,3104.00,2781.08,2070.53,,2025-06-13,2026-07-08T19:00:00Z
CLM000002246,MBR0000549,PRV000039,INSTITUTIONAL,2026-05-06,2026-05-06,I10,APPROVED,834.87,744.19,671.20,,2026-05-08,2026-07-14T13:00:00Z
CLM000002247,MBR0000824,PRV000076,PROFESSIONAL,2026-05-22,2026-05-22,Z00.00,APPROVED,1969.33,1649.08,1441.69,,2026-06-05,2026-07-07T23:00:00Z
CLM000002248,MBR0000190,PRV000030,INSTITUTIONAL,2025-03-16,2025-03-17,J45.909,APPROVED,7040.11,3934.58,3505.39,,2025-03-30,2026-07-17T19:00:00Z
CLM000002249,MBR0000406,PRV000082,PROFESSIONAL,2026-06-23,2026-06-24,M54.50,APPROVED,1382.73,806.19,662.89,,2026-07-04,2026-07-17T15:00:00Z
CLM000002250,MBR0000193,PRV000029,PROFESSIONAL,2025-02-25,2025-02-27,E11.9,APPROVED,4242.65,2578.53,2012.61,,2025-03-02,2026-07-04T10:00:00Z
CLM000002251,MBR0000638,PRV000039,INSTITUTIONAL,2026-04-19,2026-04-19,I10,APPROVED,3862.03,2440.76,2179.98,,2026-04-29,2026-07-10T10:00:00Z
CLM000002252,MBR0000215,PRV000012,INSTITUTIONAL,2025-01-31,2025-02-03,M54.50,APPROVED,3183.99,2605.16,2052.51,,2025-02-10,2026-07-06T16:00:00Z
CLM000002253,MBR0000177,PRV000038,INSTITUTIONAL,2025-03-12,2025-03-12,E11.9,APPROVED,3224.46,1849.69,1640.82,,2025-03-21,2026-07-02T13:00:00Z
CLM000002254,MBR0000913,PRV000003,PROFESSIONAL,2025-03-18,2025-03-20,J45.909,APPROVED,1978.44,1454.82,997.25,,2025-04-06,2026-07-07T07:00:00Z
CLM000002255,MBR0000609,PRV000039,INSTITUTIONAL,2025-02-17,2025-02-19,N39.0,APPROVED,2646.29,1631.41,1304.18,,2025-02-20,2026-07-06T08:00:00Z
CLM000002256,MBR0000689,PRV000022,INSTITUTIONAL,2026-03-19,2026-03-20,J45.909,APPROVED,4952.78,3238.42,2358.55,,2026-03-25,2026-07-20T01:00:00Z
CLM000002257,MBR0000135,PRV000001,INSTITUTIONAL,2025-03-19,2025-03-21,E11.9,APPROVED,457.08,295.39,202.05,,2025-03-24,2026-07-13T19:00:00Z
CLM000002258,MBR0000976,PRV000003,INSTITUTIONAL,2025-07-06,2025-07-08,N39.0,APPROVED,4952.58,3017.31,2029.46,,2025-07-10,2026-07-16T09:00:00Z
CLM000002259,MBR0000304,PRV000046,INSTITUTIONAL,2026-04-08,2026-04-09,N39.0,DENIED,5500.20,3942.38,0.00,CO97,2026-04-12,2026-07-02T23:00:00Z
CLM000002260,MBR0000581,PRV000015,PROFESSIONAL,2026-05-24,2026-05-26,M54.50,APPROVED,174.53,162.00,138.32,,2026-05-28,2026-07-05T17:00:00Z
CLM000002261,MBR0000861,PRV000007,INSTITUTIONAL,2025-09-29,2025-10-02,Z00.00,APPROVED,3954.22,3716.93,3375.20,,2025-10-06,2026-07-11T08:00:00Z
CLM000002262,MBR0000990,PRV000098,PROFESSIONAL,2025-01-16,2025-01-17,I10,APPROVED,3518.51,2789.62,2780.54,,2025-01-29,2026-07-02T11:00:00Z
CLM000002263,MBR0000092,PRV000015,INSTITUTIONAL,2025-10-22,2025-10-22,N39.0,PENDING,4375.68,3391.36,0.00,,2025-10-26,2026-07-14T05:00:00Z
CLM000002264,MBR0000441,PRV000033,PROFESSIONAL,2025-05-05,2025-05-07,M54.50,APPROVED,813.66,511.14,441.35,,2025-05-09,2026-07-14T13:00:00Z
CLM000002265,MBR0000233,PRV000083,PROFESSIONAL,2025-05-26,2025-05-27,M54.50,DENIED,5965.60,3731.66,0.00,CO16,2025-06-13,2026-07-13T03:00:00Z
CLM000002266,MBR0000224,PRV000058,PROFESSIONAL,2026-04-10,2026-04-13,J45.909,APPROVED,3345.33,1893.20,1443.91,,2026-04-14,2026-07-05T01:00:00Z
CLM000002267,MBR0000772,PRV000027,PROFESSIONAL,2025-05-26,2025-05-27,Z00.00,APPROVED,944.68,816.34,721.28,,2025-05-31,2026-07-06T06:00:00Z
CLM000002268,MBR0000310,PRV000083,PROFESSIONAL,2025-03-31,2025-03-31,I10,APPROVED,2779.19,2270.93,1646.92,,2025-04-11,2026-07-15T22:00:00Z
CLM000002269,MBR0000159,PRV000004,INSTITUTIONAL,2026-04-22,2026-04-25,J45.909,APPROVED,1540.62,971.94,884.92,,2026-05-10,2026-07-11T01:00:00Z
CLM000002270,MBR0000861,PRV000019,PROFESSIONAL,2025-04-13,2025-04-14,I10,APPROVED,3331.06,2263.62,1906.16,,2025-04-21,2026-07-14T23:00:00Z
CLM000002271,MBR0000296,PRV000047,PROFESSIONAL,2025-04-26,2025-04-26,N39.0,APPROVED,431.37,390.00,297.12,,2025-05-09,2026-07-20T19:00:00Z
CLM000002272,MBR0000666,PRV000019,PROFESSIONAL,2026-05-19,2026-05-19,M54.50,APPROVED,349.59,299.12,298.67,,2026-05-24,2026-07-05T20:00:00Z
CLM000002273,MBR0000780,PRV000035,INSTITUTIONAL,2025-10-17,2025-10-19,E11.9,APPROVED,1066.28,644.07,484.38,,2025-11-03,2026-07-11T17:00:00Z
CLM000002274,MBR0000300,PRV000083,PROFESSIONAL,2025-10-28,2025-10-29,J45.909,APPROVED,5119.61,2967.54,2529.34,,2025-10-29,2026-07-05T09:00:00Z
CLM000002275,MBR0000918,PRV000009,INSTITUTIONAL,2025-03-08,2025-03-08,N39.0,APPROVED,4461.01,3182.41,2549.65,,2025-03-22,2026-07-18T14:00:00Z
CLM000002276,MBR0000049,PRV000093,INSTITUTIONAL,2026-06-01,2026-06-02,I10,DENIED,2311.80,2129.71,0.00,CO50,2026-06-05,2026-07-04T15:00:00Z
CLM000002277,MBR0000318,PRV000078,INSTITUTIONAL,2025-04-30,2025-05-03,Z00.00,DENIED,4025.65,3769.18,0.00,CO16,2025-05-17,2026-07-10T20:00:00Z
CLM000002278,MBR0000849,PRV000057,PROFESSIONAL,2025-04-05,2025-04-07,J45.909,APPROVED,1541.36,1355.94,987.83,,2025-04-13,2026-07-07T10:00:00Z
CLM000002279,MBR0000339,PRV000004,INSTITUTIONAL,2025-04-09,2025-04-12,E11.9,APPROVED,1260.84,732.87,497.57,,2025-04-26,2026-07-07T05:00:00Z
CLM000002280,MBR0000932,PRV000015,INSTITUTIONAL,2025-01-31,2025-02-02,M54.50,DENIED,3686.48,2308.54,0.00,CO97,2025-02-14,2026-07-10T23:00:00Z
CLM000002281,MBR0000923,PRV000006,INSTITUTIONAL,2025-07-18,2025-07-19,J45.909,APPROVED,2326.31,2210.46,1528.32,,2025-08-01,2026-07-05T19:00:00Z
CLM000002282,MBR0000244,PRV000028,PROFESSIONAL,2026-04-23,2026-04-26,N39.0,PENDING,1257.20,741.75,0.00,,2026-05-05,2026-07-11T12:00:00Z
CLM000002283,MBR0000609,PRV000048,INSTITUTIONAL,2026-04-25,2026-04-28,J45.909,APPROVED,979.54,884.85,816.10,,2026-05-02,2026-07-12T19:00:00Z
CLM000002284,MBR0000019,PRV000001,INSTITUTIONAL,2025-03-27,2025-03-27,E11.9,APPROVED,5278.06,3294.69,3065.88,,2025-04-14,2026-07-08T03:00:00Z
CLM000002285,MBR0000806,PRV000060,INSTITUTIONAL,2025-08-06,2025-08-06,I10,APPROVED,1478.40,844.08,645.36,,2025-08-12,2026-07-09T00:00:00Z
CLM000002286,MBR0000274,PRV000002,INSTITUTIONAL,2025-02-13,2025-02-14,I10,APPROVED,1985.88,1516.16,1506.98,,2025-03-03,2026-07-02T22:00:00Z
CLM000002287,MBR0000397,PRV000093,INSTITUTIONAL,2025-11-04,2025-11-07,N39.0,APPROVED,5620.14,3762.82,3598.63,,2025-11-10,2026-07-16T20:00:00Z
CLM000002288,MBR0000758,PRV000030,PROFESSIONAL,2026-06-19,2026-06-21,Z00.00,APPROVED,1751.07,1189.78,886.81,,2026-07-06,2026-07-05T22:00:00Z
CLM000002289,MBR0000021,PRV000007,PROFESSIONAL,2026-03-14,2026-03-14,E11.9,APPROVED,4861.94,3173.24,2309.26,,2026-03-15,2026-07-16T11:00:00Z
CLM000002290,MBR0000962,PRV000008,INSTITUTIONAL,2025-07-24,2025-07-26,J45.909,DENIED,946.95,888.50,0.00,CO97,2025-07-29,2026-07-08T17:00:00Z
CLM000002291,MBR0000232,PRV000019,INSTITUTIONAL,2025-02-19,2025-02-20,Z00.00,APPROVED,674.94,527.67,407.38,,2025-03-08,2026-07-14T06:00:00Z
CLM000002292,MBR0000300,PRV000004,PROFESSIONAL,2026-01-18,2026-01-20,J45.909,APPROVED,2273.65,1546.93,1180.78,,2026-01-20,2026-07-06T07:00:00Z
CLM000002293,MBR0000231,PRV000063,INSTITUTIONAL,2025-10-01,2025-10-04,E11.9,APPROVED,5248.99,3618.47,3077.96,,2025-10-04,2026-07-07T04:00:00Z
CLM000002294,MBR0000061,PRV000022,INSTITUTIONAL,2025-08-05,2025-08-06,J45.909,APPROVED,2008.24,1318.81,1203.47,,2025-08-09,2026-07-09T03:00:00Z
CLM000002295,MBR0000862,PRV000055,PROFESSIONAL,2025-05-02,2025-05-04,E11.9,APPROVED,2199.73,1471.32,1144.66,,2025-05-19,2026-07-06T14:00:00Z
CLM000002296,MBR0000296,PRV000100,INSTITUTIONAL,2025-12-06,2025-12-06,I10,DENIED,1711.48,1523.25,0.00,CO50,2025-12-14,2026-07-02T15:00:00Z
CLM000002297,MBR0000176,PRV000099,INSTITUTIONAL,2025-05-25,2025-05-27,N39.0,APPROVED,1164.81,903.06,602.70,,2025-06-10,2026-07-10T15:00:00Z
CLM000002298,MBR0000017,PRV000067,INSTITUTIONAL,2025-10-20,2025-10-22,E11.9,APPROVED,1850.92,1223.14,1151.70,,2025-11-08,2026-07-07T08:00:00Z
CLM000002299,MBR0000722,PRV000054,PROFESSIONAL,2026-02-14,2026-02-17,N39.0,APPROVED,4692.20,3332.01,2260.35,,2026-02-17,2026-07-07T13:00:00Z
CLM000002300,MBR0000789,PRV000058,INSTITUTIONAL,2025-07-08,2025-07-11,N39.0,APPROVED,2814.07,2377.31,1793.60,,2025-07-17,2026-07-11T07:00:00Z
CLM000002301,MBR0000928,PRV000007,PROFESSIONAL,2025-05-16,2025-05-17,N39.0,APPROVED,1112.96,918.20,746.49,,2025-06-03,2026-07-19T02:00:00Z
CLM000002302,MBR0000393,PRV000083,PROFESSIONAL,2025-01-08,2025-01-08,J45.909,APPROVED,3254.25,1932.87,1756.86,,2025-01-28,2026-07-15T06:00:00Z
CLM000002303,MBR0000240,PRV000083,PROFESSIONAL,2025-05-18,2025-05-21,M54.50,DENIED,5286.28,3112.70,0.00,CO97,2025-06-07,2026-07-02T17:00:00Z
CLM000002304,MBR0000763,PRV000063,PROFESSIONAL,2025-03-24,2025-03-26,I10,APPROVED,4667.19,3318.69,2592.92,,2025-04-06,2026-07-01T00:00:00Z
CLM000002305,MBR0000588,PRV000007,PROFESSIONAL,2026-03-22,2026-03-22,N39.0,APPROVED,430.85,307.34,215.82,,2026-03-23,2026-07-16T15:00:00Z
CLM000002306,MBR0000175,PRV000023,INSTITUTIONAL,2025-08-26,2025-08-28,E11.9,APPROVED,1697.60,1208.49,820.79,,2025-09-07,2026-07-18T13:00:00Z
CLM000002307,MBR0000773,PRV000074,INSTITUTIONAL,2026-01-02,2026-01-02,Z00.00,PENDING,1226.74,826.96,0.00,,2026-01-06,2026-07-06T12:00:00Z
CLM000002308,MBR0000567,PRV000034,PROFESSIONAL,2026-05-05,2026-05-07,J45.909,APPROVED,3826.80,2730.79,2614.76,,2026-05-07,2026-07-20T04:00:00Z
CLM000002309,MBR0000045,PRV000063,PROFESSIONAL,2025-11-05,2025-11-05,M54.50,APPROVED,5204.58,3524.21,3455.59,,2025-11-21,2026-07-13T12:00:00Z
CLM000002310,MBR0000145,PRV000004,INSTITUTIONAL,2025-08-16,2025-08-19,I10,PENDING,680.41,446.16,0.00,,2025-08-20,2026-07-05T23:00:00Z
CLM000002311,MBR0000259,PRV000014,INSTITUTIONAL,2026-04-10,2026-04-12,I10,APPROVED,4593.13,3541.33,2801.03,,2026-04-21,2026-07-04T14:00:00Z
CLM000002312,MBR0000693,PRV000063,PROFESSIONAL,2026-01-25,2026-01-27,N39.0,APPROVED,335.11,279.87,253.06,,2026-01-26,2026-07-13T03:00:00Z
CLM000002313,MBR0000580,PRV000017,INSTITUTIONAL,2025-11-14,2025-11-14,M54.50,APPROVED,3548.38,3162.20,2121.70,,2025-11-18,2026-07-08T21:00:00Z
CLM000002314,MBR0000822,PRV000059,INSTITUTIONAL,2025-02-20,2025-02-22,E11.9,APPROVED,3955.12,2488.76,1784.15,,2025-03-09,2026-07-20T10:00:00Z
CLM000002315,MBR0000780,PRV000064,INSTITUTIONAL,2025-12-05,2025-12-05,J45.909,APPROVED,1492.85,962.65,917.89,,2025-12-12,2026-07-06T20:00:00Z
CLM000002316,MBR0000560,PRV000049,INSTITUTIONAL,2026-01-03,2026-01-06,Z00.00,APPROVED,3079.43,2798.91,2738.88,,2026-01-11,2026-07-10T05:00:00Z
CLM000002317,MBR0000174,PRV000090,INSTITUTIONAL,2025-08-10,2025-08-10,M54.50,APPROVED,663.02,379.54,261.18,,2025-08-13,2026-07-06T08:00:00Z
CLM000002318,MBR0000474,PRV000036,PROFESSIONAL,2026-05-12,2026-05-12,J45.909,APPROVED,1643.05,948.42,684.29,,2026-05-29,2026-07-09T03:00:00Z
CLM000002319,MBR0000394,PRV000025,PROFESSIONAL,2026-06-25,2026-06-27,E11.9,DENIED,6334.27,3654.79,0.00,CO97,2026-07-14,2026-07-05T04:00:00Z
CLM000002320,MBR0000684,PRV000042,INSTITUTIONAL,2026-05-19,2026-05-19,M54.50,PENDING,1057.79,901.57,0.00,,2026-05-29,2026-07-07T01:00:00Z
CLM000002321,MBR0000750,PRV000043,PROFESSIONAL,2025-07-24,2025-07-27,E11.9,APPROVED,3362.06,2191.66,1977.40,,2025-07-29,2026-07-16T16:00:00Z
CLM000002322,MBR0000621,PRV000045,PROFESSIONAL,2025-08-09,2025-08-11,I10,APPROVED,3491.03,3147.02,2183.21,,2025-08-13,2026-07-11T12:00:00Z
CLM000002323,MBR0000151,PRV000081,INSTITUTIONAL,2025-01-14,2025-01-15,J45.909,APPROVED,430.92,310.41,294.24,,2025-01-27,2026-07-11T22:00:00Z
CLM000002324,MBR0000588,PRV000007,INSTITUTIONAL,2025-08-21,2025-08-23,J45.909,APPROVED,1675.93,995.42,812.53,,2025-09-03,2026-07-02T04:00:00Z
CLM000002325,MBR0000511,PRV000025,PROFESSIONAL,2026-05-09,2026-05-11,I10,DENIED,2293.55,2153.58,0.00,CO97,2026-05-17,2026-07-07T06:00:00Z
CLM000002326,MBR0000554,PRV000040,INSTITUTIONAL,2026-03-19,2026-03-19,I10,APPROVED,3281.04,2834.39,2673.90,,2026-03-27,2026-07-08T04:00:00Z
CLM000002327,MBR0000668,PRV000035,PROFESSIONAL,2025-08-17,2025-08-19,M54.50,APPROVED,4097.50,2603.90,2011.99,,2025-08-18,2026-07-03T12:00:00Z
CLM000002328,MBR0000973,PRV000051,PROFESSIONAL,2026-06-20,2026-06-20,J45.909,DENIED,1956.93,1812.32,0.00,CO97,2026-06-26,2026-07-10T00:00:00Z
CLM000002329,MBR0000656,PRV000027,PROFESSIONAL,2025-08-17,2025-08-17,I10,APPROVED,1253.97,835.94,641.99,,2025-08-26,2026-07-08T02:00:00Z
CLM000002330,MBR0000409,PRV000079,PROFESSIONAL,2025-02-02,2025-02-02,Z00.00,APPROVED,3906.73,3096.47,2275.06,,2025-02-06,2026-07-14T16:00:00Z
CLM000002331,MBR0000803,PRV000081,PROFESSIONAL,2026-01-14,2026-01-16,M54.50,DENIED,2693.30,1929.06,0.00,CO16,2026-01-17,2026-07-10T22:00:00Z
CLM000002332,MBR0000740,PRV000040,PROFESSIONAL,2025-03-29,2025-04-01,I10,APPROVED,3384.87,2725.81,2677.30,,2025-04-17,2026-07-06T19:00:00Z
CLM000002333,MBR0000074,PRV000067,INSTITUTIONAL,2025-05-14,2025-05-17,Z00.00,APPROVED,4572.59,2754.91,2180.43,,2025-05-19,2026-07-15T08:00:00Z
CLM000002334,MBR0000597,PRV000013,PROFESSIONAL,2025-12-08,2025-12-09,J45.909,APPROVED,1674.14,1138.65,1042.85,,2025-12-10,2026-07-06T10:00:00Z
CLM000002335,MBR0000151,PRV000035,INSTITUTIONAL,2026-03-11,2026-03-12,M54.50,APPROVED,1308.41,1186.50,944.18,,2026-03-24,2026-07-02T08:00:00Z
CLM000002336,MBR0000996,PRV000089,PROFESSIONAL,2026-06-20,2026-06-21,Z00.00,APPROVED,6070.65,3848.64,3469.22,,2026-07-07,2026-07-07T14:00:00Z
CLM000002337,MBR0000791,PRV000096,PROFESSIONAL,2026-01-01,2026-01-02,Z00.00,APPROVED,5554.86,3583.01,2968.46,,2026-01-15,2026-07-04T04:00:00Z
CLM000002338,MBR0000724,PRV000071,PROFESSIONAL,2026-02-26,2026-02-26,J45.909,APPROVED,1295.90,747.04,590.60,,2026-03-16,2026-07-14T15:00:00Z
CLM000002339,MBR0000356,PRV000051,INSTITUTIONAL,2025-12-14,2025-12-16,E11.9,APPROVED,4425.22,2532.41,2341.63,,2025-12-15,2026-07-11T08:00:00Z
CLM000002340,MBR0000785,PRV000062,INSTITUTIONAL,2026-06-23,2026-06-24,E11.9,DENIED,846.97,494.23,0.00,CO16,2026-07-01,2026-07-07T12:00:00Z
CLM000002341,MBR0000574,PRV000010,INSTITUTIONAL,2025-11-29,2025-11-30,I10,APPROVED,4221.93,3258.11,2495.28,,2025-12-07,2026-07-12T20:00:00Z
CLM000002342,MBR0000837,PRV000007,PROFESSIONAL,2025-07-18,2025-07-18,N39.0,APPROVED,4595.57,3405.72,3200.29,,2025-07-31,2026-07-14T00:00:00Z
CLM000002343,MBR0000159,PRV000048,INSTITUTIONAL,2025-02-15,2025-02-18,N39.0,APPROVED,443.86,266.80,211.87,,2025-02-21,2026-07-18T19:00:00Z
CLM000002344,MBR0000823,PRV000012,INSTITUTIONAL,2026-04-21,2026-04-24,N39.0,APPROVED,2182.96,1294.51,942.27,,2026-05-01,2026-07-10T18:00:00Z
CLM000002345,MBR0000966,PRV000060,PROFESSIONAL,2025-09-29,2025-09-29,J45.909,APPROVED,5701.00,3257.53,2612.49,,2025-10-12,2026-07-18T20:00:00Z
CLM000002346,MBR0000428,PRV000004,INSTITUTIONAL,2026-04-14,2026-04-14,J45.909,APPROVED,3074.96,1907.84,1691.53,,2026-04-30,2026-07-08T00:00:00Z
CLM000002347,MBR0000861,PRV000048,INSTITUTIONAL,2026-01-25,2026-01-27,Z00.00,APPROVED,688.30,463.03,361.24,,2026-02-12,2026-07-18T08:00:00Z
CLM000002348,MBR0000402,PRV000067,INSTITUTIONAL,2025-09-23,2025-09-25,N39.0,APPROVED,772.52,465.62,378.64,,2025-10-08,2026-07-07T17:00:00Z
CLM000002349,MBR0000086,PRV000025,PROFESSIONAL,2026-06-09,2026-06-12,M54.50,APPROVED,654.13,539.84,393.72,,2026-06-12,2026-07-13T22:00:00Z
CLM000002350,MBR0000547,PRV000011,INSTITUTIONAL,2025-02-22,2025-02-22,N39.0,APPROVED,2153.77,1454.56,965.30,,2025-03-14,2026-07-15T20:00:00Z
CLM000002351,MBR0000833,PRV000024,INSTITUTIONAL,2025-04-13,2025-04-14,M54.50,APPROVED,4065.09,2477.02,1973.92,,2025-04-30,2026-07-08T06:00:00Z
CLM000002352,MBR0000513,PRV000010,INSTITUTIONAL,2026-02-21,2026-02-22,M54.50,APPROVED,4956.18,3555.37,2899.24,,2026-03-05,2026-07-14T18:00:00Z
CLM000002353,MBR0000366,PRV000038,INSTITUTIONAL,2026-04-11,2026-04-11,J45.909,APPROVED,3806.60,3519.32,2763.78,,2026-04-25,2026-07-13T11:00:00Z
CLM000002354,MBR0000712,PRV000084,PROFESSIONAL,2025-01-25,2025-01-26,I10,APPROVED,6008.98,3541.51,3294.13,,2025-01-27,2026-07-01T12:00:00Z
CLM000002355,MBR0000675,PRV000001,PROFESSIONAL,2025-11-27,2025-11-30,N39.0,DENIED,6436.16,3682.97,0.00,CO50,2025-12-03,2026-07-03T15:00:00Z
CLM000002356,MBR0000811,PRV000004,PROFESSIONAL,2026-02-27,2026-03-02,M54.50,APPROVED,3628.46,3206.72,2243.36,,2026-03-07,2026-07-02T08:00:00Z
CLM000002357,MBR0000836,PRV000088,PROFESSIONAL,2026-03-18,2026-03-19,I10,APPROVED,5900.33,3334.37,2643.15,,2026-03-20,2026-07-18T12:00:00Z
CLM000002358,MBR0000895,PRV000074,PROFESSIONAL,2025-06-05,2025-06-07,Z00.00,APPROVED,4861.42,3329.03,2467.09,,2025-06-14,2026-07-13T00:00:00Z
CLM000002359,MBR0000995,PRV000060,PROFESSIONAL,2025-06-18,2025-06-21,I10,DENIED,1712.04,1534.54,0.00,CO16,2025-06-26,2026-07-19T05:00:00Z
CLM000002360,MBR0000471,PRV000020,INSTITUTIONAL,2025-06-08,2025-06-08,N39.0,APPROVED,3056.11,2690.56,2570.65,,2025-06-16,2026-07-17T17:00:00Z
CLM000002361,MBR0000682,PRV000061,PROFESSIONAL,2025-12-21,2025-12-23,I10,APPROVED,3959.03,2421.87,2372.67,,2025-12-23,2026-07-03T17:00:00Z
CLM000002362,MBR0000360,PRV000053,INSTITUTIONAL,2025-02-12,2025-02-14,N39.0,APPROVED,3944.45,3694.19,2540.18,,2025-02-20,2026-07-17T09:00:00Z
CLM000002363,MBR0000029,PRV000092,PROFESSIONAL,2025-05-17,2025-05-19,Z00.00,DENIED,2669.95,1754.05,0.00,CO97,2025-05-22,2026-07-05T01:00:00Z
CLM000002364,MBR0000603,PRV000016,INSTITUTIONAL,2025-09-02,2025-09-03,J45.909,APPROVED,1197.86,912.63,847.25,,2025-09-04,2026-07-12T02:00:00Z
CLM000002365,MBR0000883,PRV000026,INSTITUTIONAL,2026-01-28,2026-01-31,E11.9,APPROVED,6330.08,3931.48,2637.34,,2026-02-11,2026-07-12T18:00:00Z
CLM000002366,MBR0000002,PRV000090,PROFESSIONAL,2025-10-05,2025-10-05,N39.0,APPROVED,3923.17,2846.72,2800.01,,2025-10-08,2026-07-08T15:00:00Z
CLM000002367,MBR0000149,PRV000094,PROFESSIONAL,2025-09-04,2025-09-04,Z00.00,APPROVED,431.92,358.48,285.44,,2025-09-22,2026-07-07T05:00:00Z
CLM000002368,MBR0000828,PRV000033,PROFESSIONAL,2026-04-23,2026-04-23,N39.0,APPROVED,5368.81,3138.01,2311.99,,2026-05-13,2026-07-06T07:00:00Z
CLM000002369,MBR0000075,PRV000027,INSTITUTIONAL,2026-05-20,2026-05-23,Z00.00,DENIED,2139.20,1241.98,0.00,CO97,2026-06-08,2026-07-01T00:00:00Z
CLM000002370,MBR0000383,PRV000032,PROFESSIONAL,2026-04-24,2026-04-25,E11.9,APPROVED,1339.04,789.43,748.42,,2026-05-09,2026-07-09T08:00:00Z
CLM000002371,MBR0000735,PRV000072,PROFESSIONAL,2025-01-28,2025-01-29,N39.0,APPROVED,6344.00,3817.69,3703.29,,2025-02-12,2026-07-04T00:00:00Z
CLM000002372,MBR0000138,PRV000044,PROFESSIONAL,2025-10-17,2025-10-17,N39.0,APPROVED,2802.95,2020.20,1665.55,,2025-10-31,2026-07-18T07:00:00Z
CLM000002373,MBR0000998,PRV000078,INSTITUTIONAL,2025-01-14,2025-01-17,Z00.00,APPROVED,3733.69,2295.98,1697.66,,2025-01-21,2026-07-03T13:00:00Z
CLM000002374,MBR0000119,PRV000077,PROFESSIONAL,2025-06-10,2025-06-13,N39.0,APPROVED,2095.57,1186.40,846.24,,2025-06-13,2026-07-20T00:00:00Z
CLM000002375,MBR0000392,PRV000092,PROFESSIONAL,2025-08-31,2025-09-03,J45.909,APPROVED,3951.26,3307.96,2380.31,,2025-09-18,2026-07-19T17:00:00Z
CLM000002376,MBR0000196,PRV000029,INSTITUTIONAL,2026-04-21,2026-04-23,I10,DENIED,4160.33,3617.56,0.00,CO16,2026-04-30,2026-07-14T18:00:00Z
CLM000002377,MBR0000529,PRV000025,PROFESSIONAL,2025-02-07,2025-02-09,I10,APPROVED,5678.16,3257.72,3025.90,,2025-02-23,2026-07-04T16:00:00Z
CLM000002378,MBR0000224,PRV000077,INSTITUTIONAL,2026-01-15,2026-01-18,M54.50,APPROVED,3687.84,2105.37,1518.21,,2026-01-28,2026-07-10T23:00:00Z
CLM000002379,MBR0000194,PRV000051,PROFESSIONAL,2025-11-05,2025-11-05,N39.0,APPROVED,103.22,66.53,56.13,,2025-11-23,2026-07-16T05:00:00Z
CLM000002380,MBR0000908,PRV000022,PROFESSIONAL,2025-12-05,2025-12-05,Z00.00,APPROVED,3612.96,2168.51,1719.19,,2025-12-08,2026-07-19T03:00:00Z
CLM000002381,MBR0000763,PRV000010,INSTITUTIONAL,2025-01-22,2025-01-23,J45.909,APPROVED,3536.74,3284.29,2875.15,,2025-01-26,2026-07-17T16:00:00Z
CLM000002382,MBR0000417,PRV000029,PROFESSIONAL,2025-11-07,2025-11-08,I10,DENIED,2233.09,1715.51,0.00,CO97,2025-11-10,2026-07-16T20:00:00Z
CLM000002383,MBR0000922,PRV000083,INSTITUTIONAL,2025-01-13,2025-01-13,N39.0,APPROVED,508.48,391.25,373.07,,2025-01-18,2026-07-08T06:00:00Z
CLM000002384,MBR0000273,PRV000026,INSTITUTIONAL,2025-10-06,2025-10-08,Z00.00,APPROVED,3702.86,3173.81,3017.75,,2025-10-17,2026-07-09T12:00:00Z
CLM000002385,MBR0000684,PRV000052,PROFESSIONAL,2026-01-26,2026-01-28,I10,PENDING,1571.13,976.67,0.00,,2026-01-28,2026-07-04T04:00:00Z
CLM000002386,MBR0000311,PRV000050,PROFESSIONAL,2025-07-09,2025-07-12,E11.9,APPROVED,2576.20,1690.69,1238.84,,2025-07-17,2026-07-16T06:00:00Z
CLM000002387,MBR0000759,PRV000022,INSTITUTIONAL,2026-02-21,2026-02-24,M54.50,APPROVED,697.20,647.54,581.59,,2026-03-13,2026-07-16T09:00:00Z
CLM000002388,MBR0000319,PRV000066,INSTITUTIONAL,2025-05-15,2025-05-17,N39.0,APPROVED,1718.80,1370.54,1010.78,,2025-05-26,2026-07-13T23:00:00Z
CLM000002389,MBR0000026,PRV000081,INSTITUTIONAL,2026-03-31,2026-04-01,E11.9,APPROVED,1638.53,1458.18,1032.03,,2026-04-04,2026-07-15T04:00:00Z
CLM000002390,MBR0000467,PRV000094,PROFESSIONAL,2025-01-22,2025-01-25,I10,APPROVED,2318.04,1922.18,1699.79,,2025-02-06,2026-07-08T10:00:00Z
CLM000002391,MBR0000762,PRV000088,PROFESSIONAL,2025-06-23,2025-06-25,J45.909,APPROVED,5549.06,3635.02,3041.53,,2025-07-13,2026-07-19T10:00:00Z
CLM000002392,MBR0000246,PRV000071,INSTITUTIONAL,2025-02-11,2025-02-14,N39.0,APPROVED,588.68,547.90,356.57,,2025-02-20,2026-07-04T09:00:00Z
CLM000002393,MBR0000498,PRV000074,PROFESSIONAL,2026-05-12,2026-05-12,M54.50,PENDING,533.62,444.11,0.00,,2026-05-23,2026-07-17T09:00:00Z
CLM000002394,MBR0000245,PRV000062,INSTITUTIONAL,2026-05-14,2026-05-17,N39.0,DENIED,4839.91,3392.21,0.00,CO16,2026-06-03,2026-07-18T11:00:00Z
CLM000002395,MBR0000316,PRV000004,PROFESSIONAL,2025-12-26,2025-12-26,J45.909,APPROVED,2195.20,1855.53,1618.14,,2026-01-14,2026-07-11T00:00:00Z
CLM000002396,MBR0000159,PRV000014,PROFESSIONAL,2026-02-24,2026-02-26,M54.50,APPROVED,170.10,159.01,145.23,,2026-03-08,2026-07-07T09:00:00Z
CLM000002397,MBR0000761,PRV000042,PROFESSIONAL,2025-02-11,2025-02-13,J45.909,APPROVED,2374.48,1823.27,1645.53,,2025-02-21,2026-07-07T13:00:00Z
CLM000002398,MBR0000048,PRV000072,PROFESSIONAL,2026-02-23,2026-02-24,Z00.00,PENDING,722.41,509.88,0.00,,2026-03-02,2026-07-18T00:00:00Z
CLM000002399,MBR0000794,PRV000058,INSTITUTIONAL,2026-06-19,2026-06-21,I10,APPROVED,4648.15,2788.12,2188.53,,2026-06-22,2026-07-14T10:00:00Z
CLM000002400,MBR0000765,PRV000006,PROFESSIONAL,2026-03-12,2026-03-13,J45.909,APPROVED,4511.56,3385.91,2627.39,,2026-04-01,2026-07-17T19:00:00Z
CLM000002401,MBR0000839,PRV000044,INSTITUTIONAL,2025-11-05,2025-11-06,E11.9,APPROVED,2884.50,2679.63,2005.60,,2025-11-11,2026-07-08T01:00:00Z
CLM000002402,MBR0000707,PRV000047,PROFESSIONAL,2025-06-23,2025-06-26,N39.0,APPROVED,2519.31,1444.75,1255.61,,2025-06-26,2026-07-10T05:00:00Z
CLM000002403,MBR0000645,PRV000099,PROFESSIONAL,2026-03-31,2026-04-03,J45.909,APPROVED,587.79,388.38,259.70,,2026-04-07,2026-07-11T21:00:00Z
CLM000002404,MBR0000180,PRV000046,PROFESSIONAL,2025-05-07,2025-05-09,I10,APPROVED,2370.27,1405.77,1016.27,,2025-05-25,2026-07-18T19:00:00Z
CLM000002405,MBR0000385,PRV000004,PROFESSIONAL,2025-05-28,2025-05-30,N39.0,PENDING,5720.26,3847.78,0.00,,2025-06-13,2026-07-18T15:00:00Z
CLM000002406,MBR0000727,PRV000080,INSTITUTIONAL,2025-10-11,2025-10-11,I10,APPROVED,360.64,262.40,196.94,,2025-10-15,2026-07-14T02:00:00Z
CLM000002407,MBR0000605,PRV000060,INSTITUTIONAL,2025-10-29,2025-10-29,I10,APPROVED,5918.45,3499.63,3367.36,,2025-11-15,2026-07-06T22:00:00Z
CLM000002408,MBR0000901,PRV000027,INSTITUTIONAL,2025-09-02,2025-09-02,I10,APPROVED,1752.83,1559.53,1324.42,,2025-09-03,2026-07-03T11:00:00Z
CLM000002409,MBR0000201,PRV000055,PROFESSIONAL,2025-01-07,2025-01-08,I10,APPROVED,2054.95,1673.58,1472.77,,2025-01-19,2026-07-04T02:00:00Z
CLM000002410,MBR0000461,PRV000003,PROFESSIONAL,2025-11-28,2025-11-28,N39.0,APPROVED,437.48,361.27,318.16,,2025-12-04,2026-07-09T15:00:00Z
CLM000002411,MBR0000726,PRV000044,PROFESSIONAL,2025-09-23,2025-09-26,I10,APPROVED,6419.96,3967.21,3777.38,,2025-09-30,2026-07-01T02:00:00Z
CLM000002412,MBR0000401,PRV000046,INSTITUTIONAL,2025-07-22,2025-07-23,Z00.00,DENIED,3431.27,2560.33,0.00,CO16,2025-07-25,2026-07-07T13:00:00Z
CLM000002413,MBR0000902,PRV000023,INSTITUTIONAL,2026-02-22,2026-02-24,I10,PENDING,4305.95,2446.98,0.00,,2026-03-13,2026-07-13T22:00:00Z
CLM000002414,MBR0000029,PRV000067,PROFESSIONAL,2025-08-02,2025-08-04,I10,APPROVED,3105.16,2917.68,2721.72,,2025-08-17,2026-07-20T12:00:00Z
CLM000002415,MBR0001000,PRV000085,INSTITUTIONAL,2025-01-11,2025-01-11,M54.50,APPROVED,3137.71,1861.38,1427.16,,2025-01-14,2026-07-14T10:00:00Z
CLM000002416,MBR0000989,PRV000072,INSTITUTIONAL,2025-06-19,2025-06-19,E11.9,APPROVED,1059.33,622.25,506.41,,2025-06-30,2026-07-10T22:00:00Z
CLM000002417,MBR0000502,PRV000026,PROFESSIONAL,2025-09-25,2025-09-27,Z00.00,APPROVED,3558.91,2067.28,1904.25,,2025-10-09,2026-07-15T11:00:00Z
CLM000002418,MBR0000395,PRV000072,INSTITUTIONAL,2025-12-11,2025-12-14,E11.9,APPROVED,4381.53,2469.54,1935.92,,2025-12-31,2026-07-12T14:00:00Z
CLM000002419,MBR0000227,PRV000067,PROFESSIONAL,2025-04-01,2025-04-01,I10,APPROVED,4711.63,3242.83,2876.11,,2025-04-11,2026-07-15T12:00:00Z
CLM000002420,MBR0000453,PRV000055,INSTITUTIONAL,2026-01-09,2026-01-10,I10,APPROVED,816.83,514.77,436.47,,2026-01-14,2026-07-15T04:00:00Z
CLM000002421,MBR0000961,PRV000074,PROFESSIONAL,2025-02-06,2025-02-09,J45.909,APPROVED,1185.72,890.94,721.56,,2025-02-08,2026-07-17T22:00:00Z
CLM000002422,MBR0000153,PRV000075,PROFESSIONAL,2025-08-29,2025-09-01,I10,APPROVED,807.56,581.40,533.55,,2025-09-18,2026-07-17T00:00:00Z
CLM000002423,MBR0000593,PRV000057,INSTITUTIONAL,2025-02-16,2025-02-16,E11.9,APPROVED,71.69,55.70,53.28,,2025-02-22,2026-07-10T21:00:00Z
CLM000002424,MBR0000588,PRV000028,INSTITUTIONAL,2026-02-04,2026-02-07,N39.0,DENIED,708.65,419.31,0.00,CO16,2026-02-06,2026-07-19T05:00:00Z
CLM000002425,MBR0000031,PRV000059,PROFESSIONAL,2026-03-15,2026-03-15,J45.909,APPROVED,1994.03,1238.49,1043.74,,2026-03-25,2026-07-12T00:00:00Z
CLM000002426,MBR0000560,PRV000020,INSTITUTIONAL,2026-01-07,2026-01-08,J45.909,APPROVED,841.06,796.28,628.67,,2026-01-21,2026-07-09T14:00:00Z
CLM000002427,MBR0000991,PRV000053,INSTITUTIONAL,2025-04-11,2025-04-13,E11.9,DENIED,3542.24,3183.87,0.00,CO50,2025-04-13,2026-07-04T05:00:00Z
CLM000002428,MBR0000961,PRV000052,INSTITUTIONAL,2026-01-15,2026-01-18,I10,APPROVED,2655.55,1661.42,1298.94,,2026-01-21,2026-07-02T12:00:00Z
CLM000002429,MBR0000600,PRV000046,INSTITUTIONAL,2025-08-30,2025-09-01,I10,APPROVED,108.73,61.71,49.52,,2025-09-12,2026-07-04T22:00:00Z
CLM000002430,MBR0000216,PRV000057,PROFESSIONAL,2025-09-15,2025-09-18,N39.0,APPROVED,5247.04,3727.49,3043.25,,2025-09-25,2026-07-05T20:00:00Z
CLM000002431,MBR0000612,PRV000017,INSTITUTIONAL,2026-06-20,2026-06-21,M54.50,APPROVED,2273.16,2001.20,1869.80,,2026-06-28,2026-07-09T04:00:00Z
CLM000002432,MBR0000432,PRV000093,INSTITUTIONAL,2025-09-06,2025-09-07,J45.909,APPROVED,274.26,241.02,228.39,,2025-09-14,2026-07-09T22:00:00Z
CLM000002433,MBR0000366,PRV000082,INSTITUTIONAL,2025-02-27,2025-03-02,J45.909,APPROVED,3403.75,2495.54,1897.62,,2025-03-12,2026-07-14T15:00:00Z
CLM000002434,MBR0000218,PRV000022,INSTITUTIONAL,2025-08-26,2025-08-28,I10,APPROVED,4925.93,3124.98,2494.14,,2025-09-05,2026-07-10T22:00:00Z
CLM000002435,MBR0000103,PRV000098,PROFESSIONAL,2025-12-16,2025-12-18,Z00.00,APPROVED,2658.86,1715.86,1291.17,,2026-01-03,2026-07-08T15:00:00Z
CLM000002436,MBR0000094,PRV000003,INSTITUTIONAL,2026-05-11,2026-05-11,N39.0,APPROVED,3524.99,2014.34,1945.10,,2026-05-18,2026-07-11T08:00:00Z
CLM000002437,MBR0000838,PRV000006,PROFESSIONAL,2025-07-25,2025-07-26,N39.0,APPROVED,3960.82,2361.46,1692.98,,2025-08-06,2026-07-11T18:00:00Z
CLM000002438,MBR0000389,PRV000006,PROFESSIONAL,2026-03-02,2026-03-03,I10,APPROVED,3219.89,2203.97,1795.44,,2026-03-10,2026-07-05T22:00:00Z
CLM000002439,MBR0000429,PRV000044,PROFESSIONAL,2026-04-16,2026-04-16,E11.9,DENIED,2169.02,1277.18,0.00,CO50,2026-04-30,2026-07-18T15:00:00Z
CLM000002440,MBR0000178,PRV000016,INSTITUTIONAL,2025-06-12,2025-06-14,E11.9,DENIED,1480.37,871.51,0.00,CO50,2025-06-23,2026-07-19T19:00:00Z
CLM000002441,MBR0000262,PRV000091,PROFESSIONAL,2025-06-05,2025-06-06,N39.0,APPROVED,2557.59,1546.22,1453.23,,2025-06-11,2026-07-03T10:00:00Z
CLM000002442,MBR0000135,PRV000002,INSTITUTIONAL,2025-07-14,2025-07-16,M54.50,APPROVED,3837.76,2887.26,2478.97,,2025-08-03,2026-07-07T13:00:00Z
CLM000002443,MBR0000242,PRV000028,INSTITUTIONAL,2025-10-23,2025-10-23,M54.50,DENIED,5002.12,3810.83,0.00,CO97,2025-10-24,2026-07-01T14:00:00Z
CLM000002444,MBR0000145,PRV000026,INSTITUTIONAL,2025-07-17,2025-07-17,M54.50,APPROVED,5109.09,3079.61,2004.04,,2025-07-19,2026-07-20T01:00:00Z
CLM000002445,MBR0000775,PRV000078,PROFESSIONAL,2025-05-12,2025-05-15,J45.909,APPROVED,3849.82,3005.78,2370.91,,2025-05-13,2026-07-04T21:00:00Z
CLM000002446,MBR0000233,PRV000073,PROFESSIONAL,2025-10-08,2025-10-08,J45.909,APPROVED,1169.24,682.48,484.26,,2025-10-20,2026-07-20T12:00:00Z
CLM000002447,MBR0000394,PRV000036,PROFESSIONAL,2026-04-11,2026-04-12,J45.909,APPROVED,1458.05,858.29,714.85,,2026-04-21,2026-07-05T07:00:00Z
CLM000002448,MBR0000202,PRV000070,INSTITUTIONAL,2026-01-30,2026-02-02,N39.0,APPROVED,1536.54,955.10,666.72,,2026-02-15,2026-07-09T11:00:00Z
CLM000002449,MBR0000847,PRV000077,INSTITUTIONAL,2025-08-16,2025-08-18,J45.909,APPROVED,6593.60,3707.84,3229.27,,2025-08-26,2026-07-17T04:00:00Z
CLM000002450,MBR0000305,PRV000040,INSTITUTIONAL,2025-03-31,2025-04-02,E11.9,APPROVED,3051.53,1906.72,1319.03,,2025-04-04,2026-07-09T14:00:00Z
CLM000002451,MBR0000997,PRV000016,PROFESSIONAL,2025-01-27,2025-01-28,Z00.00,APPROVED,5766.59,3391.55,2591.45,,2025-02-16,2026-07-19T11:00:00Z
CLM000002452,MBR0000769,PRV000093,INSTITUTIONAL,2025-11-08,2025-11-08,J45.909,APPROVED,2221.44,1593.53,1316.73,,2025-11-14,2026-07-07T14:00:00Z
CLM000002453,MBR0000751,PRV000018,INSTITUTIONAL,2026-06-23,2026-06-23,I10,APPROVED,6611.71,3714.46,3528.66,,2026-07-13,2026-07-15T19:00:00Z
CLM000002454,MBR0000239,PRV000098,INSTITUTIONAL,2025-06-24,2025-06-26,I10,APPROVED,4047.64,2399.62,2037.05,,2025-07-14,2026-07-05T19:00:00Z
CLM000002455,MBR0000862,PRV000005,INSTITUTIONAL,2025-08-05,2025-08-06,Z00.00,PENDING,1370.30,1209.47,0.00,,2025-08-25,2026-07-17T21:00:00Z
CLM000002456,MBR0000053,PRV000001,INSTITUTIONAL,2026-04-15,2026-04-17,M54.50,APPROVED,2941.59,1786.92,1699.05,,2026-04-22,2026-07-05T19:00:00Z
CLM000002457,MBR0000816,PRV000072,PROFESSIONAL,2025-06-10,2025-06-10,I10,APPROVED,1164.92,856.33,703.89,,2025-06-18,2026-07-17T13:00:00Z
CLM000002458,MBR0000642,PRV000071,INSTITUTIONAL,2025-05-10,2025-05-13,N39.0,APPROVED,1551.40,1358.06,971.33,,2025-05-16,2026-07-15T08:00:00Z
CLM000002459,MBR0000861,PRV000031,INSTITUTIONAL,2025-06-14,2025-06-16,J45.909,APPROVED,420.27,395.99,338.92,,2025-06-15,2026-07-20T15:00:00Z
CLM000002460,MBR0000178,PRV000088,PROFESSIONAL,2025-08-06,2025-08-08,J45.909,APPROVED,1443.02,949.69,756.24,,2025-08-12,2026-07-09T20:00:00Z
CLM000002461,MBR0000235,PRV000004,INSTITUTIONAL,2025-01-20,2025-01-21,E11.9,DENIED,4311.56,3898.61,0.00,CO50,2025-02-09,2026-07-11T20:00:00Z
CLM000002462,MBR0000879,PRV000099,PROFESSIONAL,2025-06-03,2025-06-06,E11.9,APPROVED,2139.18,1560.31,1373.15,,2025-06-14,2026-07-02T22:00:00Z
CLM000002463,MBR0000466,PRV000080,PROFESSIONAL,2026-06-10,2026-06-12,I10,DENIED,1268.22,1126.36,0.00,CO16,2026-06-15,2026-07-10T13:00:00Z
CLM000002464,MBR0000301,PRV000071,INSTITUTIONAL,2026-03-16,2026-03-18,Z00.00,APPROVED,930.62,592.10,502.23,,2026-03-27,2026-07-06T15:00:00Z
CLM000002465,MBR0000053,PRV000078,INSTITUTIONAL,2025-11-22,2025-11-24,Z00.00,APPROVED,3967.77,3518.12,2892.16,,2025-11-30,2026-07-20T23:00:00Z
CLM000002466,MBR0000611,PRV000084,PROFESSIONAL,2026-04-28,2026-05-01,M54.50,APPROVED,3353.75,2952.53,2694.51,,2026-05-08,2026-07-13T10:00:00Z
CLM000002467,MBR0000541,PRV000008,INSTITUTIONAL,2026-03-07,2026-03-09,N39.0,APPROVED,792.81,483.26,314.67,,2026-03-16,2026-07-11T07:00:00Z
CLM000002468,MBR0000363,PRV000097,INSTITUTIONAL,2025-01-09,2025-01-09,J45.909,APPROVED,4259.73,2575.18,2040.34,,2025-01-15,2026-07-01T00:00:00Z
CLM000002469,MBR0000170,PRV000021,PROFESSIONAL,2025-12-29,2025-12-29,J45.909,APPROVED,3019.87,2050.47,2015.60,,2026-01-10,2026-07-10T17:00:00Z
CLM000002470,MBR0000091,PRV000013,PROFESSIONAL,2026-06-21,2026-06-24,N39.0,APPROVED,4100.27,3181.46,2423.19,,2026-07-10,2026-07-08T06:00:00Z
CLM000002471,MBR0000233,PRV000076,PROFESSIONAL,2025-03-18,2025-03-18,Z00.00,APPROVED,5507.54,3100.57,3031.43,,2025-03-23,2026-07-04T23:00:00Z
CLM000002472,MBR0000258,PRV000019,INSTITUTIONAL,2025-06-18,2025-06-21,N39.0,APPROVED,1148.35,928.20,755.53,,2025-06-30,2026-07-09T18:00:00Z
CLM000002473,MBR0000030,PRV000047,INSTITUTIONAL,2025-03-21,2025-03-22,Z00.00,APPROVED,678.32,506.84,400.95,,2025-04-03,2026-07-17T20:00:00Z
CLM000002474,MBR0000404,PRV000001,PROFESSIONAL,2025-05-14,2025-05-15,E11.9,APPROVED,6054.65,3989.57,3056.55,,2025-05-22,2026-07-07T23:00:00Z
CLM000002475,MBR0000981,PRV000089,PROFESSIONAL,2025-07-11,2025-07-13,J45.909,DENIED,2302.11,1691.46,0.00,CO50,2025-07-12,2026-07-10T21:00:00Z
CLM000002476,MBR0000055,PRV000008,INSTITUTIONAL,2025-11-16,2025-11-18,I10,APPROVED,1036.23,910.91,674.11,,2025-11-18,2026-07-14T21:00:00Z
CLM000002477,MBR0000510,PRV000007,PROFESSIONAL,2025-02-03,2025-02-05,I10,APPROVED,6217.61,3526.30,2833.83,,2025-02-19,2026-07-11T07:00:00Z
CLM000002478,MBR0000954,PRV000057,INSTITUTIONAL,2025-11-11,2025-11-11,E11.9,APPROVED,1839.74,1147.97,1092.04,,2025-11-13,2026-07-02T16:00:00Z
CLM000002479,MBR0000737,PRV000078,INSTITUTIONAL,2025-08-07,2025-08-10,E11.9,APPROVED,938.44,605.67,419.67,,2025-08-21,2026-07-17T07:00:00Z
CLM000002480,MBR0000334,PRV000071,PROFESSIONAL,2026-03-29,2026-03-30,E11.9,APPROVED,4739.63,2817.30,2037.12,,2026-04-08,2026-07-08T12:00:00Z
CLM000002481,MBR0000352,PRV000072,INSTITUTIONAL,2026-04-09,2026-04-09,J45.909,APPROVED,6523.98,3745.39,2932.49,,2026-04-22,2026-07-03T00:00:00Z
CLM000002482,MBR0000628,PRV000026,INSTITUTIONAL,2026-01-29,2026-02-01,E11.9,APPROVED,2949.63,2314.88,1767.37,,2026-01-30,2026-07-03T17:00:00Z
CLM000002483,MBR0000208,PRV000050,INSTITUTIONAL,2026-04-15,2026-04-15,Z00.00,APPROVED,1319.54,744.26,527.03,,2026-04-18,2026-07-05T09:00:00Z
CLM000002484,MBR0000560,PRV000059,PROFESSIONAL,2025-12-01,2025-12-02,Z00.00,APPROVED,168.54,112.96,74.96,,2025-12-21,2026-07-12T14:00:00Z
CLM000002485,MBR0000605,PRV000040,INSTITUTIONAL,2025-06-17,2025-06-19,N39.0,APPROVED,622.66,590.39,583.87,,2025-07-03,2026-07-13T08:00:00Z
CLM000002486,MBR0000982,PRV000080,PROFESSIONAL,2025-10-12,2025-10-14,E11.9,APPROVED,5580.81,3245.54,2497.10,,2025-10-25,2026-07-07T04:00:00Z
CLM000002487,MBR0000923,PRV000030,INSTITUTIONAL,2026-03-12,2026-03-13,I10,APPROVED,555.21,353.10,315.97,,2026-03-26,2026-07-16T22:00:00Z
CLM000002488,MBR0000529,PRV000075,PROFESSIONAL,2026-05-31,2026-06-03,Z00.00,APPROVED,5586.07,3780.80,3334.38,,2026-06-08,2026-07-07T01:00:00Z
CLM000002489,MBR0000123,PRV000035,INSTITUTIONAL,2025-11-01,2025-11-02,Z00.00,APPROVED,1052.60,851.54,850.63,,2025-11-13,2026-07-17T22:00:00Z
CLM000002490,MBR0000280,PRV000021,INSTITUTIONAL,2025-12-08,2025-12-10,Z00.00,DENIED,3312.98,2639.81,0.00,CO97,2025-12-27,2026-07-06T21:00:00Z
CLM000002491,MBR0000270,PRV000071,PROFESSIONAL,2026-05-24,2026-05-27,I10,APPROVED,619.58,403.48,338.64,,2026-06-13,2026-07-04T10:00:00Z
CLM000002492,MBR0000432,PRV000059,PROFESSIONAL,2025-12-20,2025-12-22,J45.909,APPROVED,4097.08,2623.34,2087.67,,2025-12-22,2026-07-17T21:00:00Z
CLM000002493,MBR0000676,PRV000055,PROFESSIONAL,2025-05-28,2025-05-30,M54.50,APPROVED,1737.06,1520.84,1485.89,,2025-06-13,2026-07-02T12:00:00Z
CLM000002494,MBR0000428,PRV000002,PROFESSIONAL,2025-06-09,2025-06-10,Z00.00,APPROVED,6038.14,3690.28,3501.74,,2025-06-21,2026-07-01T19:00:00Z
CLM000002495,MBR0000766,PRV000041,INSTITUTIONAL,2025-04-05,2025-04-06,M54.50,PENDING,2454.29,1637.50,0.00,,2025-04-06,2026-07-02T16:00:00Z
CLM000002496,MBR0000449,PRV000033,INSTITUTIONAL,2025-11-22,2025-11-22,J45.909,DENIED,1064.82,816.91,0.00,CO16,2025-11-26,2026-07-07T06:00:00Z
CLM000002497,MBR0000138,PRV000088,PROFESSIONAL,2025-02-17,2025-02-17,Z00.00,APPROVED,5018.46,2812.07,2243.55,,2025-03-01,2026-07-08T23:00:00Z
CLM000002498,MBR0000213,PRV000022,INSTITUTIONAL,2025-11-29,2025-12-02,M54.50,APPROVED,5288.19,3683.21,3299.95,,2025-12-17,2026-07-10T13:00:00Z
CLM000002499,MBR0000531,PRV000054,PROFESSIONAL,2025-05-25,2025-05-27,E11.9,APPROVED,3889.38,3504.94,2480.26,,2025-06-11,2026-07-18T02:00:00Z
CLM000002500,MBR0000906,PRV000014,PROFESSIONAL,2025-12-14,2025-12-17,M54.50,APPROVED,4740.06,3011.54,2511.62,,2025-12-23,2026-07-07T19:00:00Z
CLM000002501,MBR0000858,PRV000060,INSTITUTIONAL,2025-09-11,2025-09-12,M54.50,APPROVED,1699.34,1361.55,1282.45,,2025-09-26,2026-07-20T06:00:00Z
CLM000002502,MBR0000526,PRV000014,PROFESSIONAL,2026-02-02,2026-02-03,M54.50,APPROVED,3588.77,2908.51,2165.75,,2026-02-21,2026-07-15T14:00:00Z
CLM000002503,MBR0000250,PRV000048,INSTITUTIONAL,2026-05-28,2026-05-30,J45.909,APPROVED,2847.87,1621.00,1340.58,,2026-06-14,2026-07-10T01:00:00Z
CLM000002504,MBR0000418,PRV000091,INSTITUTIONAL,2026-06-26,2026-06-29,Z00.00,APPROVED,382.95,318.20,286.63,,2026-07-15,2026-07-19T23:00:00Z
CLM000002505,MBR0000871,PRV000073,PROFESSIONAL,2025-02-17,2025-02-17,M54.50,DENIED,4564.31,2955.81,0.00,CO97,2025-03-08,2026-07-17T07:00:00Z
CLM000002506,MBR0000625,PRV000043,INSTITUTIONAL,2026-01-28,2026-01-31,J45.909,APPROVED,4904.49,2874.64,2130.86,,2026-02-08,2026-07-14T22:00:00Z
CLM000002507,MBR0000755,PRV000067,PROFESSIONAL,2025-01-13,2025-01-15,Z00.00,APPROVED,4319.88,3327.01,3178.76,,2025-01-29,2026-07-10T05:00:00Z
CLM000002508,MBR0000464,PRV000013,INSTITUTIONAL,2025-08-31,2025-09-01,N39.0,DENIED,4945.02,3464.16,0.00,CO97,2025-09-02,2026-07-04T07:00:00Z
CLM000002509,MBR0000704,PRV000044,PROFESSIONAL,2025-11-03,2025-11-04,E11.9,APPROVED,3570.94,2526.16,2472.83,,2025-11-06,2026-07-11T18:00:00Z
CLM000002510,MBR0000801,PRV000094,PROFESSIONAL,2025-12-17,2025-12-17,M54.50,DENIED,2731.69,1879.94,0.00,CO16,2026-01-06,2026-07-14T08:00:00Z
CLM000002511,MBR0000643,PRV000076,PROFESSIONAL,2025-12-19,2025-12-19,N39.0,PENDING,1166.81,738.16,0.00,,2026-01-05,2026-07-05T21:00:00Z
CLM000002512,MBR0000673,PRV000063,PROFESSIONAL,2026-05-05,2026-05-08,J45.909,APPROVED,2050.20,1150.03,911.56,,2026-05-17,2026-07-04T03:00:00Z
CLM000002513,MBR0000995,PRV000097,INSTITUTIONAL,2026-02-27,2026-02-27,J45.909,APPROVED,1615.01,904.37,803.66,,2026-03-15,2026-07-08T10:00:00Z
CLM000002514,MBR0000707,PRV000098,INSTITUTIONAL,2026-04-05,2026-04-06,N39.0,DENIED,2795.02,2416.87,0.00,CO16,2026-04-06,2026-07-11T19:00:00Z
CLM000002515,MBR0000332,PRV000016,INSTITUTIONAL,2025-08-23,2025-08-23,M54.50,APPROVED,3746.07,2764.78,2627.64,,2025-08-24,2026-07-04T19:00:00Z
CLM000002516,MBR0000417,PRV000034,PROFESSIONAL,2025-07-09,2025-07-10,N39.0,APPROVED,1832.18,1549.64,1346.57,,2025-07-25,2026-07-07T13:00:00Z
CLM000002517,MBR0000749,PRV000060,PROFESSIONAL,2026-03-26,2026-03-27,M54.50,APPROVED,5865.66,3526.80,3460.30,,2026-04-15,2026-07-10T08:00:00Z
CLM000002518,MBR0000470,PRV000086,INSTITUTIONAL,2025-12-10,2025-12-13,E11.9,APPROVED,162.37,109.65,104.53,,2025-12-12,2026-07-05T22:00:00Z
CLM000002519,MBR0000703,PRV000008,PROFESSIONAL,2026-03-20,2026-03-22,Z00.00,APPROVED,1629.95,1307.70,1148.64,,2026-03-24,2026-07-20T00:00:00Z
CLM000002520,MBR0000680,PRV000096,INSTITUTIONAL,2025-04-12,2025-04-13,Z00.00,APPROVED,1412.51,1235.91,1096.28,,2025-04-25,2026-07-19T16:00:00Z
CLM000002521,MBR0000022,PRV000079,PROFESSIONAL,2026-02-09,2026-02-10,E11.9,APPROVED,1845.11,1696.20,1405.23,,2026-02-15,2026-07-02T16:00:00Z
CLM000002522,MBR0000265,PRV000033,INSTITUTIONAL,2026-05-08,2026-05-08,Z00.00,APPROVED,2313.60,1392.45,1118.12,,2026-05-17,2026-07-08T19:00:00Z
CLM000002523,MBR0000964,PRV000078,PROFESSIONAL,2026-04-03,2026-04-06,N39.0,APPROVED,1133.56,767.09,518.04,,2026-04-13,2026-07-19T09:00:00Z
CLM000002524,MBR0000225,PRV000001,PROFESSIONAL,2025-09-19,2025-09-21,M54.50,APPROVED,3589.37,2477.83,2171.42,,2025-10-02,2026-07-10T02:00:00Z
CLM000002525,MBR0000985,PRV000011,INSTITUTIONAL,2025-04-12,2025-04-15,I10,APPROVED,6726.28,3914.67,3680.10,,2025-04-26,2026-07-08T00:00:00Z
CLM000002526,MBR0000357,PRV000051,INSTITUTIONAL,2025-09-01,2025-09-04,Z00.00,APPROVED,120.40,95.23,82.88,,2025-09-04,2026-07-09T12:00:00Z
CLM000002527,MBR0000104,PRV000085,INSTITUTIONAL,2025-05-24,2025-05-27,N39.0,APPROVED,712.41,529.69,422.78,,2025-06-04,2026-07-15T12:00:00Z
CLM000002528,MBR0000585,PRV000050,INSTITUTIONAL,2025-11-12,2025-11-15,I10,PENDING,3026.08,2480.50,0.00,,2025-11-22,2026-07-07T13:00:00Z
CLM000002529,MBR0000459,PRV000081,PROFESSIONAL,2025-09-07,2025-09-10,N39.0,APPROVED,559.51,318.71,232.08,,2025-09-11,2026-07-02T15:00:00Z
CLM000002530,MBR0000689,PRV000095,PROFESSIONAL,2025-06-24,2025-06-27,E11.9,APPROVED,5283.71,3686.04,3539.64,,2025-07-04,2026-07-13T09:00:00Z
CLM000002531,MBR0000174,PRV000037,INSTITUTIONAL,2026-02-17,2026-02-17,Z00.00,APPROVED,3854.27,2170.24,1546.31,,2026-02-22,2026-07-03T14:00:00Z
CLM000002532,MBR0000935,PRV000088,INSTITUTIONAL,2026-05-16,2026-05-19,I10,DENIED,6508.32,3729.05,0.00,CO97,2026-05-23,2026-07-14T11:00:00Z
CLM000002533,MBR0000029,PRV000021,PROFESSIONAL,2026-01-20,2026-01-21,J45.909,DENIED,2725.21,1607.05,0.00,CO97,2026-01-29,2026-07-11T23:00:00Z
CLM000002534,MBR0000099,PRV000039,INSTITUTIONAL,2025-01-09,2025-01-12,Z00.00,APPROVED,4239.58,2561.66,2198.95,,2025-01-27,2026-07-08T06:00:00Z
CLM000002535,MBR0000198,PRV000032,PROFESSIONAL,2026-05-20,2026-05-23,E11.9,APPROVED,2901.14,2152.20,1850.43,,2026-06-02,2026-07-06T09:00:00Z
CLM000002536,MBR0000710,PRV000084,INSTITUTIONAL,2026-06-02,2026-06-02,M54.50,APPROVED,4131.15,3735.95,2816.12,,2026-06-15,2026-07-04T06:00:00Z
CLM000002537,MBR0000806,PRV000003,INSTITUTIONAL,2025-01-19,2025-01-21,N39.0,APPROVED,3371.55,2267.34,2144.38,,2025-02-04,2026-07-12T16:00:00Z
CLM000002538,MBR0000703,PRV000035,PROFESSIONAL,2025-07-21,2025-07-23,N39.0,APPROVED,4354.31,3159.33,2881.29,,2025-07-28,2026-07-02T03:00:00Z
CLM000002539,MBR0000234,PRV000056,PROFESSIONAL,2025-11-23,2025-11-26,I10,APPROVED,386.29,230.89,191.85,,2025-12-13,2026-07-19T13:00:00Z
CLM000002540,MBR0000565,PRV000081,PROFESSIONAL,2025-10-18,2025-10-18,E11.9,APPROVED,2081.75,1605.13,1230.65,,2025-10-20,2026-07-08T08:00:00Z
CLM000002541,MBR0000127,PRV000031,PROFESSIONAL,2025-10-05,2025-10-06,E11.9,APPROVED,5611.30,3267.81,3220.51,,2025-10-16,2026-07-16T09:00:00Z
CLM000002542,MBR0000913,PRV000016,INSTITUTIONAL,2026-05-10,2026-05-10,E11.9,APPROVED,3095.00,1905.50,1706.62,,2026-05-29,2026-07-13T01:00:00Z
CLM000002543,MBR0000417,PRV000090,INSTITUTIONAL,2026-03-07,2026-03-08,I10,APPROVED,5050.72,3763.61,3302.97,,2026-03-21,2026-07-03T00:00:00Z
CLM000002544,MBR0000438,PRV000065,PROFESSIONAL,2025-09-14,2025-09-14,M54.50,PENDING,2677.57,1789.84,0.00,,2025-09-16,2026-07-07T10:00:00Z
CLM000002545,MBR0000140,PRV000038,PROFESSIONAL,2025-07-27,2025-07-30,Z00.00,DENIED,5187.58,3263.30,0.00,CO97,2025-08-04,2026-07-19T05:00:00Z
CLM000002546,MBR0000355,PRV000068,INSTITUTIONAL,2025-03-25,2025-03-28,M54.50,PENDING,1698.71,969.32,0.00,,2025-04-10,2026-07-14T23:00:00Z
CLM000002547,MBR0000868,PRV000056,PROFESSIONAL,2025-09-28,2025-09-30,N39.0,APPROVED,1337.38,963.38,631.88,,2025-10-08,2026-07-09T23:00:00Z
CLM000002548,MBR0000795,PRV000037,PROFESSIONAL,2025-03-21,2025-03-21,E11.9,APPROVED,4862.52,3374.93,3053.49,,2025-04-04,2026-07-02T17:00:00Z
CLM000002549,MBR0000463,PRV000098,INSTITUTIONAL,2025-04-23,2025-04-24,M54.50,PENDING,3394.81,3143.73,0.00,,2025-05-10,2026-07-08T19:00:00Z
CLM000002550,MBR0000376,PRV000028,PROFESSIONAL,2025-05-06,2025-05-09,M54.50,APPROVED,1369.76,959.82,931.29,,2025-05-15,2026-07-15T20:00:00Z
CLM000002551,MBR0000560,PRV000001,PROFESSIONAL,2025-03-29,2025-03-29,N39.0,APPROVED,1154.24,1068.94,730.99,,2025-04-15,2026-07-16T12:00:00Z
CLM000002552,MBR0000335,PRV000052,INSTITUTIONAL,2025-05-05,2025-05-08,I10,APPROVED,1420.75,812.36,785.17,,2025-05-07,2026-07-06T10:00:00Z
CLM000002553,MBR0000225,PRV000019,INSTITUTIONAL,2026-03-24,2026-03-27,E11.9,APPROVED,639.24,484.84,343.38,,2026-04-02,2026-07-16T19:00:00Z
CLM000002554,MBR0000603,PRV000081,INSTITUTIONAL,2026-05-02,2026-05-02,E11.9,DENIED,2748.62,2066.19,0.00,CO50,2026-05-03,2026-07-06T06:00:00Z
CLM000002555,MBR0000947,PRV000063,INSTITUTIONAL,2025-12-25,2025-12-27,Z00.00,APPROVED,891.85,554.78,537.27,,2025-12-29,2026-07-04T13:00:00Z
CLM000002556,MBR0000208,PRV000015,INSTITUTIONAL,2025-08-11,2025-08-12,N39.0,APPROVED,3971.06,2479.15,1655.23,,2025-08-26,2026-07-17T12:00:00Z
CLM000002557,MBR0000858,PRV000017,PROFESSIONAL,2025-04-12,2025-04-14,N39.0,DENIED,3784.32,2580.64,0.00,CO97,2025-04-30,2026-07-19T14:00:00Z
CLM000002558,MBR0000298,PRV000021,PROFESSIONAL,2026-06-29,2026-07-02,M54.50,APPROVED,2145.26,1229.70,1069.82,,2026-07-10,2026-07-14T14:00:00Z
CLM000002559,MBR0000315,PRV000012,PROFESSIONAL,2025-12-08,2025-12-11,N39.0,APPROVED,3810.08,2982.97,2151.62,,2025-12-10,2026-07-17T03:00:00Z
CLM000002560,MBR0000978,PRV000017,INSTITUTIONAL,2026-03-27,2026-03-29,N39.0,PENDING,1625.96,1293.47,0.00,,2026-04-13,2026-07-06T18:00:00Z
CLM000002561,MBR0000771,PRV000048,PROFESSIONAL,2026-01-26,2026-01-27,J45.909,APPROVED,4903.97,3621.51,3195.89,,2026-02-04,2026-07-10T07:00:00Z
CLM000002562,MBR0000953,PRV000082,PROFESSIONAL,2025-04-26,2025-04-29,E11.9,APPROVED,3455.05,3140.00,2249.42,,2025-04-28,2026-07-19T11:00:00Z
CLM000002563,MBR0000658,PRV000052,PROFESSIONAL,2026-03-13,2026-03-16,J45.909,APPROVED,4805.54,2766.53,2255.70,,2026-03-30,2026-07-03T11:00:00Z
CLM000002564,MBR0000353,PRV000052,PROFESSIONAL,2025-12-31,2026-01-02,M54.50,APPROVED,4830.59,3057.01,2039.33,,2026-01-03,2026-07-19T09:00:00Z
CLM000002565,MBR0000944,PRV000001,INSTITUTIONAL,2025-04-30,2025-05-03,I10,DENIED,5932.75,3976.90,0.00,CO16,2025-05-05,2026-07-15T20:00:00Z
CLM000002566,MBR0000923,PRV000031,INSTITUTIONAL,2026-03-09,2026-03-09,E11.9,DENIED,5170.96,2907.20,0.00,CO50,2026-03-10,2026-07-12T13:00:00Z
CLM000002567,MBR0000733,PRV000066,INSTITUTIONAL,2025-02-04,2025-02-05,Z00.00,APPROVED,2008.36,1773.89,1590.64,,2025-02-22,2026-07-01T06:00:00Z
CLM000002568,MBR0000358,PRV000065,INSTITUTIONAL,2025-12-21,2025-12-24,Z00.00,APPROVED,4710.67,2709.02,2622.25,,2026-01-07,2026-07-05T09:00:00Z
CLM000002569,MBR0000781,PRV000017,INSTITUTIONAL,2025-01-15,2025-01-17,J45.909,APPROVED,748.85,668.91,579.66,,2025-01-22,2026-07-17T15:00:00Z
CLM000002570,MBR0000305,PRV000063,PROFESSIONAL,2025-08-04,2025-08-07,Z00.00,APPROVED,1552.24,1436.70,1426.73,,2025-08-20,2026-07-02T05:00:00Z
CLM000002571,MBR0000769,PRV000046,PROFESSIONAL,2025-12-04,2025-12-06,J45.909,DENIED,4465.00,2767.88,0.00,CO50,2025-12-15,2026-07-16T19:00:00Z
CLM000002572,MBR0000870,PRV000089,INSTITUTIONAL,2025-07-12,2025-07-12,I10,APPROVED,1460.72,840.43,638.15,,2025-07-25,2026-07-19T10:00:00Z
CLM000002573,MBR0000885,PRV000040,INSTITUTIONAL,2026-05-09,2026-05-10,Z00.00,APPROVED,1035.95,576.63,378.21,,2026-05-29,2026-07-16T00:00:00Z
CLM000002574,MBR0000857,PRV000029,PROFESSIONAL,2025-02-13,2025-02-15,N39.0,APPROVED,2690.69,1548.87,1222.36,,2025-03-05,2026-07-08T03:00:00Z
CLM000002575,MBR0000780,PRV000008,PROFESSIONAL,2025-10-25,2025-10-28,E11.9,APPROVED,6426.20,3739.95,3456.75,,2025-10-28,2026-07-01T21:00:00Z
CLM000002576,MBR0000572,PRV000079,PROFESSIONAL,2025-01-09,2025-01-09,N39.0,APPROVED,2029.54,1276.87,992.42,,2025-01-21,2026-07-10T10:00:00Z
CLM000002577,MBR0000804,PRV000018,INSTITUTIONAL,2025-02-13,2025-02-14,N39.0,APPROVED,4782.75,2933.32,2005.20,,2025-02-20,2026-07-02T21:00:00Z
CLM000002578,MBR0000762,PRV000026,PROFESSIONAL,2026-06-24,2026-06-25,I10,DENIED,204.08,191.39,0.00,CO50,2026-07-07,2026-07-06T00:00:00Z
CLM000002579,MBR0000085,PRV000093,PROFESSIONAL,2026-06-01,2026-06-04,I10,APPROVED,1214.40,763.11,674.20,,2026-06-18,2026-07-01T05:00:00Z
CLM000002580,MBR0000803,PRV000057,PROFESSIONAL,2025-03-14,2025-03-16,M54.50,PENDING,1065.41,735.56,0.00,,2025-03-28,2026-07-08T13:00:00Z
CLM000002581,MBR0000651,PRV000012,PROFESSIONAL,2026-03-13,2026-03-13,M54.50,DENIED,4304.39,3559.29,0.00,CO97,2026-03-31,2026-07-02T02:00:00Z
CLM000002582,MBR0000080,PRV000005,PROFESSIONAL,2025-04-03,2025-04-05,N39.0,APPROVED,3504.05,3219.39,2293.71,,2025-04-22,2026-07-19T02:00:00Z
CLM000002583,MBR0000127,PRV000011,INSTITUTIONAL,2026-04-27,2026-04-27,N39.0,DENIED,5285.60,3355.72,0.00,CO16,2026-05-03,2026-07-06T23:00:00Z
CLM000002584,MBR0000580,PRV000008,PROFESSIONAL,2025-02-19,2025-02-21,Z00.00,APPROVED,1799.45,1019.05,882.26,,2025-03-07,2026-07-04T19:00:00Z
CLM000002585,MBR0000044,PRV000073,PROFESSIONAL,2025-07-08,2025-07-10,Z00.00,APPROVED,2464.30,2242.17,1689.58,,2025-07-14,2026-07-15T10:00:00Z
CLM000002586,MBR0000198,PRV000094,PROFESSIONAL,2025-08-19,2025-08-22,Z00.00,APPROVED,2305.57,1929.45,1776.52,,2025-09-02,2026-07-07T20:00:00Z
CLM000002587,MBR0000483,PRV000003,INSTITUTIONAL,2025-04-03,2025-04-04,M54.50,APPROVED,3731.49,3381.54,2702.46,,2025-04-16,2026-07-04T01:00:00Z
CLM000002588,MBR0000068,PRV000042,INSTITUTIONAL,2025-03-09,2025-03-09,M54.50,APPROVED,3257.49,2166.31,1762.14,,2025-03-11,2026-07-17T10:00:00Z
CLM000002589,MBR0000102,PRV000034,INSTITUTIONAL,2025-08-28,2025-08-31,N39.0,APPROVED,5569.68,3709.09,3177.78,,2025-09-10,2026-07-13T05:00:00Z
CLM000002590,MBR0000327,PRV000044,PROFESSIONAL,2025-12-28,2025-12-31,M54.50,DENIED,3247.79,2314.49,0.00,CO97,2026-01-12,2026-07-03T06:00:00Z
CLM000002591,MBR0000456,PRV000009,PROFESSIONAL,2025-03-05,2025-03-06,E11.9,APPROVED,3922.54,2649.12,2339.38,,2025-03-20,2026-07-16T04:00:00Z
CLM000002592,MBR0000405,PRV000001,INSTITUTIONAL,2025-07-23,2025-07-23,I10,DENIED,5879.52,3540.04,0.00,CO97,2025-08-04,2026-07-06T16:00:00Z
CLM000002593,MBR0000275,PRV000016,INSTITUTIONAL,2025-05-06,2025-05-07,I10,APPROVED,6812.55,3873.23,2658.78,,2025-05-25,2026-07-15T07:00:00Z
CLM000002594,MBR0000606,PRV000021,INSTITUTIONAL,2025-07-28,2025-07-30,M54.50,DENIED,571.38,536.67,0.00,CO97,2025-08-09,2026-07-11T01:00:00Z
CLM000002595,MBR0000278,PRV000063,INSTITUTIONAL,2026-02-27,2026-02-27,I10,DENIED,5707.87,3426.74,0.00,CO16,2026-03-10,2026-07-01T00:00:00Z
CLM000002596,MBR0000415,PRV000023,INSTITUTIONAL,2026-05-12,2026-05-15,Z00.00,DENIED,2592.20,1958.29,0.00,CO50,2026-05-23,2026-07-15T03:00:00Z
CLM000002597,MBR0000460,PRV000092,PROFESSIONAL,2025-10-06,2025-10-06,N39.0,APPROVED,3112.83,2376.24,2283.74,,2025-10-10,2026-07-01T20:00:00Z
CLM000002598,MBR0000420,PRV000047,PROFESSIONAL,2025-01-27,2025-01-30,M54.50,APPROVED,6972.92,3910.25,3612.67,,2025-02-10,2026-07-03T20:00:00Z
CLM000002599,MBR0000164,PRV000054,INSTITUTIONAL,2025-10-01,2025-10-03,J45.909,APPROVED,4584.60,3803.56,3745.78,,2025-10-03,2026-07-06T16:00:00Z
CLM000002600,MBR0000502,PRV000075,PROFESSIONAL,2026-06-29,2026-07-02,Z00.00,DENIED,4058.37,3377.99,0.00,CO16,2026-06-30,2026-07-15T23:00:00Z
CLM000002601,MBR0000004,PRV000014,PROFESSIONAL,2026-02-25,2026-02-28,N39.0,APPROVED,654.29,567.81,487.31,,2026-03-06,2026-07-19T14:00:00Z
CLM000002602,MBR0000268,PRV000047,INSTITUTIONAL,2025-12-10,2025-12-10,Z00.00,APPROVED,630.92,358.78,272.64,,2025-12-23,2026-07-11T04:00:00Z
CLM000002603,MBR0000880,PRV000054,PROFESSIONAL,2025-06-21,2025-06-21,I10,APPROVED,3651.39,2187.56,1562.50,,2025-06-30,2026-07-19T14:00:00Z
CLM000002604,MBR0000720,PRV000021,INSTITUTIONAL,2025-08-28,2025-08-28,J45.909,APPROVED,3219.27,2450.31,1974.98,,2025-09-02,2026-07-04T21:00:00Z
CLM000002605,MBR0000807,PRV000065,PROFESSIONAL,2026-01-18,2026-01-18,M54.50,APPROVED,3855.29,2326.08,2102.11,,2026-01-21,2026-07-03T06:00:00Z
CLM000002606,MBR0000488,PRV000062,INSTITUTIONAL,2025-09-18,2025-09-21,E11.9,APPROVED,2145.93,1217.16,1199.06,,2025-10-07,2026-07-11T11:00:00Z
CLM000002607,MBR0000095,PRV000062,INSTITUTIONAL,2025-02-04,2025-02-06,J45.909,APPROVED,572.51,481.52,478.45,,2025-02-22,2026-07-07T18:00:00Z
CLM000002608,MBR0000963,PRV000093,PROFESSIONAL,2025-09-26,2025-09-26,M54.50,APPROVED,4853.43,3965.34,2737.61,,2025-09-29,2026-07-13T17:00:00Z
CLM000002609,MBR0000494,PRV000041,PROFESSIONAL,2025-12-10,2025-12-10,Z00.00,APPROVED,772.75,547.93,464.80,,2025-12-21,2026-07-20T18:00:00Z
CLM000002610,MBR0000937,PRV000099,PROFESSIONAL,2026-03-04,2026-03-06,M54.50,APPROVED,429.11,308.96,201.26,,2026-03-05,2026-07-14T03:00:00Z
CLM000002611,MBR0000450,PRV000022,INSTITUTIONAL,2026-04-19,2026-04-19,M54.50,APPROVED,2803.49,2267.97,1575.56,,2026-04-21,2026-07-11T09:00:00Z
CLM000002612,MBR0000300,PRV000076,PROFESSIONAL,2025-10-30,2025-11-02,M54.50,APPROVED,1423.13,1332.61,1000.77,,2025-11-11,2026-07-08T06:00:00Z
CLM000002613,MBR0000802,PRV000064,INSTITUTIONAL,2025-10-15,2025-10-16,I10,APPROVED,1643.29,928.76,657.18,,2025-10-31,2026-07-13T01:00:00Z
CLM000002614,MBR0000162,PRV000055,PROFESSIONAL,2025-09-10,2025-09-11,J45.909,APPROVED,6008.26,3731.91,3554.66,,2025-09-16,2026-07-13T01:00:00Z
CLM000002615,MBR0000279,PRV000086,PROFESSIONAL,2026-04-18,2026-04-18,N39.0,APPROVED,5285.91,3287.61,2854.00,,2026-04-23,2026-07-10T23:00:00Z
CLM000002616,MBR0000032,PRV000098,PROFESSIONAL,2025-11-17,2025-11-17,Z00.00,APPROVED,2805.51,2373.22,2055.77,,2025-11-25,2026-07-14T14:00:00Z
CLM000002617,MBR0000804,PRV000077,PROFESSIONAL,2025-03-13,2025-03-14,I10,APPROVED,4438.66,3689.20,2951.09,,2025-03-22,2026-07-18T06:00:00Z
CLM000002618,MBR0000238,PRV000077,INSTITUTIONAL,2025-12-12,2025-12-14,I10,APPROVED,4444.22,3914.25,3729.29,,2025-12-26,2026-07-09T11:00:00Z
CLM000002619,MBR0000553,PRV000029,PROFESSIONAL,2025-11-07,2025-11-09,J45.909,APPROVED,3365.51,3166.54,2463.95,,2025-11-14,2026-07-11T17:00:00Z
CLM000002620,MBR0000958,PRV000085,PROFESSIONAL,2026-02-19,2026-02-20,I10,APPROVED,865.46,568.24,556.83,,2026-02-21,2026-07-13T17:00:00Z
CLM000002621,MBR0000945,PRV000077,PROFESSIONAL,2025-01-25,2025-01-26,Z00.00,APPROVED,5060.83,3426.48,2741.94,,2025-02-05,2026-07-19T02:00:00Z
CLM000002622,MBR0000957,PRV000057,INSTITUTIONAL,2025-06-18,2025-06-21,I10,APPROVED,1360.10,797.98,627.21,,2025-06-23,2026-07-02T22:00:00Z
CLM000002623,MBR0000572,PRV000049,PROFESSIONAL,2025-06-06,2025-06-08,E11.9,APPROVED,2276.45,1267.52,873.07,,2025-06-19,2026-07-10T22:00:00Z
CLM000002624,MBR0000540,PRV000002,INSTITUTIONAL,2026-06-27,2026-06-27,N39.0,APPROVED,1228.70,1159.57,829.75,,2026-07-14,2026-07-17T17:00:00Z
CLM000002625,MBR0000218,PRV000072,PROFESSIONAL,2025-01-16,2025-01-16,J45.909,APPROVED,3643.77,2137.06,1554.88,,2025-01-25,2026-07-06T16:00:00Z
CLM000002626,MBR0000993,PRV000080,PROFESSIONAL,2025-02-12,2025-02-13,E11.9,PENDING,722.89,631.45,0.00,,2025-02-16,2026-07-02T03:00:00Z
CLM000002627,MBR0000961,PRV000087,INSTITUTIONAL,2026-01-23,2026-01-26,M54.50,APPROVED,4367.21,2812.07,2490.43,,2026-01-31,2026-07-04T01:00:00Z
CLM000002628,MBR0000138,PRV000028,PROFESSIONAL,2025-06-03,2025-06-05,M54.50,APPROVED,2183.85,1338.41,946.99,,2025-06-09,2026-07-12T00:00:00Z
CLM000002629,MBR0000838,PRV000034,INSTITUTIONAL,2025-01-20,2025-01-21,M54.50,APPROVED,976.04,923.57,898.55,,2025-01-23,2026-07-13T02:00:00Z
CLM000002630,MBR0000247,PRV000052,PROFESSIONAL,2025-11-29,2025-11-29,E11.9,APPROVED,2798.03,2416.89,1598.60,,2025-12-10,2026-07-15T17:00:00Z
CLM000002631,MBR0000148,PRV000054,PROFESSIONAL,2025-08-25,2025-08-26,E11.9,APPROVED,457.73,346.12,302.01,,2025-09-07,2026-07-11T14:00:00Z
CLM000002632,MBR0000128,PRV000004,PROFESSIONAL,2025-08-16,2025-08-16,I10,APPROVED,1535.30,972.46,915.52,,2025-08-30,2026-07-20T13:00:00Z
CLM000002633,MBR0000151,PRV000036,INSTITUTIONAL,2025-02-12,2025-02-15,M54.50,APPROVED,5242.89,3828.81,2992.15,,2025-02-26,2026-07-19T05:00:00Z
CLM000002634,MBR0000558,PRV000024,PROFESSIONAL,2025-07-25,2025-07-27,J45.909,APPROVED,4757.73,2868.61,2334.29,,2025-08-12,2026-07-06T01:00:00Z
CLM000002635,MBR0000759,PRV000087,PROFESSIONAL,2025-01-12,2025-01-12,J45.909,APPROVED,478.79,350.85,310.98,,2025-01-24,2026-07-08T10:00:00Z
CLM000002636,MBR0000827,PRV000007,PROFESSIONAL,2026-02-02,2026-02-03,E11.9,APPROVED,5044.10,2898.38,1923.01,,2026-02-18,2026-07-15T18:00:00Z
CLM000002637,MBR0000253,PRV000065,INSTITUTIONAL,2025-08-18,2025-08-18,M54.50,APPROVED,488.37,291.51,224.05,,2025-09-03,2026-07-04T17:00:00Z
CLM000002638,MBR0000399,PRV000058,PROFESSIONAL,2025-06-05,2025-06-05,N39.0,PENDING,1900.82,1116.51,0.00,,2025-06-19,2026-07-11T02:00:00Z
CLM000002639,MBR0000039,PRV000035,INSTITUTIONAL,2026-01-13,2026-01-14,I10,APPROVED,4617.00,3148.98,2381.19,,2026-01-28,2026-07-17T15:00:00Z
CLM000002640,MBR0000246,PRV000086,INSTITUTIONAL,2025-12-01,2025-12-03,N39.0,APPROVED,3664.58,2081.66,1488.73,,2025-12-08,2026-07-14T01:00:00Z
CLM000002641,MBR0000253,PRV000061,PROFESSIONAL,2025-10-30,2025-10-30,M54.50,APPROVED,6043.17,3606.01,3021.76,,2025-11-14,2026-07-14T00:00:00Z
CLM000002642,MBR0000067,PRV000075,PROFESSIONAL,2025-09-18,2025-09-21,E11.9,APPROVED,3061.29,2313.91,1725.72,,2025-09-20,2026-07-06T17:00:00Z
CLM000002643,MBR0000903,PRV000100,PROFESSIONAL,2026-03-13,2026-03-13,M54.50,APPROVED,3340.65,2496.98,1924.37,,2026-03-21,2026-07-14T07:00:00Z
CLM000002644,MBR0000387,PRV000026,INSTITUTIONAL,2025-09-05,2025-09-06,I10,APPROVED,1564.39,1321.91,1106.35,,2025-09-18,2026-07-09T08:00:00Z
CLM000002645,MBR0000117,PRV000042,PROFESSIONAL,2026-03-11,2026-03-14,N39.0,APPROVED,2464.17,1475.30,1295.38,,2026-03-20,2026-07-19T03:00:00Z
CLM000002646,MBR0000160,PRV000090,INSTITUTIONAL,2026-01-12,2026-01-12,J45.909,APPROVED,5354.08,3805.40,3206.05,,2026-01-26,2026-07-16T11:00:00Z
CLM000002647,MBR0000668,PRV000040,PROFESSIONAL,2025-05-07,2025-05-08,J45.909,APPROVED,3672.29,2666.27,2051.56,,2025-05-12,2026-07-11T13:00:00Z
CLM000002648,MBR0000941,PRV000020,INSTITUTIONAL,2025-01-08,2025-01-11,Z00.00,APPROVED,4823.93,3688.40,3041.81,,2025-01-12,2026-07-07T13:00:00Z
CLM000002649,MBR0000978,PRV000018,PROFESSIONAL,2026-03-27,2026-03-28,Z00.00,APPROVED,1957.14,1811.32,1244.31,,2026-04-08,2026-07-17T16:00:00Z
CLM000002650,MBR0000262,PRV000055,INSTITUTIONAL,2026-06-02,2026-06-03,E11.9,APPROVED,3339.25,1888.59,1565.25,,2026-06-10,2026-07-18T10:00:00Z
CLM000002651,MBR0000082,PRV000011,INSTITUTIONAL,2025-06-24,2025-06-24,J45.909,APPROVED,5954.50,3495.48,3272.46,,2025-07-13,2026-07-18T21:00:00Z
CLM000002652,MBR0000776,PRV000091,PROFESSIONAL,2026-01-11,2026-01-12,Z00.00,APPROVED,5609.22,3622.52,3421.82,,2026-01-30,2026-07-07T17:00:00Z
CLM000002653,MBR0000854,PRV000036,PROFESSIONAL,2025-12-30,2025-12-30,E11.9,APPROVED,2598.87,1792.49,1168.95,,2026-01-15,2026-07-02T13:00:00Z
CLM000002654,MBR0000795,PRV000054,PROFESSIONAL,2026-05-26,2026-05-29,J45.909,APPROVED,5699.96,3751.39,3702.47,,2026-05-28,2026-07-15T15:00:00Z
CLM000002655,MBR0000371,PRV000048,PROFESSIONAL,2025-11-04,2025-11-04,I10,DENIED,1583.98,1150.66,0.00,CO50,2025-11-07,2026-07-14T02:00:00Z
CLM000002656,MBR0000096,PRV000090,PROFESSIONAL,2025-04-18,2025-04-20,N39.0,APPROVED,719.02,416.72,330.25,,2025-04-22,2026-07-17T11:00:00Z
CLM000002657,MBR0000645,PRV000014,INSTITUTIONAL,2025-05-09,2025-05-12,E11.9,APPROVED,5306.43,3296.81,2277.34,,2025-05-12,2026-07-01T18:00:00Z
CLM000002658,MBR0000922,PRV000061,INSTITUTIONAL,2026-03-04,2026-03-07,I10,PENDING,3616.31,2451.32,0.00,,2026-03-11,2026-07-09T02:00:00Z
CLM000002659,MBR0000966,PRV000025,PROFESSIONAL,2025-07-13,2025-07-15,E11.9,APPROVED,3816.84,2467.26,1738.81,,2025-07-15,2026-07-01T19:00:00Z
CLM000002660,MBR0000889,PRV000089,INSTITUTIONAL,2026-04-04,2026-04-06,N39.0,APPROVED,399.72,269.12,190.57,,2026-04-21,2026-07-16T19:00:00Z
CLM000002661,MBR0000951,PRV000015,PROFESSIONAL,2025-04-29,2025-04-29,I10,DENIED,2660.87,1564.76,0.00,CO16,2025-05-12,2026-07-07T14:00:00Z
CLM000002662,MBR0000790,PRV000055,INSTITUTIONAL,2025-01-07,2025-01-10,J45.909,APPROVED,1341.17,776.97,693.41,,2025-01-19,2026-07-12T14:00:00Z
CLM000002663,MBR0000327,PRV000057,INSTITUTIONAL,2026-04-19,2026-04-21,I10,APPROVED,1706.26,1126.37,756.89,,2026-05-02,2026-07-12T06:00:00Z
CLM000002664,MBR0000822,PRV000021,PROFESSIONAL,2025-06-26,2025-06-27,N39.0,DENIED,1795.66,1057.96,0.00,CO16,2025-07-05,2026-07-01T04:00:00Z
CLM000002665,MBR0000994,PRV000096,PROFESSIONAL,2025-08-14,2025-08-16,E11.9,APPROVED,5038.73,3932.05,2760.26,,2025-08-19,2026-07-19T01:00:00Z
CLM000002666,MBR0000650,PRV000013,INSTITUTIONAL,2026-01-02,2026-01-02,E11.9,APPROVED,3913.34,3710.85,2796.16,,2026-01-16,2026-07-15T00:00:00Z
CLM000002667,MBR0000214,PRV000001,INSTITUTIONAL,2025-03-15,2025-03-16,E11.9,DENIED,961.49,625.99,0.00,CO97,2025-03-20,2026-07-16T19:00:00Z
CLM000002668,MBR0000298,PRV000023,INSTITUTIONAL,2025-02-04,2025-02-05,N39.0,APPROVED,6785.61,3800.63,3350.17,,2025-02-21,2026-07-15T06:00:00Z
CLM000002669,MBR0000576,PRV000049,INSTITUTIONAL,2025-03-06,2025-03-08,I10,APPROVED,1287.07,1129.10,1110.55,,2025-03-12,2026-07-18T03:00:00Z
CLM000002670,MBR0000995,PRV000038,PROFESSIONAL,2025-05-31,2025-06-03,I10,APPROVED,3475.65,2745.74,2721.55,,2025-06-17,2026-07-02T22:00:00Z
CLM000002671,MBR0000818,PRV000033,INSTITUTIONAL,2026-04-08,2026-04-08,E11.9,APPROVED,1722.08,1305.39,921.48,,2026-04-14,2026-07-16T10:00:00Z
CLM000002672,MBR0000199,PRV000050,INSTITUTIONAL,2026-01-05,2026-01-05,E11.9,PENDING,4247.61,2586.88,0.00,,2026-01-12,2026-07-01T15:00:00Z
CLM000002673,MBR0000920,PRV000015,INSTITUTIONAL,2025-04-06,2025-04-06,M54.50,PENDING,2805.53,2377.82,0.00,,2025-04-19,2026-07-16T03:00:00Z
CLM000002674,MBR0000075,PRV000086,INSTITUTIONAL,2026-02-07,2026-02-07,Z00.00,APPROVED,642.75,381.95,351.60,,2026-02-12,2026-07-15T07:00:00Z
CLM000002675,MBR0000442,PRV000063,INSTITUTIONAL,2025-01-14,2025-01-14,J45.909,APPROVED,2146.07,1682.96,1357.52,,2025-01-26,2026-07-04T04:00:00Z
CLM000002676,MBR0000109,PRV000035,INSTITUTIONAL,2025-10-01,2025-10-04,E11.9,DENIED,4312.29,2491.60,0.00,CO97,2025-10-13,2026-07-17T20:00:00Z
CLM000002677,MBR0000514,PRV000054,PROFESSIONAL,2025-10-01,2025-10-04,E11.9,APPROVED,1208.56,672.95,456.42,,2025-10-20,2026-07-03T23:00:00Z
CLM000002678,MBR0000622,PRV000073,INSTITUTIONAL,2025-11-25,2025-11-26,I10,APPROVED,5337.91,3907.22,3396.41,,2025-12-05,2026-07-06T13:00:00Z
CLM000002679,MBR0000290,PRV000005,PROFESSIONAL,2025-03-19,2025-03-22,M54.50,APPROVED,456.28,331.36,302.12,,2025-04-04,2026-07-17T22:00:00Z
CLM000002680,MBR0000742,PRV000020,INSTITUTIONAL,2025-02-08,2025-02-11,E11.9,APPROVED,919.48,612.68,423.47,,2025-02-10,2026-07-03T21:00:00Z
CLM000002681,MBR0000002,PRV000027,PROFESSIONAL,2025-05-18,2025-05-19,M54.50,APPROVED,4338.47,3358.52,2356.01,,2025-05-29,2026-07-10T06:00:00Z
CLM000002682,MBR0000944,PRV000024,PROFESSIONAL,2025-09-13,2025-09-16,J45.909,APPROVED,5141.49,3436.21,3061.29,,2025-09-22,2026-07-12T16:00:00Z
CLM000002683,MBR0000043,PRV000095,PROFESSIONAL,2026-06-08,2026-06-10,Z00.00,DENIED,2244.88,1676.89,0.00,CO97,2026-06-19,2026-07-05T09:00:00Z
CLM000002684,MBR0000314,PRV000074,PROFESSIONAL,2025-06-10,2025-06-10,J45.909,DENIED,3696.53,2521.17,0.00,CO16,2025-06-29,2026-07-13T09:00:00Z
CLM000002685,MBR0000298,PRV000096,INSTITUTIONAL,2025-08-03,2025-08-03,E11.9,PENDING,548.49,358.39,0.00,,2025-08-08,2026-07-05T13:00:00Z
CLM000002686,MBR0000747,PRV000096,PROFESSIONAL,2026-03-23,2026-03-25,Z00.00,APPROVED,5554.22,3564.98,3552.93,,2026-03-25,2026-07-18T19:00:00Z
CLM000002687,MBR0000476,PRV000097,PROFESSIONAL,2025-06-24,2025-06-25,N39.0,PENDING,2775.26,1939.08,0.00,,2025-07-08,2026-07-16T00:00:00Z
CLM000002688,MBR0000038,PRV000070,PROFESSIONAL,2026-05-08,2026-05-10,N39.0,APPROVED,3233.02,2052.19,1846.09,,2026-05-24,2026-07-04T09:00:00Z
CLM000002689,MBR0000344,PRV000084,INSTITUTIONAL,2025-07-22,2025-07-22,I10,APPROVED,1614.81,951.35,827.76,,2025-08-05,2026-07-13T22:00:00Z
CLM000002690,MBR0000004,PRV000091,PROFESSIONAL,2026-01-26,2026-01-26,N39.0,APPROVED,2371.85,2081.92,1574.58,,2026-01-31,2026-07-01T02:00:00Z
CLM000002691,MBR0000910,PRV000012,PROFESSIONAL,2025-09-24,2025-09-27,M54.50,APPROVED,381.03,300.57,291.88,,2025-10-08,2026-07-17T16:00:00Z
CLM000002692,MBR0000898,PRV000014,INSTITUTIONAL,2025-02-02,2025-02-04,E11.9,DENIED,6522.01,3836.35,0.00,CO50,2025-02-07,2026-07-18T03:00:00Z
CLM000002693,MBR0000034,PRV000023,INSTITUTIONAL,2025-08-09,2025-08-12,J45.909,DENIED,2497.42,1498.78,0.00,CO16,2025-08-23,2026-07-12T15:00:00Z
CLM000002694,MBR0000657,PRV000005,INSTITUTIONAL,2026-04-01,2026-04-02,Z00.00,APPROVED,4439.11,2837.96,2552.95,,2026-04-20,2026-07-11T23:00:00Z
CLM000002695,MBR0000818,PRV000020,INSTITUTIONAL,2026-06-21,2026-06-21,E11.9,DENIED,3918.16,2495.32,0.00,CO50,2026-07-06,2026-07-11T14:00:00Z
CLM000002696,MBR0000701,PRV000037,PROFESSIONAL,2025-02-07,2025-02-09,J45.909,DENIED,2353.84,1690.46,0.00,CO50,2025-02-27,2026-07-01T18:00:00Z
CLM000002697,MBR0000400,PRV000052,PROFESSIONAL,2026-02-13,2026-02-13,J45.909,APPROVED,4939.01,2923.25,1999.55,,2026-02-14,2026-07-17T14:00:00Z
CLM000002698,MBR0000681,PRV000080,PROFESSIONAL,2025-04-26,2025-04-29,J45.909,APPROVED,2497.04,2234.83,2122.89,,2025-05-13,2026-07-02T19:00:00Z
CLM000002699,MBR0000459,PRV000005,PROFESSIONAL,2025-12-05,2025-12-08,E11.9,PENDING,1650.61,1066.29,0.00,,2025-12-07,2026-07-08T20:00:00Z
CLM000002700,MBR0000503,PRV000048,INSTITUTIONAL,2026-05-01,2026-05-02,Z00.00,APPROVED,2647.01,1744.15,1474.64,,2026-05-07,2026-07-17T12:00:00Z
CLM000002701,MBR0000961,PRV000007,PROFESSIONAL,2025-04-15,2025-04-17,J45.909,APPROVED,4163.49,3799.72,3408.65,,2025-04-28,2026-07-19T13:00:00Z
CLM000002702,MBR0000254,PRV000005,PROFESSIONAL,2026-04-28,2026-04-30,E11.9,APPROVED,2621.77,2343.97,2255.04,,2026-05-14,2026-07-04T11:00:00Z
CLM000002703,MBR0000351,PRV000017,PROFESSIONAL,2026-03-18,2026-03-21,N39.0,APPROVED,4615.45,3074.59,2622.91,,2026-03-26,2026-07-14T00:00:00Z
CLM000002704,MBR0000533,PRV000099,PROFESSIONAL,2025-04-17,2025-04-17,N39.0,APPROVED,1341.05,814.22,557.86,,2025-04-29,2026-07-13T14:00:00Z
CLM000002705,MBR0000424,PRV000027,PROFESSIONAL,2025-01-26,2025-01-26,I10,APPROVED,3416.88,3112.71,2054.37,,2025-02-15,2026-07-03T09:00:00Z
CLM000002706,MBR0000258,PRV000024,INSTITUTIONAL,2026-01-23,2026-01-23,Z00.00,APPROVED,1762.74,1484.46,1417.74,,2026-01-24,2026-07-16T09:00:00Z
CLM000002707,MBR0000198,PRV000067,INSTITUTIONAL,2026-03-04,2026-03-07,E11.9,APPROVED,5151.33,3041.73,2764.30,,2026-03-05,2026-07-01T23:00:00Z
CLM000002708,MBR0000815,PRV000060,INSTITUTIONAL,2025-09-14,2025-09-15,N39.0,APPROVED,1195.05,1069.30,717.66,,2025-09-20,2026-07-05T05:00:00Z
CLM000002709,MBR0000592,PRV000027,INSTITUTIONAL,2025-08-23,2025-08-24,N39.0,APPROVED,3359.55,1948.68,1920.23,,2025-08-28,2026-07-11T06:00:00Z
CLM000002710,MBR0000294,PRV000046,INSTITUTIONAL,2025-09-10,2025-09-12,I10,APPROVED,4163.24,2916.60,2293.69,,2025-09-22,2026-07-12T11:00:00Z
CLM000002711,MBR0000343,PRV000028,PROFESSIONAL,2026-03-15,2026-03-16,E11.9,DENIED,883.33,534.13,0.00,CO16,2026-03-20,2026-07-03T05:00:00Z
CLM000002712,MBR0000778,PRV000074,PROFESSIONAL,2025-03-21,2025-03-22,I10,APPROVED,1543.43,863.35,754.38,,2025-03-26,2026-07-14T10:00:00Z
CLM000002713,MBR0000922,PRV000002,PROFESSIONAL,2025-07-01,2025-07-01,E11.9,APPROVED,1538.70,1056.56,788.08,,2025-07-14,2026-07-14T13:00:00Z
CLM000002714,MBR0000958,PRV000079,INSTITUTIONAL,2025-11-27,2025-11-29,M54.50,APPROVED,2735.49,1567.57,1333.30,,2025-12-16,2026-07-05T00:00:00Z
CLM000002715,MBR0000678,PRV000083,PROFESSIONAL,2026-05-03,2026-05-06,Z00.00,DENIED,3991.09,3481.18,0.00,CO16,2026-05-10,2026-07-05T01:00:00Z
CLM000002716,MBR0000488,PRV000047,INSTITUTIONAL,2025-01-15,2025-01-17,Z00.00,APPROVED,3130.05,2069.11,1691.79,,2025-01-18,2026-07-16T16:00:00Z
CLM000002717,MBR0000414,PRV000057,PROFESSIONAL,2025-03-21,2025-03-24,Z00.00,APPROVED,6048.05,3637.48,3478.33,,2025-04-06,2026-07-05T17:00:00Z
CLM000002718,MBR0000091,PRV000024,PROFESSIONAL,2025-12-15,2025-12-16,N39.0,APPROVED,5996.90,3965.80,2779.92,,2026-01-04,2026-07-15T01:00:00Z
CLM000002719,MBR0000875,PRV000061,INSTITUTIONAL,2025-02-14,2025-02-14,Z00.00,APPROVED,2593.43,1785.88,1372.57,,2025-02-27,2026-07-17T23:00:00Z
CLM000002720,MBR0000300,PRV000093,INSTITUTIONAL,2025-01-07,2025-01-08,J45.909,APPROVED,5150.34,3072.64,2891.35,,2025-01-15,2026-07-20T02:00:00Z
CLM000002721,MBR0000052,PRV000085,PROFESSIONAL,2026-01-03,2026-01-04,I10,APPROVED,3262.99,1905.38,1275.91,,2026-01-07,2026-07-11T16:00:00Z
CLM000002722,MBR0000845,PRV000045,PROFESSIONAL,2025-01-09,2025-01-12,E11.9,APPROVED,3744.20,2950.54,2927.63,,2025-01-29,2026-07-17T16:00:00Z
CLM000002723,MBR0000444,PRV000006,PROFESSIONAL,2025-09-03,2025-09-06,N39.0,APPROVED,4358.38,2869.89,2820.48,,2025-09-15,2026-07-03T07:00:00Z
CLM000002724,MBR0000458,PRV000033,PROFESSIONAL,2025-05-26,2025-05-29,J45.909,APPROVED,4306.66,3210.04,2523.64,,2025-05-29,2026-07-02T23:00:00Z
CLM000002725,MBR0000914,PRV000079,PROFESSIONAL,2025-01-25,2025-01-28,N39.0,DENIED,650.20,561.13,0.00,CO16,2025-02-04,2026-07-20T03:00:00Z
CLM000002726,MBR0000862,PRV000087,PROFESSIONAL,2025-10-31,2025-11-01,M54.50,APPROVED,554.06,479.54,409.19,,2025-11-10,2026-07-16T01:00:00Z
CLM000002727,MBR0000009,PRV000026,INSTITUTIONAL,2025-07-06,2025-07-09,N39.0,APPROVED,4202.48,2473.54,1625.24,,2025-07-08,2026-07-18T06:00:00Z
CLM000002728,MBR0000413,PRV000013,PROFESSIONAL,2026-01-31,2026-02-01,I10,APPROVED,3028.22,2539.57,2366.68,,2026-02-04,2026-07-14T00:00:00Z
CLM000002729,MBR0000299,PRV000003,PROFESSIONAL,2026-01-07,2026-01-09,E11.9,APPROVED,3417.49,2919.93,2913.04,,2026-01-21,2026-07-03T14:00:00Z
CLM000002730,MBR0000141,PRV000085,INSTITUTIONAL,2026-02-01,2026-02-04,Z00.00,APPROVED,3445.97,3043.20,2681.22,,2026-02-14,2026-07-06T03:00:00Z
CLM000002731,MBR0000057,PRV000087,INSTITUTIONAL,2026-02-08,2026-02-08,E11.9,APPROVED,504.69,298.78,289.04,,2026-02-11,2026-07-02T23:00:00Z
CLM000002732,MBR0000260,PRV000046,INSTITUTIONAL,2026-02-23,2026-02-26,J45.909,PENDING,1889.68,1529.40,0.00,,2026-03-10,2026-07-01T19:00:00Z
CLM000002733,MBR0000229,PRV000022,INSTITUTIONAL,2025-10-24,2025-10-24,Z00.00,PENDING,4185.69,2860.16,0.00,,2025-11-05,2026-07-07T09:00:00Z
CLM000002734,MBR0000161,PRV000016,PROFESSIONAL,2025-06-13,2025-06-15,Z00.00,APPROVED,2259.92,1524.74,1177.92,,2025-06-21,2026-07-01T16:00:00Z
CLM000002735,MBR0000720,PRV000024,PROFESSIONAL,2026-04-24,2026-04-27,N39.0,APPROVED,3026.44,2657.59,1773.87,,2026-04-29,2026-07-19T12:00:00Z
CLM000002736,MBR0000860,PRV000039,INSTITUTIONAL,2025-11-01,2025-11-04,J45.909,APPROVED,2674.58,1494.26,1272.62,,2025-11-17,2026-07-03T15:00:00Z
CLM000002737,MBR0000110,PRV000069,PROFESSIONAL,2026-03-19,2026-03-20,N39.0,APPROVED,2370.63,1331.52,1151.16,,2026-03-25,2026-07-13T06:00:00Z
CLM000002738,MBR0000149,PRV000009,INSTITUTIONAL,2025-03-26,2025-03-27,N39.0,APPROVED,3708.03,3079.05,2056.05,,2025-04-01,2026-07-10T15:00:00Z
CLM000002739,MBR0000062,PRV000025,PROFESSIONAL,2026-03-17,2026-03-19,N39.0,APPROVED,5150.23,3031.68,2795.72,,2026-03-26,2026-07-02T14:00:00Z
CLM000002740,MBR0000404,PRV000080,INSTITUTIONAL,2025-01-18,2025-01-18,E11.9,APPROVED,6294.83,3520.66,2856.83,,2025-01-28,2026-07-05T21:00:00Z
CLM000002741,MBR0000908,PRV000007,PROFESSIONAL,2025-08-06,2025-08-09,J45.909,APPROVED,3394.98,2793.02,2352.00,,2025-08-14,2026-07-18T05:00:00Z
CLM000002742,MBR0000276,PRV000084,INSTITUTIONAL,2025-10-15,2025-10-16,N39.0,DENIED,3081.46,2930.36,0.00,CO97,2025-10-19,2026-07-05T22:00:00Z
CLM000002743,MBR0000466,PRV000002,INSTITUTIONAL,2025-04-17,2025-04-18,I10,APPROVED,2846.13,1906.14,1541.55,,2025-04-29,2026-07-05T13:00:00Z
CLM000002744,MBR0000892,PRV000046,PROFESSIONAL,2025-04-27,2025-04-27,N39.0,APPROVED,5211.17,3366.24,2595.64,,2025-04-28,2026-07-16T23:00:00Z
CLM000002745,MBR0000361,PRV000080,PROFESSIONAL,2026-01-01,2026-01-02,N39.0,APPROVED,1367.67,1176.19,887.89,,2026-01-20,2026-07-01T03:00:00Z
CLM000002746,MBR0000196,PRV000036,PROFESSIONAL,2025-07-24,2025-07-26,E11.9,APPROVED,6242.21,3767.78,3359.09,,2025-08-10,2026-07-09T01:00:00Z
CLM000002747,MBR0000631,PRV000054,INSTITUTIONAL,2026-02-07,2026-02-08,Z00.00,APPROVED,1267.12,792.51,590.95,,2026-02-25,2026-07-08T07:00:00Z
CLM000002748,MBR0000853,PRV000071,INSTITUTIONAL,2026-01-16,2026-01-16,J45.909,DENIED,4356.72,2467.56,0.00,CO97,2026-01-17,2026-07-11T19:00:00Z
CLM000002749,MBR0000474,PRV000026,PROFESSIONAL,2026-05-08,2026-05-10,Z00.00,APPROVED,270.73,192.12,144.58,,2026-05-18,2026-07-05T16:00:00Z
CLM000002750,MBR0000020,PRV000033,PROFESSIONAL,2025-03-28,2025-03-31,M54.50,APPROVED,5336.45,3147.02,2970.85,,2025-04-06,2026-07-19T03:00:00Z
CLM000002751,MBR0000762,PRV000009,INSTITUTIONAL,2025-11-09,2025-11-11,M54.50,APPROVED,5483.43,3807.29,3627.89,,2025-11-12,2026-07-19T00:00:00Z
CLM000002752,MBR0000657,PRV000096,INSTITUTIONAL,2026-04-22,2026-04-22,Z00.00,APPROVED,3686.49,2239.56,1479.41,,2026-04-25,2026-07-19T10:00:00Z
CLM000002753,MBR0000040,PRV000045,INSTITUTIONAL,2025-12-08,2025-12-11,J45.909,APPROVED,4331.11,2931.29,2278.43,,2025-12-15,2026-07-02T21:00:00Z
CLM000002754,MBR0000988,PRV000086,INSTITUTIONAL,2026-01-09,2026-01-10,N39.0,DENIED,1926.13,1580.29,0.00,CO50,2026-01-14,2026-07-11T23:00:00Z
CLM000002755,MBR0000143,PRV000053,INSTITUTIONAL,2025-12-08,2025-12-08,M54.50,DENIED,4090.04,3610.98,0.00,CO97,2025-12-11,2026-07-07T17:00:00Z
CLM000002756,MBR0000158,PRV000039,PROFESSIONAL,2025-08-06,2025-08-08,J45.909,APPROVED,111.49,94.21,92.22,,2025-08-10,2026-07-07T20:00:00Z
CLM000002757,MBR0000562,PRV000039,PROFESSIONAL,2025-11-17,2025-11-17,E11.9,APPROVED,580.61,372.43,263.29,,2025-11-27,2026-07-14T11:00:00Z
CLM000002758,MBR0000668,PRV000021,INSTITUTIONAL,2025-12-19,2025-12-20,I10,APPROVED,1138.01,663.86,625.17,,2026-01-03,2026-07-01T08:00:00Z
CLM000002759,MBR0000631,PRV000031,INSTITUTIONAL,2026-02-06,2026-02-09,J45.909,DENIED,3361.55,2901.34,0.00,CO97,2026-02-14,2026-07-06T12:00:00Z
CLM000002760,MBR0000578,PRV000063,PROFESSIONAL,2025-04-10,2025-04-12,M54.50,DENIED,2983.44,2627.31,0.00,CO97,2025-04-26,2026-07-17T13:00:00Z
CLM000002761,MBR0000197,PRV000033,INSTITUTIONAL,2025-11-24,2025-11-25,M54.50,APPROVED,1047.96,734.33,481.55,,2025-11-25,2026-07-04T14:00:00Z
CLM000002762,MBR0000469,PRV000025,INSTITUTIONAL,2025-04-19,2025-04-19,E11.9,APPROVED,2055.34,1739.32,1538.09,,2025-04-20,2026-07-07T18:00:00Z
CLM000002763,MBR0000341,PRV000038,INSTITUTIONAL,2025-09-08,2025-09-08,I10,APPROVED,5924.78,3586.49,3029.57,,2025-09-14,2026-07-03T18:00:00Z
CLM000002764,MBR0000731,PRV000092,INSTITUTIONAL,2025-09-12,2025-09-13,Z00.00,APPROVED,2180.92,1705.63,1575.20,,2025-09-17,2026-07-06T03:00:00Z
CLM000002765,MBR0000937,PRV000027,INSTITUTIONAL,2026-01-06,2026-01-09,J45.909,APPROVED,4068.63,3167.00,2453.49,,2026-01-23,2026-07-08T11:00:00Z
CLM000002766,MBR0000656,PRV000036,PROFESSIONAL,2025-10-16,2025-10-17,I10,APPROVED,1799.63,1027.27,872.19,,2025-10-20,2026-07-05T07:00:00Z
CLM000002767,MBR0000060,PRV000082,PROFESSIONAL,2025-07-05,2025-07-07,E11.9,APPROVED,1016.13,594.52,544.75,,2025-07-18,2026-07-19T21:00:00Z
CLM000002768,MBR0000343,PRV000092,PROFESSIONAL,2025-03-05,2025-03-07,N39.0,APPROVED,1068.31,679.58,612.91,,2025-03-18,2026-07-20T02:00:00Z
CLM000002769,MBR0000055,PRV000074,PROFESSIONAL,2026-03-16,2026-03-19,J45.909,APPROVED,5566.43,3641.63,2786.54,,2026-04-01,2026-07-01T00:00:00Z
CLM000002770,MBR0000071,PRV000051,PROFESSIONAL,2026-02-22,2026-02-22,N39.0,APPROVED,2418.82,1985.93,1460.43,,2026-03-08,2026-07-09T18:00:00Z
CLM000002771,MBR0000605,PRV000084,PROFESSIONAL,2025-11-16,2025-11-18,J45.909,APPROVED,413.77,330.05,219.04,,2025-11-28,2026-07-16T08:00:00Z
CLM000002772,MBR0000616,PRV000003,PROFESSIONAL,2025-03-02,2025-03-03,M54.50,APPROVED,3050.52,2467.40,2057.98,,2025-03-07,2026-07-07T00:00:00Z
CLM000002773,MBR0000793,PRV000044,INSTITUTIONAL,2026-01-04,2026-01-05,J45.909,APPROVED,4630.24,3806.89,3727.19,,2026-01-16,2026-07-13T06:00:00Z
CLM000002774,MBR0000307,PRV000072,INSTITUTIONAL,2025-11-27,2025-11-29,J45.909,APPROVED,108.42,70.32,46.16,,2025-12-14,2026-07-20T12:00:00Z
CLM000002775,MBR0000658,PRV000097,INSTITUTIONAL,2025-04-12,2025-04-13,J45.909,APPROVED,2142.84,1643.48,1081.83,,2025-04-27,2026-07-04T00:00:00Z
CLM000002776,MBR0000137,PRV000026,PROFESSIONAL,2026-04-13,2026-04-13,I10,APPROVED,1143.21,1078.98,812.07,,2026-04-28,2026-07-13T11:00:00Z
CLM000002777,MBR0000278,PRV000060,INSTITUTIONAL,2025-04-04,2025-04-07,M54.50,APPROVED,5202.66,3346.04,2372.11,,2025-04-19,2026-07-18T13:00:00Z
CLM000002778,MBR0000869,PRV000093,PROFESSIONAL,2025-10-15,2025-10-18,N39.0,APPROVED,405.43,270.52,262.47,,2025-10-27,2026-07-03T23:00:00Z
CLM000002779,MBR0000265,PRV000088,PROFESSIONAL,2026-06-19,2026-06-20,Z00.00,APPROVED,3803.57,3098.56,2536.06,,2026-06-30,2026-07-02T04:00:00Z
CLM000002780,MBR0000706,PRV000078,PROFESSIONAL,2025-03-26,2025-03-28,E11.9,DENIED,2503.26,2116.97,0.00,CO16,2025-03-29,2026-07-19T00:00:00Z
CLM000002781,MBR0000974,PRV000040,INSTITUTIONAL,2025-03-12,2025-03-15,I10,APPROVED,2415.87,1688.90,1300.10,,2025-03-22,2026-07-01T00:00:00Z
CLM000002782,MBR0000388,PRV000090,INSTITUTIONAL,2026-03-19,2026-03-21,I10,APPROVED,3048.15,2472.94,2470.95,,2026-03-26,2026-07-15T07:00:00Z
CLM000002783,MBR0000041,PRV000061,INSTITUTIONAL,2025-04-02,2025-04-04,E11.9,APPROVED,2324.42,1855.72,1366.33,,2025-04-12,2026-07-03T05:00:00Z
CLM000002784,MBR0000159,PRV000001,INSTITUTIONAL,2025-03-23,2025-03-26,N39.0,APPROVED,4313.24,3949.02,2998.39,,2025-04-02,2026-07-16T11:00:00Z
CLM000002785,MBR0000037,PRV000012,INSTITUTIONAL,2026-06-21,2026-06-22,M54.50,APPROVED,3812.69,2140.74,1669.82,,2026-06-22,2026-07-02T23:00:00Z
CLM000002786,MBR0000830,PRV000077,INSTITUTIONAL,2025-10-06,2025-10-09,Z00.00,APPROVED,1274.11,1084.58,940.48,,2025-10-12,2026-07-03T17:00:00Z
CLM000002787,MBR0000717,PRV000035,INSTITUTIONAL,2026-03-07,2026-03-08,E11.9,APPROVED,3572.97,2450.72,2368.09,,2026-03-26,2026-07-06T14:00:00Z
CLM000002788,MBR0000966,PRV000067,INSTITUTIONAL,2025-08-04,2025-08-06,I10,APPROVED,3379.44,2967.44,2956.87,,2025-08-17,2026-07-07T22:00:00Z
CLM000002789,MBR0000292,PRV000018,PROFESSIONAL,2025-06-11,2025-06-11,J45.909,APPROVED,5361.71,3695.55,2408.32,,2025-06-22,2026-07-19T10:00:00Z
CLM000002790,MBR0000728,PRV000089,PROFESSIONAL,2025-03-21,2025-03-24,N39.0,APPROVED,288.78,187.47,187.33,,2025-03-27,2026-07-13T03:00:00Z
CLM000002791,MBR0000186,PRV000032,PROFESSIONAL,2026-02-09,2026-02-12,N39.0,APPROVED,3854.33,2953.32,2636.18,,2026-02-18,2026-07-02T02:00:00Z
CLM000002792,MBR0000694,PRV000081,PROFESSIONAL,2026-03-25,2026-03-28,I10,DENIED,3033.47,2490.64,0.00,CO50,2026-03-26,2026-07-20T22:00:00Z
CLM000002793,MBR0000393,PRV000100,INSTITUTIONAL,2025-04-17,2025-04-20,I10,APPROVED,888.57,595.08,538.32,,2025-05-02,2026-07-09T04:00:00Z
CLM000002794,MBR0000794,PRV000097,PROFESSIONAL,2025-05-07,2025-05-07,J45.909,APPROVED,142.33,129.42,128.71,,2025-05-15,2026-07-08T12:00:00Z
CLM000002795,MBR0000647,PRV000036,INSTITUTIONAL,2025-04-04,2025-04-05,I10,APPROVED,2337.38,1434.29,1325.00,,2025-04-15,2026-07-18T18:00:00Z
CLM000002796,MBR0000017,PRV000031,INSTITUTIONAL,2026-03-15,2026-03-17,I10,DENIED,1492.95,993.50,0.00,CO97,2026-03-18,2026-07-11T21:00:00Z
CLM000002797,MBR0000137,PRV000086,PROFESSIONAL,2025-04-23,2025-04-23,I10,DENIED,2649.27,1472.03,0.00,CO16,2025-05-10,2026-07-10T20:00:00Z
CLM000002798,MBR0000899,PRV000026,PROFESSIONAL,2025-09-13,2025-09-16,J45.909,APPROVED,2235.44,1660.02,1300.76,,2025-09-18,2026-07-04T21:00:00Z
CLM000002799,MBR0000560,PRV000092,PROFESSIONAL,2025-04-06,2025-04-09,M54.50,APPROVED,2934.74,2007.29,1920.37,,2025-04-22,2026-07-02T14:00:00Z
CLM000002800,MBR0000407,PRV000078,PROFESSIONAL,2025-01-29,2025-02-01,Z00.00,DENIED,1017.22,578.07,0.00,CO97,2025-02-10,2026-07-08T22:00:00Z
CLM000002801,MBR0000832,PRV000022,INSTITUTIONAL,2025-05-21,2025-05-22,Z00.00,PENDING,3152.50,1826.55,0.00,,2025-06-08,2026-07-01T11:00:00Z
CLM000002802,MBR0000914,PRV000035,INSTITUTIONAL,2025-04-11,2025-04-11,E11.9,DENIED,6599.80,3759.59,0.00,CO16,2025-04-30,2026-07-20T10:00:00Z
CLM000002803,MBR0000461,PRV000014,PROFESSIONAL,2025-04-29,2025-05-01,Z00.00,APPROVED,4460.63,3616.32,2515.04,,2025-05-10,2026-07-09T02:00:00Z
CLM000002804,MBR0000666,PRV000042,INSTITUTIONAL,2026-03-24,2026-03-26,M54.50,APPROVED,4509.40,2514.08,1912.13,,2026-03-27,2026-07-19T17:00:00Z
CLM000002805,MBR0000849,PRV000079,INSTITUTIONAL,2025-08-24,2025-08-25,M54.50,DENIED,748.10,460.70,0.00,CO97,2025-09-05,2026-07-05T16:00:00Z
CLM000002806,MBR0000669,PRV000017,PROFESSIONAL,2025-01-17,2025-01-20,Z00.00,APPROVED,2964.05,2512.07,2222.14,,2025-01-28,2026-07-08T08:00:00Z
CLM000002807,MBR0000667,PRV000020,PROFESSIONAL,2026-02-26,2026-03-01,N39.0,APPROVED,2211.32,1861.64,1641.61,,2026-03-12,2026-07-13T19:00:00Z
CLM000002808,MBR0000470,PRV000009,INSTITUTIONAL,2026-04-06,2026-04-08,N39.0,APPROVED,2730.53,1789.51,1549.09,,2026-04-18,2026-07-07T12:00:00Z
CLM000002809,MBR0000097,PRV000088,PROFESSIONAL,2025-01-07,2025-01-09,Z00.00,APPROVED,540.44,479.13,390.79,,2025-01-19,2026-07-13T03:00:00Z
CLM000002810,MBR0000699,PRV000046,PROFESSIONAL,2026-04-19,2026-04-22,J45.909,DENIED,1837.98,1709.76,0.00,CO16,2026-04-30,2026-07-18T23:00:00Z
CLM000002811,MBR0000865,PRV000055,INSTITUTIONAL,2025-04-14,2025-04-15,N39.0,APPROVED,4056.14,3238.80,3094.11,,2025-04-22,2026-07-05T10:00:00Z
CLM000002812,MBR0000192,PRV000100,INSTITUTIONAL,2025-11-30,2025-12-02,M54.50,APPROVED,3561.67,2213.55,1817.43,,2025-12-12,2026-07-14T17:00:00Z
CLM000002813,MBR0000863,PRV000081,PROFESSIONAL,2026-04-17,2026-04-20,M54.50,APPROVED,1226.23,795.47,594.61,,2026-04-22,2026-07-04T06:00:00Z
CLM000002814,MBR0000499,PRV000050,PROFESSIONAL,2025-02-04,2025-02-05,N39.0,APPROVED,1558.97,1281.12,960.61,,2025-02-11,2026-07-20T18:00:00Z
CLM000002815,MBR0000265,PRV000081,INSTITUTIONAL,2025-09-24,2025-09-24,J45.909,APPROVED,1449.55,1343.44,1200.65,,2025-10-14,2026-07-15T14:00:00Z
CLM000002816,MBR0000139,PRV000077,INSTITUTIONAL,2025-11-16,2025-11-17,N39.0,APPROVED,5211.86,3377.77,2742.40,,2025-11-27,2026-07-15T05:00:00Z
CLM000002817,MBR0000831,PRV000033,PROFESSIONAL,2025-11-15,2025-11-16,M54.50,APPROVED,4070.96,2573.22,1983.50,,2025-12-04,2026-07-04T16:00:00Z
CLM000002818,MBR0000822,PRV000092,PROFESSIONAL,2026-06-26,2026-06-26,J45.909,APPROVED,4034.11,2517.75,2004.32,,2026-07-04,2026-07-08T12:00:00Z
CLM000002819,MBR0000251,PRV000016,PROFESSIONAL,2026-06-10,2026-06-12,J45.909,APPROVED,3189.75,2940.15,2472.99,,2026-06-26,2026-07-09T17:00:00Z
CLM000002820,MBR0000116,PRV000097,PROFESSIONAL,2025-03-21,2025-03-24,Z00.00,APPROVED,4561.32,3034.09,2902.99,,2025-03-30,2026-07-07T15:00:00Z
CLM000002821,MBR0000340,PRV000070,INSTITUTIONAL,2026-06-22,2026-06-23,E11.9,DENIED,4549.84,3319.32,0.00,CO50,2026-07-07,2026-07-02T11:00:00Z
CLM000002822,MBR0000142,PRV000068,PROFESSIONAL,2026-04-25,2026-04-26,I10,APPROVED,4495.52,2566.06,2419.76,,2026-05-13,2026-07-04T18:00:00Z
CLM000002823,MBR0000281,PRV000075,PROFESSIONAL,2026-05-28,2026-05-29,Z00.00,APPROVED,4211.70,2705.32,2358.35,,2026-06-02,2026-07-08T22:00:00Z
CLM000002824,MBR0000389,PRV000032,PROFESSIONAL,2025-01-16,2025-01-17,I10,DENIED,2886.78,2084.45,0.00,CO50,2025-02-04,2026-07-16T15:00:00Z
CLM000002825,MBR0000462,PRV000057,PROFESSIONAL,2026-05-22,2026-05-24,M54.50,APPROVED,4196.75,2561.76,2148.57,,2026-06-04,2026-07-08T04:00:00Z
CLM000002826,MBR0000458,PRV000025,INSTITUTIONAL,2026-03-16,2026-03-17,N39.0,APPROVED,3634.56,2669.56,1847.96,,2026-03-27,2026-07-04T03:00:00Z
CLM000002827,MBR0000160,PRV000040,INSTITUTIONAL,2026-01-23,2026-01-24,J45.909,APPROVED,463.03,289.26,260.95,,2026-02-12,2026-07-16T07:00:00Z
CLM000002828,MBR0000315,PRV000047,INSTITUTIONAL,2025-04-28,2025-04-28,N39.0,APPROVED,1073.27,813.34,766.06,,2025-05-12,2026-07-01T12:00:00Z
CLM000002829,MBR0000649,PRV000073,INSTITUTIONAL,2025-04-09,2025-04-12,M54.50,APPROVED,632.57,559.62,400.14,,2025-04-19,2026-07-09T13:00:00Z
CLM000002830,MBR0000455,PRV000051,PROFESSIONAL,2025-06-02,2025-06-02,N39.0,APPROVED,2604.36,1809.44,1575.45,,2025-06-12,2026-07-15T21:00:00Z
CLM000002831,MBR0000258,PRV000086,INSTITUTIONAL,2025-03-01,2025-03-04,I10,APPROVED,1851.68,1558.24,1491.96,,2025-03-11,2026-07-15T03:00:00Z
CLM000002832,MBR0000062,PRV000076,PROFESSIONAL,2025-05-15,2025-05-18,J45.909,DENIED,3261.79,2989.08,0.00,CO97,2025-06-03,2026-07-15T10:00:00Z
CLM000002833,MBR0000506,PRV000057,PROFESSIONAL,2025-08-23,2025-08-23,N39.0,APPROVED,5182.85,3410.34,2906.83,,2025-09-05,2026-07-07T22:00:00Z
CLM000002834,MBR0000469,PRV000021,INSTITUTIONAL,2025-03-11,2025-03-11,N39.0,APPROVED,789.12,617.37,520.60,,2025-03-26,2026-07-13T05:00:00Z
CLM000002835,MBR0000900,PRV000096,INSTITUTIONAL,2025-05-10,2025-05-13,E11.9,APPROVED,4382.46,3529.44,2935.22,,2025-05-29,2026-07-19T02:00:00Z
CLM000002836,MBR0000218,PRV000098,INSTITUTIONAL,2025-08-30,2025-09-02,I10,APPROVED,2858.27,1966.25,1307.20,,2025-09-13,2026-07-13T15:00:00Z
CLM000002837,MBR0000309,PRV000080,PROFESSIONAL,2026-04-04,2026-04-07,N39.0,DENIED,1572.20,1219.29,0.00,CO16,2026-04-15,2026-07-08T00:00:00Z
CLM000002838,MBR0000085,PRV000082,PROFESSIONAL,2025-01-18,2025-01-19,I10,APPROVED,3606.53,2245.68,2149.34,,2025-01-24,2026-07-10T23:00:00Z
CLM000002839,MBR0000796,PRV000093,PROFESSIONAL,2025-10-20,2025-10-23,J45.909,APPROVED,4115.11,2298.18,1925.06,,2025-10-29,2026-07-17T05:00:00Z
CLM000002840,MBR0000364,PRV000079,PROFESSIONAL,2025-08-12,2025-08-15,E11.9,APPROVED,3495.37,1959.61,1536.36,,2025-08-15,2026-07-20T06:00:00Z
CLM000002841,MBR0000450,PRV000051,PROFESSIONAL,2026-04-22,2026-04-25,Z00.00,APPROVED,1547.39,903.03,635.22,,2026-05-03,2026-07-08T22:00:00Z
CLM000002842,MBR0000778,PRV000026,PROFESSIONAL,2025-03-29,2025-03-29,J45.909,APPROVED,4354.23,2536.70,2308.71,,2025-04-15,2026-07-05T19:00:00Z
CLM000002843,MBR0000389,PRV000054,INSTITUTIONAL,2026-06-04,2026-06-06,J45.909,DENIED,754.48,522.29,0.00,CO50,2026-06-16,2026-07-04T02:00:00Z
CLM000002844,MBR0000982,PRV000088,INSTITUTIONAL,2026-05-09,2026-05-12,N39.0,APPROVED,2785.54,1690.28,1308.99,,2026-05-13,2026-07-07T13:00:00Z
CLM000002845,MBR0000738,PRV000078,PROFESSIONAL,2025-11-03,2025-11-06,Z00.00,APPROVED,3151.08,1998.94,1961.43,,2025-11-07,2026-07-01T19:00:00Z
CLM000002846,MBR0000043,PRV000004,INSTITUTIONAL,2025-09-27,2025-09-30,N39.0,APPROVED,3553.57,3308.97,2529.12,,2025-10-17,2026-07-07T10:00:00Z
CLM000002847,MBR0000557,PRV000058,PROFESSIONAL,2026-06-18,2026-06-20,I10,APPROVED,4429.01,3634.32,2775.50,,2026-06-30,2026-07-12T21:00:00Z
CLM000002848,MBR0000815,PRV000001,PROFESSIONAL,2026-02-06,2026-02-06,I10,APPROVED,1828.20,1354.30,1313.19,,2026-02-09,2026-07-08T04:00:00Z
CLM000002849,MBR0000509,PRV000084,PROFESSIONAL,2025-11-07,2025-11-07,N39.0,APPROVED,127.70,92.29,76.58,,2025-11-25,2026-07-01T23:00:00Z
CLM000002850,MBR0000305,PRV000029,PROFESSIONAL,2025-03-21,2025-03-22,I10,APPROVED,322.53,200.81,135.70,,2025-04-03,2026-07-03T06:00:00Z
CLM000002851,MBR0000920,PRV000015,INSTITUTIONAL,2025-05-22,2025-05-24,J45.909,PENDING,1528.53,979.62,0.00,,2025-06-06,2026-07-08T13:00:00Z
CLM000002852,MBR0000804,PRV000001,INSTITUTIONAL,2026-01-09,2026-01-10,M54.50,APPROVED,2057.39,1787.14,1740.08,,2026-01-26,2026-07-15T00:00:00Z
CLM000002853,MBR0000798,PRV000024,INSTITUTIONAL,2025-10-31,2025-10-31,Z00.00,DENIED,3985.14,2439.27,0.00,CO97,2025-11-14,2026-07-12T13:00:00Z
CLM000002854,MBR0000216,PRV000005,INSTITUTIONAL,2025-11-15,2025-11-17,I10,APPROVED,1083.65,681.51,630.16,,2025-11-19,2026-07-07T17:00:00Z
CLM000002855,MBR0000750,PRV000022,PROFESSIONAL,2025-07-27,2025-07-27,Z00.00,APPROVED,1994.03,1529.63,1396.89,,2025-08-13,2026-07-16T20:00:00Z
CLM000002856,MBR0000217,PRV000011,PROFESSIONAL,2025-01-23,2025-01-23,J45.909,APPROVED,4864.56,3950.62,3544.55,,2025-02-08,2026-07-10T09:00:00Z
CLM000002857,MBR0000967,PRV000063,INSTITUTIONAL,2025-05-03,2025-05-06,I10,APPROVED,1711.58,979.33,837.66,,2025-05-09,2026-07-11T04:00:00Z
CLM000002858,MBR0000150,PRV000002,INSTITUTIONAL,2025-11-06,2025-11-06,J45.909,APPROVED,4807.98,3889.45,3063.10,,2025-11-16,2026-07-01T03:00:00Z
CLM000002859,MBR0000943,PRV000060,PROFESSIONAL,2026-03-17,2026-03-19,E11.9,APPROVED,3418.99,2079.59,1997.85,,2026-04-04,2026-07-17T11:00:00Z
CLM000002860,MBR0000658,PRV000012,INSTITUTIONAL,2025-05-13,2025-05-13,J45.909,APPROVED,1446.39,1100.78,1042.47,,2025-05-26,2026-07-09T17:00:00Z
CLM000002861,MBR0000809,PRV000030,PROFESSIONAL,2025-06-24,2025-06-27,Z00.00,APPROVED,3621.21,2487.96,2256.10,,2025-06-26,2026-07-14T17:00:00Z
CLM000002862,MBR0000702,PRV000037,INSTITUTIONAL,2025-04-13,2025-04-15,M54.50,PENDING,3529.59,3092.78,0.00,,2025-04-29,2026-07-15T04:00:00Z
CLM000002863,MBR0000288,PRV000089,PROFESSIONAL,2025-08-31,2025-09-02,Z00.00,APPROVED,2767.26,1845.97,1319.84,,2025-09-09,2026-07-13T03:00:00Z
CLM000002864,MBR0000741,PRV000090,PROFESSIONAL,2025-02-14,2025-02-17,E11.9,APPROVED,1468.59,1260.47,847.29,,2025-03-03,2026-07-15T20:00:00Z
CLM000002865,MBR0000055,PRV000098,INSTITUTIONAL,2026-02-02,2026-02-02,E11.9,APPROVED,5079.65,3116.08,2414.67,,2026-02-20,2026-07-04T09:00:00Z
CLM000002866,MBR0000435,PRV000099,PROFESSIONAL,2026-04-07,2026-04-10,N39.0,APPROVED,1206.76,1032.41,954.41,,2026-04-27,2026-07-11T04:00:00Z
CLM000002867,MBR0000380,PRV000075,INSTITUTIONAL,2025-09-06,2025-09-08,J45.909,APPROVED,4109.26,2753.62,2005.88,,2025-09-21,2026-07-04T02:00:00Z
CLM000002868,MBR0000974,PRV000057,PROFESSIONAL,2026-01-25,2026-01-26,M54.50,APPROVED,4584.19,2847.29,2292.05,,2026-01-29,2026-07-08T13:00:00Z
CLM000002869,MBR0000048,PRV000090,PROFESSIONAL,2026-01-01,2026-01-04,J45.909,APPROVED,5771.40,3792.30,3725.18,,2026-01-20,2026-07-11T22:00:00Z
CLM000002870,MBR0000677,PRV000088,PROFESSIONAL,2026-04-06,2026-04-08,J45.909,APPROVED,1964.73,1111.17,858.96,,2026-04-17,2026-07-04T08:00:00Z
CLM000002871,MBR0000358,PRV000009,INSTITUTIONAL,2026-04-30,2026-05-01,N39.0,APPROVED,1451.13,809.44,547.35,,2026-05-07,2026-07-10T18:00:00Z
CLM000002872,MBR0000615,PRV000062,PROFESSIONAL,2025-05-21,2025-05-24,N39.0,APPROVED,1299.41,1197.72,1196.86,,2025-05-26,2026-07-10T05:00:00Z
CLM000002873,MBR0000766,PRV000011,INSTITUTIONAL,2026-03-15,2026-03-18,E11.9,APPROVED,2813.82,1856.17,1312.15,,2026-03-19,2026-07-06T15:00:00Z
CLM000002874,MBR0000094,PRV000045,INSTITUTIONAL,2026-01-07,2026-01-07,M54.50,APPROVED,908.92,508.26,438.51,,2026-01-21,2026-07-06T11:00:00Z
CLM000002875,MBR0000385,PRV000074,PROFESSIONAL,2025-05-30,2025-06-01,I10,APPROVED,88.16,65.81,64.21,,2025-06-15,2026-07-10T19:00:00Z
CLM000002876,MBR0000421,PRV000030,PROFESSIONAL,2025-07-06,2025-07-06,E11.9,APPROVED,4856.84,3091.41,2136.27,,2025-07-22,2026-07-02T13:00:00Z
CLM000002877,MBR0000073,PRV000066,INSTITUTIONAL,2025-07-23,2025-07-23,M54.50,APPROVED,3576.32,2877.09,2336.16,,2025-07-24,2026-07-20T06:00:00Z
CLM000002878,MBR0000986,PRV000002,INSTITUTIONAL,2025-06-03,2025-06-05,I10,APPROVED,3468.68,2362.12,1553.71,,2025-06-10,2026-07-12T15:00:00Z
CLM000002879,MBR0000953,PRV000070,INSTITUTIONAL,2026-02-18,2026-02-20,I10,APPROVED,1740.51,1294.74,1167.29,,2026-03-05,2026-07-07T07:00:00Z
CLM000002880,MBR0000323,PRV000077,PROFESSIONAL,2025-07-05,2025-07-07,Z00.00,APPROVED,213.31,155.50,107.85,,2025-07-20,2026-07-04T21:00:00Z
CLM000002881,MBR0000637,PRV000014,PROFESSIONAL,2026-03-03,2026-03-06,Z00.00,APPROVED,1505.70,1147.84,987.83,,2026-03-04,2026-07-19T16:00:00Z
CLM000002882,MBR0000700,PRV000027,INSTITUTIONAL,2026-01-12,2026-01-15,I10,APPROVED,1073.76,767.62,622.09,,2026-01-14,2026-07-11T19:00:00Z
CLM000002883,MBR0000499,PRV000094,PROFESSIONAL,2025-03-11,2025-03-11,Z00.00,APPROVED,3355.06,2207.48,1799.19,,2025-03-28,2026-07-07T19:00:00Z
CLM000002884,MBR0000450,PRV000040,PROFESSIONAL,2025-02-02,2025-02-05,M54.50,APPROVED,6376.63,3770.50,3481.72,,2025-02-03,2026-07-14T23:00:00Z
CLM000002885,MBR0000897,PRV000072,PROFESSIONAL,2026-06-28,2026-06-30,E11.9,DENIED,417.06,394.27,0.00,CO50,2026-07-16,2026-07-07T11:00:00Z
CLM000002886,MBR0000400,PRV000004,INSTITUTIONAL,2026-03-22,2026-03-25,N39.0,APPROVED,4591.41,3106.42,2234.70,,2026-03-26,2026-07-13T19:00:00Z
CLM000002887,MBR0000759,PRV000088,INSTITUTIONAL,2026-06-23,2026-06-23,N39.0,DENIED,511.38,317.73,0.00,CO97,2026-07-03,2026-07-08T22:00:00Z
CLM000002888,MBR0000320,PRV000084,PROFESSIONAL,2025-12-25,2025-12-28,Z00.00,APPROVED,1678.25,1290.61,872.98,,2026-01-13,2026-07-08T23:00:00Z
CLM000002889,MBR0000469,PRV000029,INSTITUTIONAL,2025-07-21,2025-07-24,E11.9,APPROVED,3689.93,2404.37,1717.15,,2025-07-31,2026-07-10T02:00:00Z
CLM000002890,MBR0000923,PRV000057,PROFESSIONAL,2025-11-29,2025-12-02,E11.9,APPROVED,3490.06,2394.27,1965.48,,2025-12-11,2026-07-02T04:00:00Z
CLM000002891,MBR0000617,PRV000016,INSTITUTIONAL,2025-03-11,2025-03-11,I10,DENIED,5379.34,3907.89,0.00,CO50,2025-03-31,2026-07-18T16:00:00Z
CLM000002892,MBR0000480,PRV000037,PROFESSIONAL,2026-03-27,2026-03-29,I10,APPROVED,786.53,531.14,446.79,,2026-04-14,2026-07-10T09:00:00Z
CLM000002893,MBR0000157,PRV000042,PROFESSIONAL,2025-03-13,2025-03-14,E11.9,APPROVED,1470.97,832.28,602.68,,2025-03-28,2026-07-08T20:00:00Z
CLM000002894,MBR0000285,PRV000088,INSTITUTIONAL,2025-03-16,2025-03-16,Z00.00,APPROVED,3772.73,2192.97,1472.09,,2025-03-24,2026-07-07T15:00:00Z
CLM000002895,MBR0000267,PRV000069,PROFESSIONAL,2026-03-15,2026-03-15,M54.50,APPROVED,3982.98,2275.17,1642.59,,2026-03-18,2026-07-12T05:00:00Z
CLM000002896,MBR0000882,PRV000052,PROFESSIONAL,2025-12-25,2025-12-28,M54.50,APPROVED,780.30,600.33,582.90,,2025-12-28,2026-07-15T21:00:00Z
CLM000002897,MBR0000476,PRV000093,INSTITUTIONAL,2026-06-11,2026-06-13,I10,APPROVED,2393.05,1703.93,1321.54,,2026-06-30,2026-07-18T07:00:00Z
CLM000002898,MBR0000113,PRV000056,PROFESSIONAL,2026-01-22,2026-01-25,Z00.00,APPROVED,4827.94,2748.09,2044.63,,2026-01-25,2026-07-07T15:00:00Z
CLM000002899,MBR0000326,PRV000092,INSTITUTIONAL,2026-05-16,2026-05-18,I10,APPROVED,4727.38,3210.69,3173.92,,2026-06-05,2026-07-04T18:00:00Z
CLM000002900,MBR0000138,PRV000008,INSTITUTIONAL,2025-08-11,2025-08-14,E11.9,APPROVED,4443.96,3204.21,2637.49,,2025-08-23,2026-07-02T19:00:00Z
CLM000002901,MBR0000014,PRV000042,INSTITUTIONAL,2025-11-23,2025-11-25,I10,PENDING,4623.97,3152.49,0.00,,2025-11-30,2026-07-09T18:00:00Z
CLM000002902,MBR0000122,PRV000068,PROFESSIONAL,2025-05-04,2025-05-05,J45.909,APPROVED,1200.25,729.71,677.18,,2025-05-15,2026-07-03T07:00:00Z
CLM000002903,MBR0000659,PRV000079,INSTITUTIONAL,2025-02-05,2025-02-07,M54.50,APPROVED,3619.79,3065.23,2014.30,,2025-02-17,2026-07-12T10:00:00Z
CLM000002904,MBR0000903,PRV000046,PROFESSIONAL,2025-02-19,2025-02-19,J45.909,APPROVED,1873.58,1450.07,1386.30,,2025-03-10,2026-07-02T13:00:00Z
CLM000002905,MBR0000951,PRV000085,INSTITUTIONAL,2026-03-12,2026-03-12,E11.9,DENIED,4785.61,3471.02,0.00,CO97,2026-03-30,2026-07-20T00:00:00Z
CLM000002906,MBR0000922,PRV000060,INSTITUTIONAL,2025-03-15,2025-03-16,J45.909,APPROVED,5221.56,3447.59,2379.92,,2025-03-21,2026-07-09T23:00:00Z
CLM000002907,MBR0000813,PRV000048,INSTITUTIONAL,2025-10-27,2025-10-27,J45.909,APPROVED,2884.18,2507.95,2061.27,,2025-11-13,2026-07-01T15:00:00Z
CLM000002908,MBR0000135,PRV000098,INSTITUTIONAL,2026-03-11,2026-03-11,M54.50,APPROVED,4541.00,3045.15,2944.17,,2026-03-30,2026-07-11T07:00:00Z
CLM000002909,MBR0000276,PRV000077,PROFESSIONAL,2026-05-09,2026-05-10,Z00.00,APPROVED,3149.05,2632.22,1925.27,,2026-05-22,2026-07-02T11:00:00Z
CLM000002910,MBR0000180,PRV000031,PROFESSIONAL,2025-02-01,2025-02-01,E11.9,APPROVED,5368.19,3396.00,2365.03,,2025-02-04,2026-07-17T01:00:00Z
CLM000002911,MBR0000750,PRV000046,INSTITUTIONAL,2025-09-02,2025-09-03,I10,APPROVED,3613.51,3035.17,2050.14,,2025-09-21,2026-07-03T22:00:00Z
CLM000002912,MBR0000985,PRV000015,INSTITUTIONAL,2025-03-20,2025-03-23,M54.50,APPROVED,2719.84,2381.31,1980.21,,2025-03-23,2026-07-15T15:00:00Z
CLM000002913,MBR0000992,PRV000077,PROFESSIONAL,2025-12-24,2025-12-24,E11.9,APPROVED,2131.20,1203.79,873.33,,2026-01-13,2026-07-12T11:00:00Z
CLM000002914,MBR0000111,PRV000006,INSTITUTIONAL,2025-10-02,2025-10-02,N39.0,APPROVED,2183.13,1751.10,1225.92,,2025-10-16,2026-07-09T10:00:00Z
CLM000002915,MBR0000262,PRV000058,PROFESSIONAL,2025-12-23,2025-12-26,E11.9,APPROVED,3991.03,2310.93,2125.56,,2025-12-25,2026-07-20T11:00:00Z
CLM000002916,MBR0000356,PRV000090,INSTITUTIONAL,2026-04-05,2026-04-07,I10,DENIED,454.80,389.38,0.00,CO16,2026-04-23,2026-07-11T16:00:00Z
CLM000002917,MBR0000027,PRV000026,PROFESSIONAL,2025-09-05,2025-09-05,J45.909,APPROVED,6157.34,3686.99,2967.53,,2025-09-17,2026-07-10T07:00:00Z
CLM000002918,MBR0000607,PRV000062,INSTITUTIONAL,2025-04-14,2025-04-16,E11.9,APPROVED,1783.45,1194.50,988.98,,2025-04-27,2026-07-03T15:00:00Z
CLM000002919,MBR0000125,PRV000006,PROFESSIONAL,2026-02-09,2026-02-12,E11.9,APPROVED,2638.66,2069.50,1422.03,,2026-02-19,2026-07-16T17:00:00Z
CLM000002920,MBR0000082,PRV000054,PROFESSIONAL,2025-11-10,2025-11-10,M54.50,APPROVED,5446.27,3865.27,3295.54,,2025-11-29,2026-07-13T21:00:00Z
CLM000002921,MBR0000697,PRV000096,INSTITUTIONAL,2025-01-10,2025-01-12,N39.0,APPROVED,2516.87,2184.54,1902.84,,2025-01-21,2026-07-02T08:00:00Z
CLM000002922,MBR0000914,PRV000054,PROFESSIONAL,2025-04-25,2025-04-27,J45.909,APPROVED,4473.03,3794.04,3756.82,,2025-05-04,2026-07-03T22:00:00Z
CLM000002923,MBR0000868,PRV000051,INSTITUTIONAL,2025-11-23,2025-11-26,N39.0,PENDING,1917.67,1224.46,0.00,,2025-12-09,2026-07-16T02:00:00Z
CLM000002924,MBR0000940,PRV000090,INSTITUTIONAL,2025-11-01,2025-11-02,Z00.00,APPROVED,2119.48,1242.31,886.98,,2025-11-17,2026-07-01T00:00:00Z
CLM000002925,MBR0000519,PRV000024,INSTITUTIONAL,2026-03-22,2026-03-25,J45.909,APPROVED,353.04,302.72,271.90,,2026-03-26,2026-07-12T20:00:00Z
CLM000002926,MBR0000924,PRV000091,PROFESSIONAL,2025-12-24,2025-12-27,Z00.00,APPROVED,5889.61,3907.38,2669.94,,2025-12-29,2026-07-20T22:00:00Z
CLM000002927,MBR0000383,PRV000077,INSTITUTIONAL,2025-04-13,2025-04-16,E11.9,APPROVED,1355.47,976.71,966.58,,2025-05-02,2026-07-03T12:00:00Z
CLM000002928,MBR0000875,PRV000082,INSTITUTIONAL,2026-06-24,2026-06-27,J45.909,APPROVED,1716.18,1193.11,832.78,,2026-07-13,2026-07-19T06:00:00Z
CLM000002929,MBR0000520,PRV000035,INSTITUTIONAL,2025-09-27,2025-09-30,I10,APPROVED,184.92,131.93,98.23,,2025-10-12,2026-07-05T16:00:00Z
CLM000002930,MBR0000292,PRV000049,INSTITUTIONAL,2025-10-11,2025-10-12,M54.50,APPROVED,286.27,252.79,212.25,,2025-10-28,2026-07-11T14:00:00Z
CLM000002931,MBR0000646,PRV000072,PROFESSIONAL,2025-08-08,2025-08-08,N39.0,APPROVED,758.94,573.43,556.46,,2025-08-18,2026-07-14T07:00:00Z
CLM000002932,MBR0000930,PRV000006,PROFESSIONAL,2026-03-19,2026-03-21,I10,APPROVED,3274.47,1891.76,1478.22,,2026-04-03,2026-07-02T21:00:00Z
CLM000002933,MBR0000656,PRV000028,PROFESSIONAL,2025-05-09,2025-05-11,J45.909,APPROVED,1647.20,1036.92,812.28,,2025-05-15,2026-07-03T18:00:00Z
CLM000002934,MBR0000830,PRV000008,INSTITUTIONAL,2025-01-27,2025-01-28,J45.909,APPROVED,6718.41,3889.86,3531.38,,2025-02-10,2026-07-02T00:00:00Z
CLM000002935,MBR0000814,PRV000044,INSTITUTIONAL,2025-11-06,2025-11-08,M54.50,APPROVED,1491.04,1021.33,843.97,,2025-11-07,2026-07-05T05:00:00Z
CLM000002936,MBR0000745,PRV000064,PROFESSIONAL,2025-06-13,2025-06-16,J45.909,APPROVED,3168.73,2765.64,2345.10,,2025-06-20,2026-07-08T09:00:00Z
CLM000002937,MBR0000384,PRV000062,PROFESSIONAL,2025-07-01,2025-07-02,Z00.00,APPROVED,1181.27,947.16,742.54,,2025-07-19,2026-07-20T07:00:00Z
CLM000002938,MBR0000514,PRV000036,PROFESSIONAL,2025-01-10,2025-01-12,E11.9,APPROVED,539.23,456.65,321.06,,2025-01-21,2026-07-16T09:00:00Z
CLM000002939,MBR0000339,PRV000045,PROFESSIONAL,2025-09-25,2025-09-28,E11.9,APPROVED,791.17,724.95,471.80,,2025-10-11,2026-07-18T18:00:00Z
CLM000002940,MBR0000794,PRV000056,PROFESSIONAL,2025-07-18,2025-07-18,I10,APPROVED,4667.79,3923.21,3520.14,,2025-07-23,2026-07-06T08:00:00Z
CLM000002941,MBR0000316,PRV000027,PROFESSIONAL,2026-04-25,2026-04-25,Z00.00,APPROVED,771.52,609.20,500.14,,2026-05-05,2026-07-08T14:00:00Z
CLM000002942,MBR0000041,PRV000048,PROFESSIONAL,2026-04-10,2026-04-11,Z00.00,APPROVED,4735.13,3559.63,2749.10,,2026-04-16,2026-07-15T18:00:00Z
CLM000002943,MBR0000141,PRV000077,PROFESSIONAL,2025-05-01,2025-05-04,J45.909,APPROVED,4999.75,3903.59,3489.47,,2025-05-04,2026-07-10T09:00:00Z
CLM000002944,MBR0000051,PRV000019,INSTITUTIONAL,2025-11-20,2025-11-23,J45.909,PENDING,4697.78,2700.20,0.00,,2025-12-07,2026-07-16T18:00:00Z
CLM000002945,MBR0000479,PRV000007,INSTITUTIONAL,2025-11-29,2025-12-02,Z00.00,APPROVED,5048.62,2824.36,2563.85,,2025-11-30,2026-07-18T15:00:00Z
CLM000002946,MBR0000190,PRV000004,PROFESSIONAL,2026-02-16,2026-02-16,E11.9,DENIED,316.79,248.12,0.00,CO16,2026-02-20,2026-07-09T13:00:00Z
CLM000002947,MBR0000712,PRV000087,PROFESSIONAL,2026-02-13,2026-02-13,J45.909,APPROVED,3361.13,2988.75,2452.80,,2026-02-26,2026-07-06T17:00:00Z
CLM000002948,MBR0000234,PRV000079,PROFESSIONAL,2025-03-08,2025-03-08,M54.50,APPROVED,4567.94,3025.48,2103.58,,2025-03-17,2026-07-08T16:00:00Z
CLM000002949,MBR0000071,PRV000086,PROFESSIONAL,2025-04-30,2025-05-02,E11.9,APPROVED,4707.34,3130.02,3104.81,,2025-05-12,2026-07-16T23:00:00Z
CLM000002950,MBR0000228,PRV000013,PROFESSIONAL,2025-10-08,2025-10-09,I10,APPROVED,3125.14,2358.11,2271.14,,2025-10-28,2026-07-13T07:00:00Z
CLM000002951,MBR0000097,PRV000054,INSTITUTIONAL,2025-08-09,2025-08-10,E11.9,APPROVED,5209.21,3572.54,3164.89,,2025-08-14,2026-07-09T00:00:00Z
CLM000002952,MBR0000295,PRV000002,INSTITUTIONAL,2025-04-15,2025-04-18,M54.50,DENIED,3775.54,2850.83,0.00,CO16,2025-05-01,2026-07-05T15:00:00Z
CLM000002953,MBR0000265,PRV000014,INSTITUTIONAL,2025-10-07,2025-10-07,I10,APPROVED,4129.19,2365.03,1597.16,,2025-10-13,2026-07-09T00:00:00Z
CLM000002954,MBR0000024,PRV000076,INSTITUTIONAL,2026-05-16,2026-05-18,E11.9,APPROVED,2689.46,1543.41,1299.99,,2026-05-30,2026-07-10T09:00:00Z
CLM000002955,MBR0000539,PRV000065,PROFESSIONAL,2025-12-05,2025-12-07,J45.909,APPROVED,4886.68,3762.56,3744.35,,2025-12-07,2026-07-16T09:00:00Z
CLM000002956,MBR0000612,PRV000007,INSTITUTIONAL,2025-11-13,2025-11-15,J45.909,APPROVED,4323.53,3757.11,3534.89,,2025-11-18,2026-07-04T12:00:00Z
CLM000002957,MBR0000486,PRV000017,INSTITUTIONAL,2026-02-19,2026-02-20,N39.0,APPROVED,4365.72,3229.07,2918.00,,2026-03-03,2026-07-15T18:00:00Z
CLM000002958,MBR0000184,PRV000034,INSTITUTIONAL,2025-06-15,2025-06-15,N39.0,APPROVED,2167.92,1983.88,1685.36,,2025-06-16,2026-07-08T05:00:00Z
CLM000002959,MBR0000738,PRV000047,PROFESSIONAL,2025-03-24,2025-03-25,M54.50,APPROVED,1631.51,952.32,667.50,,2025-03-27,2026-07-15T11:00:00Z
CLM000002960,MBR0000429,PRV000011,INSTITUTIONAL,2025-01-17,2025-01-18,M54.50,APPROVED,1598.96,1115.61,996.66,,2025-02-02,2026-07-07T00:00:00Z
CLM000002961,MBR0000404,PRV000061,PROFESSIONAL,2025-11-03,2025-11-03,I10,APPROVED,1384.19,859.35,776.45,,2025-11-05,2026-07-04T16:00:00Z
CLM000002962,MBR0000296,PRV000082,PROFESSIONAL,2025-02-26,2025-02-28,N39.0,APPROVED,4435.42,3202.35,2177.81,,2025-03-12,2026-07-12T02:00:00Z
CLM000002963,MBR0000778,PRV000032,INSTITUTIONAL,2025-01-23,2025-01-25,E11.9,APPROVED,2529.27,1660.66,1434.11,,2025-01-31,2026-07-02T06:00:00Z
CLM000002964,MBR0000612,PRV000058,INSTITUTIONAL,2025-12-27,2025-12-30,E11.9,DENIED,93.37,88.73,0.00,CO50,2026-01-06,2026-07-05T00:00:00Z
CLM000002965,MBR0000044,PRV000050,PROFESSIONAL,2026-06-08,2026-06-08,I10,APPROVED,4319.20,3749.89,2549.53,,2026-06-15,2026-07-06T07:00:00Z
CLM000002966,MBR0000039,PRV000018,PROFESSIONAL,2025-05-27,2025-05-27,M54.50,APPROVED,2340.66,1925.89,1319.13,,2025-06-13,2026-07-06T08:00:00Z
CLM000002967,MBR0000586,PRV000055,INSTITUTIONAL,2026-05-11,2026-05-12,Z00.00,APPROVED,4091.52,2407.26,2152.65,,2026-05-12,2026-07-12T03:00:00Z
CLM000002968,MBR0000677,PRV000009,PROFESSIONAL,2025-06-22,2025-06-23,Z00.00,APPROVED,3162.65,2589.54,2456.04,,2025-07-04,2026-07-08T08:00:00Z
CLM000002969,MBR0000746,PRV000088,INSTITUTIONAL,2026-06-16,2026-06-16,N39.0,APPROVED,326.36,253.92,188.42,,2026-07-01,2026-07-19T18:00:00Z
CLM000002970,MBR0000942,PRV000076,INSTITUTIONAL,2025-04-13,2025-04-13,E11.9,APPROVED,999.05,840.55,737.62,,2025-04-27,2026-07-13T18:00:00Z
CLM000002971,MBR0000760,PRV000072,PROFESSIONAL,2025-12-30,2025-12-31,J45.909,APPROVED,4455.38,3368.57,2796.16,,2026-01-05,2026-07-13T12:00:00Z
CLM000002972,MBR0000404,PRV000055,PROFESSIONAL,2026-06-11,2026-06-14,J45.909,APPROVED,1197.10,710.96,562.23,,2026-06-15,2026-07-06T08:00:00Z
CLM000002973,MBR0000681,PRV000087,INSTITUTIONAL,2025-02-16,2025-02-19,Z00.00,DENIED,601.99,496.52,0.00,CO50,2025-02-26,2026-07-01T08:00:00Z
CLM000002974,MBR0000544,PRV000054,PROFESSIONAL,2025-12-19,2025-12-19,I10,APPROVED,1702.11,1483.85,1103.72,,2026-01-08,2026-07-10T03:00:00Z
CLM000002975,MBR0000067,PRV000097,PROFESSIONAL,2025-05-10,2025-05-11,I10,APPROVED,4352.58,3465.26,3354.97,,2025-05-27,2026-07-10T20:00:00Z
CLM000002976,MBR0000144,PRV000032,INSTITUTIONAL,2026-02-01,2026-02-03,E11.9,APPROVED,1515.59,1312.02,1086.95,,2026-02-05,2026-07-07T06:00:00Z
CLM000002977,MBR0000577,PRV000014,INSTITUTIONAL,2025-05-06,2025-05-07,N39.0,APPROVED,4600.75,3208.43,2127.95,,2025-05-17,2026-07-03T04:00:00Z
CLM000002978,MBR0000030,PRV000085,INSTITUTIONAL,2025-08-31,2025-09-03,I10,APPROVED,6643.82,3756.42,2857.15,,2025-09-04,2026-07-18T17:00:00Z
CLM000002979,MBR0000046,PRV000073,PROFESSIONAL,2025-08-12,2025-08-13,N39.0,APPROVED,4976.99,3983.62,3501.20,,2025-08-20,2026-07-07T23:00:00Z
CLM000002980,MBR0000766,PRV000012,INSTITUTIONAL,2026-01-01,2026-01-04,J45.909,APPROVED,3096.79,1917.05,1801.25,,2026-01-19,2026-07-12T20:00:00Z
CLM000002981,MBR0000098,PRV000014,PROFESSIONAL,2025-12-04,2025-12-07,E11.9,APPROVED,2804.58,1710.35,1680.64,,2025-12-15,2026-07-11T09:00:00Z
CLM000002982,MBR0000996,PRV000040,PROFESSIONAL,2025-08-12,2025-08-13,J45.909,APPROVED,211.56,129.86,94.62,,2025-08-15,2026-07-09T22:00:00Z
CLM000002983,MBR0000316,PRV000094,INSTITUTIONAL,2026-01-07,2026-01-07,N39.0,APPROVED,4330.87,2688.76,2034.76,,2026-01-11,2026-07-02T20:00:00Z
CLM000002984,MBR0000860,PRV000071,INSTITUTIONAL,2026-01-19,2026-01-21,J45.909,APPROVED,1780.38,1193.36,832.53,,2026-01-24,2026-07-05T01:00:00Z
CLM000002985,MBR0000470,PRV000064,INSTITUTIONAL,2025-04-13,2025-04-16,I10,APPROVED,4105.81,2975.99,1984.01,,2025-04-24,2026-07-12T11:00:00Z
CLM000002986,MBR0000841,PRV000030,PROFESSIONAL,2025-05-19,2025-05-22,N39.0,DENIED,1049.55,705.04,0.00,CO97,2025-06-03,2026-07-11T19:00:00Z
CLM000002987,MBR0000080,PRV000100,INSTITUTIONAL,2025-07-31,2025-07-31,I10,APPROVED,3553.51,2102.15,2001.25,,2025-08-19,2026-07-09T15:00:00Z
CLM000002988,MBR0000973,PRV000028,INSTITUTIONAL,2025-05-09,2025-05-09,M54.50,APPROVED,1821.33,1230.60,877.87,,2025-05-24,2026-07-05T23:00:00Z
CLM000002989,MBR0000017,PRV000029,INSTITUTIONAL,2025-02-28,2025-02-28,J45.909,APPROVED,1711.39,1293.27,1252.20,,2025-03-02,2026-07-09T15:00:00Z
CLM000002990,MBR0000260,PRV000020,PROFESSIONAL,2025-05-03,2025-05-05,J45.909,APPROVED,1992.46,1419.55,1229.96,,2025-05-19,2026-07-15T08:00:00Z
CLM000002991,MBR0000018,PRV000072,INSTITUTIONAL,2026-06-18,2026-06-19,J45.909,DENIED,1673.38,1052.36,0.00,CO16,2026-06-19,2026-07-02T13:00:00Z
CLM000002992,MBR0000829,PRV000090,INSTITUTIONAL,2025-03-18,2025-03-20,N39.0,APPROVED,2986.90,2563.02,1988.58,,2025-03-21,2026-07-05T17:00:00Z
CLM000002993,MBR0000773,PRV000071,PROFESSIONAL,2026-05-05,2026-05-08,J45.909,APPROVED,2465.21,2181.37,1957.40,,2026-05-11,2026-07-14T00:00:00Z
CLM000002994,MBR0000844,PRV000067,INSTITUTIONAL,2025-10-10,2025-10-13,Z00.00,APPROVED,644.80,561.97,394.88,,2025-10-11,2026-07-06T17:00:00Z
CLM000002995,MBR0000064,PRV000030,PROFESSIONAL,2026-06-22,2026-06-25,E11.9,APPROVED,1101.47,733.44,565.07,,2026-07-02,2026-07-14T14:00:00Z
CLM000002996,MBR0000072,PRV000097,INSTITUTIONAL,2026-04-12,2026-04-12,J45.909,PENDING,1191.67,865.35,0.00,,2026-04-24,2026-07-10T14:00:00Z
CLM000002997,MBR0000899,PRV000050,PROFESSIONAL,2025-02-19,2025-02-22,M54.50,APPROVED,1453.97,883.16,784.03,,2025-03-07,2026-07-09T06:00:00Z
CLM000002998,MBR0000372,PRV000016,PROFESSIONAL,2025-09-04,2025-09-04,Z00.00,APPROVED,1693.38,1427.69,1182.00,,2025-09-23,2026-07-19T00:00:00Z
CLM000002999,MBR0000973,PRV000035,PROFESSIONAL,2025-10-20,2025-10-23,N39.0,DENIED,1315.72,1252.29,0.00,CO97,2025-11-05,2026-07-03T17:00:00Z
CLM000003000,MBR0000259,PRV000052,INSTITUTIONAL,2025-09-12,2025-09-14,I10,DENIED,2937.23,2528.55,0.00,CO50,2025-09-28,2026-07-19T23:00:00Z
CLM000003001,MBR0000173,PRV000012,PROFESSIONAL,2025-11-21,2025-11-24,N39.0,APPROVED,4143.90,2886.87,2729.25,,2025-11-27,2026-07-05T12:00:00Z
CLM000003002,MBR0000834,PRV000042,PROFESSIONAL,2025-05-29,2025-05-31,J45.909,APPROVED,1037.77,590.15,495.78,,2025-06-05,2026-07-03T17:00:00Z
CLM000003003,MBR0000834,PRV000056,INSTITUTIONAL,2025-01-07,2025-01-10,E11.9,DENIED,301.93,276.12,0.00,CO97,2025-01-21,2026-07-20T12:00:00Z
CLM000003004,MBR0000782,PRV000005,PROFESSIONAL,2025-03-05,2025-03-05,N39.0,DENIED,3297.54,1838.58,0.00,CO50,2025-03-15,2026-07-08T10:00:00Z
CLM000003005,MBR0000736,PRV000070,INSTITUTIONAL,2026-05-18,2026-05-18,N39.0,APPROVED,2707.83,1790.20,1396.42,,2026-06-04,2026-07-19T21:00:00Z
CLM000003006,MBR0000340,PRV000084,PROFESSIONAL,2026-05-08,2026-05-10,E11.9,APPROVED,528.93,308.80,237.20,,2026-05-28,2026-07-01T20:00:00Z
CLM000003007,MBR0000983,PRV000085,PROFESSIONAL,2025-03-12,2025-03-15,J45.909,APPROVED,196.16,126.21,99.51,,2025-03-22,2026-07-13T04:00:00Z
CLM000003008,MBR0000578,PRV000071,INSTITUTIONAL,2025-10-25,2025-10-26,E11.9,APPROVED,4172.89,3772.21,2737.94,,2025-11-11,2026-07-09T18:00:00Z
CLM000003009,MBR0000293,PRV000023,PROFESSIONAL,2025-03-20,2025-03-20,E11.9,APPROVED,1495.30,1307.44,1052.16,,2025-04-02,2026-07-13T00:00:00Z
CLM000003010,MBR0000526,PRV000085,PROFESSIONAL,2025-06-20,2025-06-21,Z00.00,DENIED,2788.26,1630.11,0.00,CO50,2025-07-08,2026-07-04T01:00:00Z
CLM000003011,MBR0000194,PRV000015,INSTITUTIONAL,2025-02-28,2025-02-28,E11.9,APPROVED,1678.40,1270.72,867.33,,2025-03-16,2026-07-19T02:00:00Z
CLM000003012,MBR0000910,PRV000031,INSTITUTIONAL,2025-06-04,2025-06-05,Z00.00,APPROVED,3823.41,2693.38,2242.79,,2025-06-11,2026-07-03T02:00:00Z
CLM000003013,MBR0000097,PRV000034,PROFESSIONAL,2025-07-07,2025-07-09,J45.909,DENIED,2209.75,1273.67,0.00,CO16,2025-07-13,2026-07-03T04:00:00Z
CLM000003014,MBR0000625,PRV000024,PROFESSIONAL,2026-01-03,2026-01-03,J45.909,APPROVED,447.17,280.73,277.96,,2026-01-04,2026-07-18T18:00:00Z
CLM000003015,MBR0000103,PRV000095,PROFESSIONAL,2026-05-17,2026-05-19,N39.0,APPROVED,2273.89,1880.34,1263.64,,2026-05-31,2026-07-16T18:00:00Z
CLM000003016,MBR0000420,PRV000026,PROFESSIONAL,2025-02-15,2025-02-17,E11.9,APPROVED,2736.37,2242.47,1865.97,,2025-02-16,2026-07-01T12:00:00Z
CLM000003017,MBR0000822,PRV000020,PROFESSIONAL,2025-11-09,2025-11-11,M54.50,APPROVED,4584.68,3066.23,2576.05,,2025-11-24,2026-07-14T09:00:00Z
CLM000003018,MBR0000649,PRV000040,PROFESSIONAL,2025-03-16,2025-03-17,I10,APPROVED,2392.22,1524.49,1394.36,,2025-03-27,2026-07-01T03:00:00Z
CLM000003019,MBR0000630,PRV000031,PROFESSIONAL,2025-09-17,2025-09-18,E11.9,PENDING,790.14,464.97,0.00,,2025-09-20,2026-07-12T02:00:00Z
CLM000003020,MBR0000822,PRV000048,INSTITUTIONAL,2025-11-11,2025-11-11,E11.9,DENIED,2042.13,1397.41,0.00,CO16,2025-11-21,2026-07-12T04:00:00Z
CLM000003021,MBR0000258,PRV000077,INSTITUTIONAL,2025-07-25,2025-07-28,M54.50,APPROVED,1252.56,729.19,712.03,,2025-08-13,2026-07-04T12:00:00Z
CLM000003022,MBR0000572,PRV000060,INSTITUTIONAL,2026-06-03,2026-06-03,M54.50,APPROVED,3707.12,3005.11,2085.87,,2026-06-14,2026-07-10T03:00:00Z
CLM000003023,MBR0000593,PRV000066,PROFESSIONAL,2026-04-27,2026-04-29,N39.0,APPROVED,2702.77,2239.50,1772.09,,2026-05-04,2026-07-11T00:00:00Z
CLM000003024,MBR0000935,PRV000004,PROFESSIONAL,2025-07-18,2025-07-19,N39.0,APPROVED,1906.80,1736.22,1331.20,,2025-08-02,2026-07-09T12:00:00Z
CLM000003025,MBR0000637,PRV000057,PROFESSIONAL,2025-05-03,2025-05-03,I10,APPROVED,4883.91,3181.14,2631.60,,2025-05-21,2026-07-16T22:00:00Z
CLM000003026,MBR0000537,PRV000035,INSTITUTIONAL,2026-02-06,2026-02-07,E11.9,APPROVED,1075.81,773.66,676.35,,2026-02-16,2026-07-17T12:00:00Z
CLM000003027,MBR0000852,PRV000089,PROFESSIONAL,2025-05-29,2025-06-01,I10,APPROVED,4703.33,3989.33,3442.00,,2025-06-15,2026-07-12T11:00:00Z
CLM000003028,MBR0000427,PRV000012,PROFESSIONAL,2026-02-22,2026-02-25,J45.909,APPROVED,2509.97,1781.89,1674.36,,2026-03-11,2026-07-06T22:00:00Z
CLM000003029,MBR0000824,PRV000073,INSTITUTIONAL,2025-01-09,2025-01-09,Z00.00,APPROVED,2120.69,1608.83,1132.73,,2025-01-13,2026-07-12T15:00:00Z
CLM000003030,MBR0000580,PRV000018,INSTITUTIONAL,2025-06-27,2025-06-27,J45.909,APPROVED,2699.32,1965.76,1517.20,,2025-07-09,2026-07-20T18:00:00Z
CLM000003031,MBR0000255,PRV000006,INSTITUTIONAL,2025-07-31,2025-08-02,Z00.00,APPROVED,3225.89,2673.68,2094.04,,2025-08-08,2026-07-17T17:00:00Z
CLM000003032,MBR0000526,PRV000085,INSTITUTIONAL,2025-04-20,2025-04-23,E11.9,APPROVED,4208.22,2512.90,2219.61,,2025-05-05,2026-07-12T23:00:00Z
CLM000003033,MBR0000949,PRV000061,PROFESSIONAL,2025-10-07,2025-10-07,J45.909,APPROVED,3425.05,2677.14,2507.94,,2025-10-10,2026-07-18T11:00:00Z
CLM000003034,MBR0000331,PRV000093,PROFESSIONAL,2025-04-18,2025-04-20,E11.9,APPROVED,2260.14,1310.19,1068.81,,2025-04-27,2026-07-18T12:00:00Z
CLM000003035,MBR0000784,PRV000012,PROFESSIONAL,2025-09-17,2025-09-20,N39.0,APPROVED,332.23,306.92,297.34,,2025-09-30,2026-07-17T05:00:00Z
CLM000003036,MBR0000001,PRV000045,PROFESSIONAL,2026-05-28,2026-05-28,Z00.00,APPROVED,4013.19,2605.21,2497.50,,2026-06-11,2026-07-01T22:00:00Z
CLM000003037,MBR0000056,PRV000040,INSTITUTIONAL,2026-01-14,2026-01-15,N39.0,PENDING,1282.91,1017.77,0.00,,2026-01-27,2026-07-10T10:00:00Z
CLM000003038,MBR0000660,PRV000045,INSTITUTIONAL,2026-02-06,2026-02-07,E11.9,APPROVED,761.76,542.45,534.63,,2026-02-20,2026-07-09T21:00:00Z
CLM000003039,MBR0000846,PRV000061,INSTITUTIONAL,2026-05-21,2026-05-23,J45.909,APPROVED,597.79,536.64,506.86,,2026-06-04,2026-07-14T04:00:00Z
CLM000003040,MBR0000772,PRV000083,INSTITUTIONAL,2025-11-14,2025-11-17,Z00.00,APPROVED,3062.55,1711.11,1407.95,,2025-11-27,2026-07-18T02:00:00Z
CLM000003041,MBR0000289,PRV000087,PROFESSIONAL,2026-06-14,2026-06-17,J45.909,APPROVED,5135.25,3447.84,2469.91,,2026-06-17,2026-07-04T20:00:00Z
CLM000003042,MBR0000348,PRV000043,PROFESSIONAL,2025-03-29,2025-03-31,Z00.00,APPROVED,237.71,186.75,127.75,,2025-04-04,2026-07-12T22:00:00Z
CLM000003043,MBR0000639,PRV000075,PROFESSIONAL,2025-08-03,2025-08-05,Z00.00,APPROVED,3944.33,2621.17,1955.86,,2025-08-20,2026-07-05T03:00:00Z
CLM000003044,MBR0000310,PRV000076,INSTITUTIONAL,2026-04-11,2026-04-13,Z00.00,APPROVED,4808.16,3959.47,3112.19,,2026-04-21,2026-07-09T18:00:00Z
CLM000003045,MBR0000579,PRV000016,INSTITUTIONAL,2025-03-31,2025-04-03,J45.909,APPROVED,305.83,177.16,158.19,,2025-04-17,2026-07-05T13:00:00Z
CLM000003046,MBR0000858,PRV000046,PROFESSIONAL,2026-02-26,2026-02-27,I10,APPROVED,4967.19,2785.42,2236.48,,2026-03-15,2026-07-13T23:00:00Z
CLM000003047,MBR0000816,PRV000076,INSTITUTIONAL,2026-04-16,2026-04-18,Z00.00,APPROVED,736.44,463.33,437.92,,2026-04-24,2026-07-18T13:00:00Z
CLM000003048,MBR0000759,PRV000057,PROFESSIONAL,2026-04-05,2026-04-05,E11.9,APPROVED,4007.08,3247.11,2154.47,,2026-04-10,2026-07-16T10:00:00Z
CLM000003049,MBR0000505,PRV000100,INSTITUTIONAL,2025-01-30,2025-01-30,N39.0,DENIED,6157.18,3960.05,0.00,CO16,2025-02-19,2026-07-17T09:00:00Z
CLM000003050,MBR0000032,PRV000011,PROFESSIONAL,2026-03-03,2026-03-03,M54.50,APPROVED,1360.00,874.11,806.90,,2026-03-21,2026-07-08T12:00:00Z
CLM000003051,MBR0000249,PRV000012,PROFESSIONAL,2025-03-25,2025-03-25,M54.50,DENIED,1367.46,810.17,0.00,CO50,2025-04-12,2026-07-01T14:00:00Z
CLM000003052,MBR0000585,PRV000028,INSTITUTIONAL,2026-02-20,2026-02-21,J45.909,APPROVED,2343.44,2033.11,1974.18,,2026-02-22,2026-07-11T00:00:00Z
CLM000003053,MBR0000874,PRV000090,PROFESSIONAL,2025-09-12,2025-09-14,E11.9,APPROVED,2139.93,1420.87,1338.18,,2025-09-25,2026-07-19T05:00:00Z
CLM000003054,MBR0000950,PRV000070,INSTITUTIONAL,2026-02-11,2026-02-11,E11.9,APPROVED,4102.87,3545.85,3157.70,,2026-02-18,2026-07-14T20:00:00Z
CLM000003055,MBR0000287,PRV000087,PROFESSIONAL,2025-09-07,2025-09-08,M54.50,DENIED,1834.10,1343.31,0.00,CO97,2025-09-08,2026-07-15T17:00:00Z
CLM000003056,MBR0000935,PRV000059,INSTITUTIONAL,2026-05-23,2026-05-24,N39.0,APPROVED,2449.20,1997.70,1954.54,,2026-05-31,2026-07-03T05:00:00Z
CLM000003057,MBR0000935,PRV000018,INSTITUTIONAL,2025-07-04,2025-07-07,M54.50,APPROVED,4930.27,3122.12,2589.84,,2025-07-14,2026-07-13T22:00:00Z
CLM000003058,MBR0000514,PRV000019,INSTITUTIONAL,2025-08-08,2025-08-08,E11.9,DENIED,3534.28,2676.94,0.00,CO97,2025-08-17,2026-07-15T22:00:00Z
CLM000003059,MBR0000308,PRV000084,PROFESSIONAL,2026-01-25,2026-01-26,M54.50,APPROVED,4137.45,3932.39,3328.99,,2026-02-13,2026-07-16T20:00:00Z
CLM000003060,MBR0000701,PRV000077,PROFESSIONAL,2025-03-30,2025-03-31,Z00.00,PENDING,5770.63,3352.27,0.00,,2025-04-13,2026-07-14T23:00:00Z
CLM000003061,MBR0000242,PRV000072,PROFESSIONAL,2025-06-30,2025-07-02,M54.50,APPROVED,1926.34,1408.91,965.98,,2025-07-08,2026-07-02T16:00:00Z
CLM000003062,MBR0000773,PRV000016,INSTITUTIONAL,2026-03-31,2026-04-01,N39.0,DENIED,1700.41,1491.12,0.00,CO97,2026-04-03,2026-07-01T23:00:00Z
CLM000003063,MBR0000503,PRV000052,INSTITUTIONAL,2025-05-31,2025-05-31,J45.909,APPROVED,3549.97,2349.11,1977.63,,2025-06-01,2026-07-04T09:00:00Z
CLM000003064,MBR0000195,PRV000065,PROFESSIONAL,2025-04-01,2025-04-01,N39.0,APPROVED,4775.48,3516.43,2979.92,,2025-04-05,2026-07-16T07:00:00Z
CLM000003065,MBR0000296,PRV000008,INSTITUTIONAL,2026-04-11,2026-04-13,I10,PENDING,5728.38,3237.63,0.00,,2026-04-23,2026-07-09T14:00:00Z
CLM000003066,MBR0000402,PRV000093,INSTITUTIONAL,2025-12-07,2025-12-07,N39.0,APPROVED,3697.50,3409.40,2236.89,,2025-12-13,2026-07-16T00:00:00Z
CLM000003067,MBR0000178,PRV000025,INSTITUTIONAL,2025-02-05,2025-02-07,M54.50,APPROVED,4617.46,3270.99,2350.92,,2025-02-07,2026-07-04T10:00:00Z
CLM000003068,MBR0000527,PRV000067,INSTITUTIONAL,2025-12-20,2025-12-20,N39.0,APPROVED,3596.90,2301.12,2104.23,,2026-01-02,2026-07-11T18:00:00Z
CLM000003069,MBR0000843,PRV000021,INSTITUTIONAL,2025-02-15,2025-02-15,J45.909,DENIED,1787.89,1090.84,0.00,CO50,2025-02-26,2026-07-10T10:00:00Z
CLM000003070,MBR0000712,PRV000035,PROFESSIONAL,2026-01-10,2026-01-12,Z00.00,APPROVED,1635.51,1097.52,836.39,,2026-01-12,2026-07-01T12:00:00Z
CLM000003071,MBR0000521,PRV000017,PROFESSIONAL,2025-11-22,2025-11-23,M54.50,APPROVED,4585.92,3777.72,3681.18,,2025-12-09,2026-07-11T04:00:00Z
CLM000003072,MBR0000927,PRV000010,INSTITUTIONAL,2025-06-27,2025-06-29,I10,APPROVED,3018.24,1834.61,1271.47,,2025-07-05,2026-07-20T14:00:00Z
CLM000003073,MBR0000076,PRV000076,PROFESSIONAL,2025-07-21,2025-07-21,E11.9,APPROVED,2809.42,1790.41,1757.91,,2025-07-22,2026-07-12T12:00:00Z
CLM000003074,MBR0000927,PRV000083,PROFESSIONAL,2025-11-29,2025-11-30,N39.0,APPROVED,5548.88,3665.35,3661.24,,2025-12-04,2026-07-03T10:00:00Z
CLM000003075,MBR0000090,PRV000009,PROFESSIONAL,2026-06-15,2026-06-17,Z00.00,DENIED,4000.91,2392.07,0.00,CO50,2026-06-19,2026-07-03T06:00:00Z
CLM000003076,MBR0000382,PRV000070,INSTITUTIONAL,2025-05-09,2025-05-10,N39.0,APPROVED,2022.45,1913.45,1477.04,,2025-05-23,2026-07-14T19:00:00Z
CLM000003077,MBR0000468,PRV000037,PROFESSIONAL,2026-04-23,2026-04-26,J45.909,APPROVED,5204.79,3355.95,2426.84,,2026-05-06,2026-07-16T06:00:00Z
CLM000003078,MBR0000287,PRV000066,PROFESSIONAL,2026-01-01,2026-01-02,J45.909,DENIED,1563.27,1145.74,0.00,CO16,2026-01-02,2026-07-16T21:00:00Z
CLM000003079,MBR0000529,PRV000074,PROFESSIONAL,2025-06-18,2025-06-20,E11.9,APPROVED,3035.43,2171.55,1431.10,,2025-06-28,2026-07-18T18:00:00Z
CLM000003080,MBR0000788,PRV000048,PROFESSIONAL,2026-01-14,2026-01-14,I10,APPROVED,1843.89,1029.19,944.88,,2026-02-02,2026-07-02T02:00:00Z
CLM000003081,MBR0000687,PRV000037,INSTITUTIONAL,2025-11-28,2025-12-01,Z00.00,APPROVED,5696.52,3944.09,3427.39,,2025-12-08,2026-07-14T10:00:00Z
CLM000003082,MBR0000039,PRV000080,INSTITUTIONAL,2025-05-24,2025-05-26,M54.50,APPROVED,267.87,177.84,166.98,,2025-05-31,2026-07-20T20:00:00Z
CLM000003083,MBR0000992,PRV000033,PROFESSIONAL,2025-11-19,2025-11-20,I10,APPROVED,4737.91,3482.60,3206.38,,2025-11-21,2026-07-14T03:00:00Z
CLM000003084,MBR0000902,PRV000050,INSTITUTIONAL,2025-12-07,2025-12-10,M54.50,APPROVED,1787.21,1100.90,842.67,,2025-12-13,2026-07-09T04:00:00Z
CLM000003085,MBR0000831,PRV000040,PROFESSIONAL,2025-04-28,2025-05-01,J45.909,APPROVED,5785.67,3307.69,2280.15,,2025-05-17,2026-07-08T12:00:00Z
CLM000003086,MBR0000114,PRV000051,INSTITUTIONAL,2026-05-15,2026-05-17,E11.9,APPROVED,1192.20,706.27,520.84,,2026-05-19,2026-07-01T05:00:00Z
CLM000003087,MBR0000942,PRV000068,INSTITUTIONAL,2025-12-19,2025-12-20,M54.50,APPROVED,2292.83,1858.74,1596.54,,2025-12-24,2026-07-19T06:00:00Z
CLM000003088,MBR0000009,PRV000006,INSTITUTIONAL,2025-05-28,2025-05-31,E11.9,APPROVED,3587.50,3364.61,2297.50,,2025-06-06,2026-07-19T21:00:00Z
CLM000003089,MBR0000920,PRV000041,PROFESSIONAL,2026-05-14,2026-05-17,N39.0,APPROVED,4609.72,2704.40,1773.39,,2026-06-03,2026-07-05T14:00:00Z
CLM000003090,MBR0000077,PRV000096,INSTITUTIONAL,2025-12-22,2025-12-25,J45.909,APPROVED,1877.30,1566.10,1354.00,,2025-12-23,2026-07-14T10:00:00Z
CLM000003091,MBR0000688,PRV000072,PROFESSIONAL,2025-07-29,2025-08-01,M54.50,APPROVED,1967.33,1122.58,1076.37,,2025-08-01,2026-07-14T05:00:00Z
CLM000003092,MBR0000307,PRV000043,INSTITUTIONAL,2026-02-02,2026-02-03,N39.0,APPROVED,5560.54,3099.77,2858.45,,2026-02-14,2026-07-06T13:00:00Z
CLM000003093,MBR0000811,PRV000085,PROFESSIONAL,2025-07-19,2025-07-20,E11.9,APPROVED,1885.50,1193.41,1114.72,,2025-08-02,2026-07-15T17:00:00Z
CLM000003094,MBR0000009,PRV000086,PROFESSIONAL,2026-05-23,2026-05-23,E11.9,APPROVED,1337.98,906.79,617.75,,2026-05-29,2026-07-18T05:00:00Z
CLM000003095,MBR0000376,PRV000037,INSTITUTIONAL,2026-05-05,2026-05-06,N39.0,DENIED,4040.57,3204.19,0.00,CO16,2026-05-25,2026-07-12T21:00:00Z
CLM000003096,MBR0000997,PRV000023,PROFESSIONAL,2026-05-09,2026-05-12,E11.9,APPROVED,2306.82,1467.05,1439.21,,2026-05-26,2026-07-16T10:00:00Z
CLM000003097,MBR0000186,PRV000077,PROFESSIONAL,2025-10-11,2025-10-11,E11.9,APPROVED,3322.96,2064.70,1989.94,,2025-10-19,2026-07-04T01:00:00Z
CLM000003098,MBR0000737,PRV000032,PROFESSIONAL,2026-06-19,2026-06-21,E11.9,APPROVED,970.74,679.96,670.20,,2026-06-20,2026-07-12T08:00:00Z
CLM000003099,MBR0000556,PRV000082,PROFESSIONAL,2025-01-20,2025-01-20,J45.909,APPROVED,595.93,489.38,365.95,,2025-02-08,2026-07-19T18:00:00Z
CLM000003100,MBR0000564,PRV000039,PROFESSIONAL,2026-03-21,2026-03-24,E11.9,APPROVED,3492.99,2108.80,1464.76,,2026-03-28,2026-07-13T04:00:00Z
CLM000003101,MBR0000370,PRV000040,INSTITUTIONAL,2025-10-01,2025-10-03,N39.0,APPROVED,3902.19,2913.39,2235.34,,2025-10-06,2026-07-03T17:00:00Z
CLM000003102,MBR0000860,PRV000006,INSTITUTIONAL,2025-08-28,2025-08-31,Z00.00,APPROVED,1746.71,1220.17,1205.55,,2025-09-16,2026-07-17T18:00:00Z
CLM000003103,MBR0000328,PRV000098,PROFESSIONAL,2025-01-22,2025-01-24,I10,APPROVED,363.47,276.21,218.05,,2025-02-02,2026-07-18T00:00:00Z
CLM000003104,MBR0000200,PRV000010,INSTITUTIONAL,2025-11-25,2025-11-28,J45.909,APPROVED,1608.72,1453.28,1098.58,,2025-12-04,2026-07-08T02:00:00Z
CLM000003105,MBR0000191,PRV000042,PROFESSIONAL,2025-01-20,2025-01-22,M54.50,APPROVED,4562.75,2647.67,1723.85,,2025-01-24,2026-07-04T13:00:00Z
CLM000003106,MBR0000312,PRV000082,INSTITUTIONAL,2025-05-13,2025-05-13,Z00.00,PENDING,674.50,510.64,0.00,,2025-05-17,2026-07-03T01:00:00Z
CLM000003107,MBR0000642,PRV000060,INSTITUTIONAL,2026-03-15,2026-03-16,N39.0,APPROVED,1195.34,858.73,831.47,,2026-03-17,2026-07-02T06:00:00Z
CLM000003108,MBR0000916,PRV000086,PROFESSIONAL,2025-07-21,2025-07-24,Z00.00,PENDING,2656.20,1740.44,0.00,,2025-08-01,2026-07-11T20:00:00Z
CLM000003109,MBR0000824,PRV000082,INSTITUTIONAL,2026-03-16,2026-03-18,J45.909,DENIED,2244.27,1376.62,0.00,CO16,2026-03-29,2026-07-06T07:00:00Z
CLM000003110,MBR0000772,PRV000021,INSTITUTIONAL,2025-12-05,2025-12-06,E11.9,DENIED,1429.19,1281.13,0.00,CO97,2025-12-18,2026-07-07T22:00:00Z
CLM000003111,MBR0000892,PRV000019,INSTITUTIONAL,2026-03-09,2026-03-10,M54.50,PENDING,3234.58,2021.19,0.00,,2026-03-16,2026-07-05T00:00:00Z
CLM000003112,MBR0000624,PRV000040,PROFESSIONAL,2026-01-25,2026-01-25,I10,APPROVED,2329.11,2049.73,1833.26,,2026-02-05,2026-07-19T15:00:00Z
CLM000003113,MBR0000008,PRV000090,PROFESSIONAL,2026-02-05,2026-02-06,Z00.00,APPROVED,1492.64,1306.84,1299.84,,2026-02-09,2026-07-06T07:00:00Z
CLM000003114,MBR0000109,PRV000036,INSTITUTIONAL,2026-05-05,2026-05-06,E11.9,APPROVED,1428.09,895.01,710.01,,2026-05-25,2026-07-02T07:00:00Z
CLM000003115,MBR0000841,PRV000003,PROFESSIONAL,2025-10-16,2025-10-18,E11.9,APPROVED,3079.50,1922.44,1576.10,,2025-10-23,2026-07-20T11:00:00Z
CLM000003116,MBR0000943,PRV000053,PROFESSIONAL,2026-03-30,2026-03-31,N39.0,APPROVED,5213.41,3856.05,2740.37,,2026-04-17,2026-07-14T04:00:00Z
CLM000003117,MBR0000012,PRV000066,INSTITUTIONAL,2025-09-15,2025-09-17,M54.50,APPROVED,3972.55,2655.16,1739.78,,2025-09-22,2026-07-02T14:00:00Z
CLM000003118,MBR0000658,PRV000023,PROFESSIONAL,2026-01-31,2026-02-03,I10,APPROVED,2481.03,1648.77,1275.49,,2026-02-10,2026-07-10T04:00:00Z
CLM000003119,MBR0000911,PRV000014,INSTITUTIONAL,2026-02-02,2026-02-02,N39.0,APPROVED,3952.29,2259.13,1632.46,,2026-02-20,2026-07-01T02:00:00Z
CLM000003120,MBR0000284,PRV000023,PROFESSIONAL,2025-07-21,2025-07-24,E11.9,APPROVED,1592.29,1083.30,983.83,,2025-08-09,2026-07-18T00:00:00Z
CLM000003121,MBR0000958,PRV000082,INSTITUTIONAL,2026-06-11,2026-06-13,Z00.00,APPROVED,2127.41,1947.69,1586.36,,2026-06-19,2026-07-02T08:00:00Z
CLM000003122,MBR0000002,PRV000006,PROFESSIONAL,2025-04-01,2025-04-04,I10,APPROVED,4834.17,3733.19,3575.80,,2025-04-05,2026-07-01T18:00:00Z
CLM000003123,MBR0000597,PRV000068,INSTITUTIONAL,2025-08-04,2025-08-05,M54.50,DENIED,3091.98,2320.85,0.00,CO97,2025-08-17,2026-07-08T18:00:00Z
CLM000003124,MBR0000240,PRV000081,INSTITUTIONAL,2026-01-17,2026-01-17,J45.909,APPROVED,4720.59,3081.36,3046.54,,2026-01-20,2026-07-20T15:00:00Z
CLM000003125,MBR0000653,PRV000094,PROFESSIONAL,2025-06-24,2025-06-26,M54.50,APPROVED,5306.12,3730.89,3284.52,,2025-07-13,2026-07-02T22:00:00Z
CLM000003126,MBR0000638,PRV000024,INSTITUTIONAL,2026-04-26,2026-04-29,M54.50,APPROVED,761.25,510.13,463.98,,2026-04-30,2026-07-09T21:00:00Z
CLM000003127,MBR0000383,PRV000017,PROFESSIONAL,2025-07-02,2025-07-02,J45.909,DENIED,4768.24,2962.29,0.00,CO50,2025-07-10,2026-07-01T09:00:00Z
CLM000003128,MBR0000420,PRV000045,INSTITUTIONAL,2026-03-05,2026-03-05,I10,APPROVED,3037.79,2253.23,1926.84,,2026-03-14,2026-07-02T04:00:00Z
CLM000003129,MBR0000133,PRV000073,PROFESSIONAL,2026-02-28,2026-02-28,Z00.00,APPROVED,4856.05,3356.25,2558.78,,2026-03-07,2026-07-14T22:00:00Z
CLM000003130,MBR0000441,PRV000012,INSTITUTIONAL,2026-02-22,2026-02-24,E11.9,PENDING,1478.14,1137.42,0.00,,2026-03-12,2026-07-05T23:00:00Z
CLM000003131,MBR0000435,PRV000024,INSTITUTIONAL,2025-11-09,2025-11-11,E11.9,APPROVED,4337.29,3032.82,2657.07,,2025-11-23,2026-07-12T13:00:00Z
CLM000003132,MBR0000766,PRV000048,INSTITUTIONAL,2025-11-25,2025-11-28,M54.50,APPROVED,1665.56,1113.02,746.52,,2025-12-03,2026-07-14T23:00:00Z
CLM000003133,MBR0000874,PRV000039,INSTITUTIONAL,2025-04-17,2025-04-17,Z00.00,APPROVED,3775.39,3505.09,2545.62,,2025-04-23,2026-07-18T00:00:00Z
CLM000003134,MBR0000918,PRV000057,INSTITUTIONAL,2025-10-09,2025-10-10,E11.9,APPROVED,2655.36,2026.46,1572.33,,2025-10-20,2026-07-05T05:00:00Z
CLM000003135,MBR0000005,PRV000066,PROFESSIONAL,2025-11-01,2025-11-04,Z00.00,DENIED,5897.14,3576.43,0.00,CO16,2025-11-08,2026-07-17T04:00:00Z
CLM000003136,MBR0000444,PRV000077,PROFESSIONAL,2026-01-08,2026-01-09,I10,APPROVED,3443.96,2045.64,1834.26,,2026-01-27,2026-07-16T14:00:00Z
CLM000003137,MBR0000418,PRV000027,INSTITUTIONAL,2025-01-21,2025-01-21,E11.9,APPROVED,5079.96,3825.97,2811.32,,2025-02-01,2026-07-09T22:00:00Z
CLM000003138,MBR0000566,PRV000087,INSTITUTIONAL,2025-08-31,2025-09-02,E11.9,APPROVED,6734.45,3890.93,3864.76,,2025-09-07,2026-07-07T10:00:00Z
CLM000003139,MBR0000566,PRV000054,PROFESSIONAL,2025-01-17,2025-01-17,M54.50,DENIED,2369.76,1667.82,0.00,CO16,2025-01-30,2026-07-02T19:00:00Z
CLM000003140,MBR0000848,PRV000054,PROFESSIONAL,2026-01-12,2026-01-15,Z00.00,DENIED,1866.86,1611.70,0.00,CO16,2026-01-22,2026-07-04T14:00:00Z
CLM000003141,MBR0000403,PRV000006,PROFESSIONAL,2026-05-27,2026-05-28,Z00.00,APPROVED,1287.93,755.66,574.08,,2026-06-05,2026-07-15T02:00:00Z
CLM000003142,MBR0000256,PRV000090,INSTITUTIONAL,2026-04-11,2026-04-13,Z00.00,APPROVED,384.72,275.09,247.37,,2026-04-15,2026-07-08T00:00:00Z
CLM000003143,MBR0000206,PRV000037,PROFESSIONAL,2025-02-03,2025-02-06,I10,APPROVED,877.06,497.38,382.32,,2025-02-14,2026-07-15T14:00:00Z
CLM000003144,MBR0000167,PRV000064,PROFESSIONAL,2025-12-18,2025-12-20,I10,APPROVED,4603.09,3614.30,3360.20,,2025-12-23,2026-07-05T16:00:00Z
CLM000003145,MBR0000175,PRV000031,INSTITUTIONAL,2026-04-07,2026-04-07,I10,APPROVED,2137.48,1666.20,1228.82,,2026-04-18,2026-07-11T05:00:00Z
CLM000003146,MBR0000816,PRV000075,INSTITUTIONAL,2025-01-31,2025-02-02,E11.9,APPROVED,4049.54,3293.70,2310.51,,2025-02-06,2026-07-18T05:00:00Z
CLM000003147,MBR0000035,PRV000022,PROFESSIONAL,2026-05-06,2026-05-06,I10,APPROVED,4548.01,3454.80,2321.80,,2026-05-16,2026-07-16T04:00:00Z
CLM000003148,MBR0000944,PRV000065,PROFESSIONAL,2026-06-15,2026-06-16,J45.909,APPROVED,4365.73,2824.60,2803.65,,2026-06-30,2026-07-18T02:00:00Z
CLM000003149,MBR0000024,PRV000073,INSTITUTIONAL,2025-06-12,2025-06-12,J45.909,APPROVED,861.90,568.58,520.09,,2025-07-01,2026-07-19T05:00:00Z
CLM000003150,MBR0000833,PRV000037,PROFESSIONAL,2025-10-01,2025-10-04,Z00.00,APPROVED,939.27,834.39,560.55,,2025-10-21,2026-07-10T21:00:00Z
CLM000003151,MBR0000004,PRV000045,INSTITUTIONAL,2025-06-22,2025-06-22,J45.909,APPROVED,5052.50,3950.04,2704.64,,2025-07-12,2026-07-19T05:00:00Z
CLM000003152,MBR0000230,PRV000046,INSTITUTIONAL,2025-09-22,2025-09-23,M54.50,APPROVED,3841.69,3187.32,2732.61,,2025-10-09,2026-07-12T10:00:00Z
CLM000003153,MBR0000336,PRV000080,INSTITUTIONAL,2026-06-05,2026-06-06,J45.909,APPROVED,1259.88,1108.71,741.31,,2026-06-10,2026-07-08T22:00:00Z
CLM000003154,MBR0000253,PRV000077,INSTITUTIONAL,2025-05-07,2025-05-10,I10,APPROVED,3694.01,2081.34,1663.25,,2025-05-16,2026-07-17T03:00:00Z
CLM000003155,MBR0000057,PRV000035,INSTITUTIONAL,2025-10-30,2025-11-01,J45.909,DENIED,2674.27,1678.46,0.00,CO97,2025-11-12,2026-07-20T08:00:00Z
CLM000003156,MBR0000176,PRV000053,INSTITUTIONAL,2026-03-31,2026-03-31,E11.9,APPROVED,4310.20,3467.73,3415.90,,2026-04-10,2026-07-09T13:00:00Z
CLM000003157,MBR0000047,PRV000090,PROFESSIONAL,2025-07-19,2025-07-21,Z00.00,PENDING,2798.79,2552.69,0.00,,2025-07-28,2026-07-04T13:00:00Z
CLM000003158,MBR0000424,PRV000085,PROFESSIONAL,2026-01-19,2026-01-21,E11.9,APPROVED,712.49,450.81,396.29,,2026-02-04,2026-07-10T16:00:00Z
CLM000003159,MBR0000103,PRV000018,INSTITUTIONAL,2026-03-31,2026-04-02,M54.50,APPROVED,2052.71,1861.88,1669.27,,2026-04-03,2026-07-07T08:00:00Z
CLM000003160,MBR0000557,PRV000098,PROFESSIONAL,2025-07-25,2025-07-28,M54.50,PENDING,949.85,886.69,0.00,,2025-08-07,2026-07-19T12:00:00Z
CLM000003161,MBR0000493,PRV000032,INSTITUTIONAL,2026-01-20,2026-01-20,E11.9,APPROVED,2653.58,1618.65,1456.09,,2026-01-25,2026-07-17T18:00:00Z
CLM000003162,MBR0000388,PRV000091,INSTITUTIONAL,2025-02-19,2025-02-21,E11.9,APPROVED,3777.25,2179.86,2135.93,,2025-03-05,2026-07-13T19:00:00Z
CLM000003163,MBR0000786,PRV000039,INSTITUTIONAL,2026-02-08,2026-02-11,Z00.00,DENIED,3032.81,1723.79,0.00,CO50,2026-02-22,2026-07-17T13:00:00Z
CLM000003164,MBR0000687,PRV000006,INSTITUTIONAL,2025-09-06,2025-09-06,I10,PENDING,5355.28,3658.69,0.00,,2025-09-16,2026-07-04T00:00:00Z
CLM000003165,MBR0000884,PRV000062,INSTITUTIONAL,2026-05-06,2026-05-08,Z00.00,APPROVED,556.61,320.13,312.39,,2026-05-23,2026-07-06T08:00:00Z
CLM000003166,MBR0000202,PRV000073,INSTITUTIONAL,2025-10-18,2025-10-18,I10,APPROVED,4421.92,2613.87,1924.61,,2025-11-05,2026-07-09T08:00:00Z
CLM000003167,MBR0000330,PRV000085,INSTITUTIONAL,2025-09-09,2025-09-09,M54.50,APPROVED,6197.28,3926.86,3476.37,,2025-09-23,2026-07-14T08:00:00Z
CLM000003168,MBR0000467,PRV000044,PROFESSIONAL,2026-03-13,2026-03-13,J45.909,DENIED,4639.04,2758.52,0.00,CO16,2026-03-18,2026-07-14T20:00:00Z
CLM000003169,MBR0000093,PRV000096,PROFESSIONAL,2026-05-20,2026-05-21,I10,APPROVED,3591.65,2476.77,2042.83,,2026-06-09,2026-07-13T17:00:00Z
CLM000003170,MBR0000057,PRV000050,PROFESSIONAL,2025-07-11,2025-07-12,I10,APPROVED,554.31,407.15,295.53,,2025-07-31,2026-07-07T12:00:00Z
CLM000003171,MBR0000558,PRV000019,PROFESSIONAL,2025-08-10,2025-08-11,Z00.00,APPROVED,884.53,620.38,504.60,,2025-08-13,2026-07-12T16:00:00Z
CLM000003172,MBR0000479,PRV000069,PROFESSIONAL,2026-06-24,2026-06-26,J45.909,APPROVED,4744.19,3599.13,2833.56,,2026-07-11,2026-07-01T21:00:00Z
CLM000003173,MBR0000618,PRV000014,INSTITUTIONAL,2025-10-28,2025-10-30,M54.50,APPROVED,2399.89,1646.28,1175.20,,2025-11-03,2026-07-04T22:00:00Z
CLM000003174,MBR0000038,PRV000013,INSTITUTIONAL,2025-10-17,2025-10-18,M54.50,DENIED,897.89,751.62,0.00,CO16,2025-10-28,2026-07-04T11:00:00Z
CLM000003175,MBR0000029,PRV000038,INSTITUTIONAL,2025-08-06,2025-08-06,J45.909,APPROVED,1277.34,921.26,610.61,,2025-08-16,2026-07-16T13:00:00Z
CLM000003176,MBR0000625,PRV000077,INSTITUTIONAL,2026-01-26,2026-01-27,I10,APPROVED,2425.78,1979.53,1346.23,,2026-01-28,2026-07-14T11:00:00Z
CLM000003177,MBR0000931,PRV000020,INSTITUTIONAL,2026-02-18,2026-02-21,N39.0,APPROVED,3944.80,3684.36,2954.76,,2026-02-21,2026-07-06T17:00:00Z
CLM000003178,MBR0000722,PRV000090,PROFESSIONAL,2026-03-05,2026-03-07,J45.909,APPROVED,438.86,408.14,327.10,,2026-03-10,2026-07-11T20:00:00Z
CLM000003179,MBR0000524,PRV000071,INSTITUTIONAL,2025-07-21,2025-07-22,M54.50,APPROVED,6637.48,3792.33,2556.78,,2025-07-22,2026-07-14T22:00:00Z
CLM000003180,MBR0000013,PRV000045,PROFESSIONAL,2025-10-23,2025-10-24,J45.909,APPROVED,3024.68,2058.14,1475.06,,2025-11-09,2026-07-09T04:00:00Z
CLM000003181,MBR0000775,PRV000021,INSTITUTIONAL,2026-05-16,2026-05-19,I10,APPROVED,1529.91,1103.87,836.41,,2026-05-19,2026-07-08T21:00:00Z
CLM000003182,MBR0000945,PRV000018,INSTITUTIONAL,2026-04-05,2026-04-07,M54.50,APPROVED,4056.49,2650.72,2626.35,,2026-04-20,2026-07-08T23:00:00Z
CLM000003183,MBR0000675,PRV000094,INSTITUTIONAL,2025-02-19,2025-02-20,I10,APPROVED,3709.21,2925.03,2886.59,,2025-02-20,2026-07-12T21:00:00Z
CLM000003184,MBR0000730,PRV000067,PROFESSIONAL,2026-01-09,2026-01-11,N39.0,APPROVED,2349.08,1347.10,1238.70,,2026-01-21,2026-07-12T20:00:00Z
CLM000003185,MBR0000183,PRV000097,PROFESSIONAL,2026-02-16,2026-02-16,I10,APPROVED,4194.25,3971.85,3200.88,,2026-03-04,2026-07-07T05:00:00Z
CLM000003186,MBR0000364,PRV000028,PROFESSIONAL,2025-08-27,2025-08-30,N39.0,APPROVED,2051.40,1187.32,1158.26,,2025-09-16,2026-07-05T16:00:00Z
CLM000003187,MBR0000479,PRV000058,INSTITUTIONAL,2026-01-10,2026-01-12,I10,APPROVED,4847.06,2746.41,2669.62,,2026-01-26,2026-07-13T04:00:00Z
CLM000003188,MBR0000610,PRV000071,INSTITUTIONAL,2025-02-11,2025-02-11,I10,DENIED,3083.83,1760.00,0.00,CO16,2025-02-28,2026-07-15T02:00:00Z
CLM000003189,MBR0000578,PRV000028,INSTITUTIONAL,2026-03-12,2026-03-15,N39.0,APPROVED,2584.11,2041.88,1515.82,,2026-03-23,2026-07-13T22:00:00Z
CLM000003190,MBR0000819,PRV000094,PROFESSIONAL,2025-08-14,2025-08-17,E11.9,DENIED,607.16,359.46,0.00,CO16,2025-08-29,2026-07-08T09:00:00Z
CLM000003191,MBR0000451,PRV000006,INSTITUTIONAL,2025-06-19,2025-06-19,J45.909,APPROVED,2737.71,1908.90,1422.33,,2025-06-29,2026-07-09T19:00:00Z
CLM000003192,MBR0000759,PRV000070,INSTITUTIONAL,2025-06-14,2025-06-14,E11.9,APPROVED,3556.49,2664.00,2140.54,,2025-06-25,2026-07-12T00:00:00Z
CLM000003193,MBR0000310,PRV000094,PROFESSIONAL,2025-01-30,2025-01-30,N39.0,APPROVED,3151.36,2701.89,2485.97,,2025-02-15,2026-07-17T04:00:00Z
CLM000003194,MBR0000926,PRV000078,PROFESSIONAL,2025-03-27,2025-03-27,J45.909,APPROVED,5098.63,3912.64,2982.77,,2025-04-07,2026-07-13T05:00:00Z
CLM000003195,MBR0000853,PRV000054,INSTITUTIONAL,2025-11-07,2025-11-08,Z00.00,APPROVED,5274.47,3005.50,2610.04,,2025-11-17,2026-07-13T20:00:00Z
CLM000003196,MBR0000635,PRV000021,PROFESSIONAL,2026-04-07,2026-04-09,E11.9,APPROVED,2815.46,2152.50,2110.99,,2026-04-24,2026-07-09T13:00:00Z
CLM000003197,MBR0000841,PRV000001,INSTITUTIONAL,2025-08-09,2025-08-11,I10,APPROVED,1639.49,1037.92,683.23,,2025-08-12,2026-07-16T22:00:00Z
CLM000003198,MBR0000968,PRV000093,PROFESSIONAL,2025-08-19,2025-08-21,I10,APPROVED,3605.65,2187.27,1438.67,,2025-08-27,2026-07-11T23:00:00Z
CLM000003199,MBR0000034,PRV000066,PROFESSIONAL,2026-05-28,2026-05-30,E11.9,APPROVED,751.77,649.15,445.28,,2026-06-09,2026-07-17T16:00:00Z
CLM000003200,MBR0000032,PRV000016,INSTITUTIONAL,2026-03-15,2026-03-15,M54.50,APPROVED,2864.93,2480.94,1904.39,,2026-03-20,2026-07-16T01:00:00Z
CLM000003201,MBR0000504,PRV000052,PROFESSIONAL,2026-06-26,2026-06-26,E11.9,APPROVED,1099.43,1038.85,715.14,,2026-07-13,2026-07-09T18:00:00Z
CLM000003202,MBR0000766,PRV000041,INSTITUTIONAL,2025-02-11,2025-02-14,Z00.00,DENIED,2419.48,1565.00,0.00,CO50,2025-03-03,2026-07-05T12:00:00Z
CLM000003203,MBR0000446,PRV000056,PROFESSIONAL,2025-11-14,2025-11-17,Z00.00,APPROVED,4468.13,2681.77,2224.58,,2025-11-29,2026-07-13T17:00:00Z
CLM000003204,MBR0000304,PRV000089,INSTITUTIONAL,2025-01-24,2025-01-26,E11.9,APPROVED,4141.67,3045.82,2299.09,,2025-02-11,2026-07-07T06:00:00Z
CLM000003205,MBR0000950,PRV000042,INSTITUTIONAL,2025-07-25,2025-07-25,I10,APPROVED,1518.29,1226.89,1005.56,,2025-07-30,2026-07-01T23:00:00Z
CLM000003206,MBR0000695,PRV000095,INSTITUTIONAL,2025-10-23,2025-10-25,I10,APPROVED,2648.88,1545.46,1543.21,,2025-11-03,2026-07-05T19:00:00Z
CLM000003207,MBR0000495,PRV000095,INSTITUTIONAL,2025-05-19,2025-05-21,N39.0,APPROVED,2420.35,2072.57,1760.43,,2025-05-22,2026-07-16T15:00:00Z
CLM000003208,MBR0000512,PRV000086,PROFESSIONAL,2026-06-08,2026-06-11,Z00.00,APPROVED,1200.95,697.61,591.52,,2026-06-17,2026-07-01T03:00:00Z
CLM000003209,MBR0000223,PRV000008,INSTITUTIONAL,2025-04-16,2025-04-17,Z00.00,DENIED,4222.05,2766.40,0.00,CO97,2025-04-19,2026-07-08T11:00:00Z
CLM000003210,MBR0000857,PRV000099,PROFESSIONAL,2025-02-20,2025-02-21,E11.9,APPROVED,853.08,609.85,608.79,,2025-03-06,2026-07-03T06:00:00Z
CLM000003211,MBR0000953,PRV000059,INSTITUTIONAL,2026-04-30,2026-05-03,I10,APPROVED,4733.52,3798.08,3680.30,,2026-05-14,2026-07-06T11:00:00Z
CLM000003212,MBR0000588,PRV000028,INSTITUTIONAL,2026-05-06,2026-05-08,E11.9,APPROVED,4495.30,2891.92,2811.85,,2026-05-26,2026-07-18T13:00:00Z
CLM000003213,MBR0000327,PRV000029,INSTITUTIONAL,2026-04-06,2026-04-09,I10,APPROVED,2166.76,1928.22,1340.64,,2026-04-21,2026-07-17T17:00:00Z
CLM000003214,MBR0000892,PRV000037,INSTITUTIONAL,2025-01-21,2025-01-24,I10,PENDING,5083.31,3944.19,0.00,,2025-02-10,2026-07-13T15:00:00Z
CLM000003215,MBR0000006,PRV000019,PROFESSIONAL,2026-04-19,2026-04-20,E11.9,APPROVED,1820.16,1396.06,998.35,,2026-04-22,2026-07-02T11:00:00Z
CLM000003216,MBR0000910,PRV000067,PROFESSIONAL,2025-07-24,2025-07-24,E11.9,DENIED,381.29,237.09,0.00,CO16,2025-07-29,2026-07-02T07:00:00Z
CLM000003217,MBR0000173,PRV000052,INSTITUTIONAL,2026-06-29,2026-06-30,N39.0,APPROVED,2310.97,1826.74,1508.54,,2026-07-09,2026-07-14T19:00:00Z
CLM000003218,MBR0000275,PRV000052,PROFESSIONAL,2026-06-28,2026-06-30,Z00.00,PENDING,78.31,66.48,0.00,,2026-07-09,2026-07-20T22:00:00Z
CLM000003219,MBR0000877,PRV000005,INSTITUTIONAL,2025-07-29,2025-07-30,E11.9,APPROVED,1486.24,1322.53,997.26,,2025-08-01,2026-07-14T15:00:00Z
CLM000003220,MBR0000203,PRV000046,INSTITUTIONAL,2025-09-03,2025-09-04,M54.50,APPROVED,3596.34,2743.47,2019.57,,2025-09-21,2026-07-09T19:00:00Z
CLM000003221,MBR0000800,PRV000067,INSTITUTIONAL,2025-07-23,2025-07-26,J45.909,APPROVED,5286.56,3430.94,2839.17,,2025-08-10,2026-07-11T08:00:00Z
CLM000003222,MBR0000936,PRV000066,INSTITUTIONAL,2026-04-10,2026-04-10,M54.50,APPROVED,443.48,306.13,289.53,,2026-04-15,2026-07-07T04:00:00Z
CLM000003223,MBR0000993,PRV000005,INSTITUTIONAL,2026-03-29,2026-04-01,N39.0,APPROVED,4079.93,3786.93,2536.63,,2026-04-02,2026-07-09T07:00:00Z
CLM000003224,MBR0000043,PRV000078,INSTITUTIONAL,2025-07-27,2025-07-28,Z00.00,APPROVED,1537.07,1097.05,908.14,,2025-08-10,2026-07-16T12:00:00Z
CLM000003225,MBR0000085,PRV000093,PROFESSIONAL,2025-08-16,2025-08-19,M54.50,APPROVED,171.24,98.67,67.63,,2025-08-21,2026-07-20T02:00:00Z
CLM000003226,MBR0000732,PRV000065,INSTITUTIONAL,2025-12-21,2025-12-22,E11.9,DENIED,381.27,267.76,0.00,CO50,2025-12-22,2026-07-09T20:00:00Z
CLM000003227,MBR0000428,PRV000025,PROFESSIONAL,2026-03-08,2026-03-11,M54.50,PENDING,2442.66,1970.85,0.00,,2026-03-12,2026-07-05T03:00:00Z
CLM000003228,MBR0000661,PRV000014,PROFESSIONAL,2025-02-25,2025-02-28,N39.0,APPROVED,5737.95,3201.51,2861.79,,2025-03-12,2026-07-11T23:00:00Z
CLM000003229,MBR0000679,PRV000034,PROFESSIONAL,2026-01-26,2026-01-26,Z00.00,APPROVED,3110.76,2256.97,1684.25,,2026-02-12,2026-07-14T04:00:00Z
CLM000003230,MBR0000506,PRV000089,INSTITUTIONAL,2025-02-06,2025-02-06,Z00.00,APPROVED,1348.04,909.24,883.71,,2025-02-14,2026-07-20T09:00:00Z
CLM000003231,MBR0000263,PRV000087,PROFESSIONAL,2026-06-16,2026-06-16,M54.50,APPROVED,2754.13,2490.68,2001.82,,2026-06-26,2026-07-17T18:00:00Z
CLM000003232,MBR0000836,PRV000054,PROFESSIONAL,2026-01-15,2026-01-18,Z00.00,APPROVED,5839.51,3474.98,2603.61,,2026-01-26,2026-07-19T13:00:00Z
CLM000003233,MBR0000735,PRV000051,INSTITUTIONAL,2025-08-01,2025-08-02,E11.9,APPROVED,6156.91,3844.95,2788.33,,2025-08-02,2026-07-01T08:00:00Z
CLM000003234,MBR0000497,PRV000015,INSTITUTIONAL,2025-12-12,2025-12-14,N39.0,APPROVED,3770.30,3525.29,2490.01,,2025-12-31,2026-07-03T19:00:00Z
CLM000003235,MBR0000272,PRV000094,PROFESSIONAL,2026-06-01,2026-06-04,M54.50,APPROVED,6078.30,3520.55,2674.03,,2026-06-18,2026-07-07T07:00:00Z
CLM000003236,MBR0000518,PRV000083,INSTITUTIONAL,2025-02-11,2025-02-13,N39.0,APPROVED,1654.92,1395.82,1136.05,,2025-02-20,2026-07-08T14:00:00Z
CLM000003237,MBR0000620,PRV000090,INSTITUTIONAL,2025-07-25,2025-07-26,J45.909,DENIED,3601.76,2294.61,0.00,CO50,2025-08-05,2026-07-20T01:00:00Z
CLM000003238,MBR0000123,PRV000098,PROFESSIONAL,2026-04-24,2026-04-27,N39.0,APPROVED,3356.69,2854.90,1866.02,,2026-05-13,2026-07-01T11:00:00Z
CLM000003239,MBR0000879,PRV000093,PROFESSIONAL,2025-01-25,2025-01-26,Z00.00,APPROVED,408.45,326.53,299.83,,2025-02-02,2026-07-04T05:00:00Z
CLM000003240,MBR0000546,PRV000052,INSTITUTIONAL,2025-02-18,2025-02-19,E11.9,APPROVED,1538.44,1033.97,959.12,,2025-03-07,2026-07-12T01:00:00Z
CLM000003241,MBR0000051,PRV000067,PROFESSIONAL,2026-01-29,2026-02-01,N39.0,APPROVED,3630.00,2239.33,2029.21,,2026-01-31,2026-07-13T09:00:00Z
CLM000003242,MBR0000830,PRV000020,INSTITUTIONAL,2025-02-25,2025-02-26,I10,APPROVED,4496.40,2798.84,2341.23,,2025-03-09,2026-07-02T00:00:00Z
CLM000003243,MBR0000346,PRV000036,PROFESSIONAL,2025-07-12,2025-07-15,E11.9,APPROVED,1481.76,1087.58,773.06,,2025-07-31,2026-07-09T06:00:00Z
CLM000003244,MBR0000821,PRV000058,PROFESSIONAL,2026-05-25,2026-05-26,M54.50,APPROVED,4712.43,3769.89,3525.15,,2026-05-26,2026-07-19T08:00:00Z
CLM000003245,MBR0000348,PRV000069,INSTITUTIONAL,2025-09-11,2025-09-12,E11.9,APPROVED,4767.65,3334.57,3028.97,,2025-09-21,2026-07-08T20:00:00Z
CLM000003246,MBR0000611,PRV000047,PROFESSIONAL,2025-02-23,2025-02-24,N39.0,APPROVED,4293.96,2787.18,2029.10,,2025-03-11,2026-07-17T10:00:00Z
CLM000003247,MBR0000897,PRV000048,PROFESSIONAL,2026-04-16,2026-04-17,E11.9,APPROVED,3529.18,2015.27,1920.85,,2026-04-20,2026-07-15T04:00:00Z
CLM000003248,MBR0000535,PRV000082,INSTITUTIONAL,2025-03-02,2025-03-05,M54.50,APPROVED,1119.44,1044.42,758.52,,2025-03-17,2026-07-15T06:00:00Z
CLM000003249,MBR0000763,PRV000001,INSTITUTIONAL,2025-09-25,2025-09-25,N39.0,DENIED,5867.50,3996.73,0.00,CO16,2025-10-12,2026-07-17T04:00:00Z
CLM000003250,MBR0000076,PRV000066,INSTITUTIONAL,2025-12-03,2025-12-03,N39.0,APPROVED,3590.63,2544.50,2148.09,,2025-12-11,2026-07-02T19:00:00Z
CLM000003251,MBR0000570,PRV000083,INSTITUTIONAL,2025-10-30,2025-11-01,J45.909,DENIED,1338.87,747.97,0.00,CO97,2025-11-13,2026-07-18T20:00:00Z
CLM000003252,MBR0000373,PRV000016,PROFESSIONAL,2025-04-27,2025-04-27,Z00.00,APPROVED,3188.89,2837.12,2155.60,,2025-05-01,2026-07-05T09:00:00Z
CLM000003253,MBR0000576,PRV000031,PROFESSIONAL,2026-01-11,2026-01-11,I10,APPROVED,4228.58,3715.37,3099.61,,2026-01-23,2026-07-05T06:00:00Z
CLM000003254,MBR0000464,PRV000077,INSTITUTIONAL,2026-03-27,2026-03-30,I10,APPROVED,2389.12,2081.40,1575.99,,2026-04-03,2026-07-13T00:00:00Z
CLM000003255,MBR0000478,PRV000056,PROFESSIONAL,2025-11-23,2025-11-24,Z00.00,APPROVED,772.95,514.05,460.61,,2025-11-30,2026-07-06T05:00:00Z
CLM000003256,MBR0000546,PRV000090,PROFESSIONAL,2025-07-31,2025-07-31,Z00.00,APPROVED,2661.17,1747.12,1173.26,,2025-08-20,2026-07-20T15:00:00Z
CLM000003257,MBR0000406,PRV000026,INSTITUTIONAL,2026-05-01,2026-05-02,I10,APPROVED,2473.75,1462.61,1133.26,,2026-05-08,2026-07-16T00:00:00Z
CLM000003258,MBR0000773,PRV000006,INSTITUTIONAL,2026-03-11,2026-03-12,M54.50,APPROVED,1260.29,787.14,755.66,,2026-03-31,2026-07-05T16:00:00Z
CLM000003259,MBR0000733,PRV000066,INSTITUTIONAL,2026-04-28,2026-04-29,Z00.00,APPROVED,1059.32,596.88,472.46,,2026-05-03,2026-07-12T03:00:00Z
CLM000003260,MBR0000379,PRV000012,INSTITUTIONAL,2025-06-19,2025-06-21,I10,APPROVED,3306.74,2629.38,2466.46,,2025-06-25,2026-07-07T16:00:00Z
CLM000003261,MBR0000583,PRV000096,PROFESSIONAL,2025-09-16,2025-09-18,E11.9,DENIED,957.55,775.70,0.00,CO50,2025-09-22,2026-07-14T22:00:00Z
CLM000003262,MBR0000331,PRV000092,PROFESSIONAL,2025-09-20,2025-09-22,M54.50,APPROVED,1948.88,1458.17,1442.22,,2025-10-10,2026-07-16T06:00:00Z
CLM000003263,MBR0000099,PRV000023,INSTITUTIONAL,2026-06-28,2026-07-01,I10,APPROVED,342.08,242.12,232.68,,2026-07-04,2026-07-03T13:00:00Z
CLM000003264,MBR0000567,PRV000018,PROFESSIONAL,2025-11-22,2025-11-23,N39.0,APPROVED,1525.20,856.20,585.35,,2025-11-25,2026-07-12T02:00:00Z
CLM000003265,MBR0000252,PRV000064,PROFESSIONAL,2025-06-11,2025-06-14,E11.9,APPROVED,3580.45,3320.88,2505.49,,2025-06-15,2026-07-20T03:00:00Z
CLM000003266,MBR0000963,PRV000053,PROFESSIONAL,2025-01-13,2025-01-14,N39.0,APPROVED,2412.53,2171.11,1867.31,,2025-01-22,2026-07-18T22:00:00Z
CLM000003267,MBR0000088,PRV000061,INSTITUTIONAL,2025-08-23,2025-08-25,M54.50,APPROVED,2246.48,1980.03,1797.60,,2025-08-30,2026-07-10T08:00:00Z
CLM000003268,MBR0000401,PRV000001,PROFESSIONAL,2025-07-17,2025-07-19,E11.9,APPROVED,5391.34,3950.65,2829.94,,2025-08-05,2026-07-04T07:00:00Z
CLM000003269,MBR0000917,PRV000043,PROFESSIONAL,2026-05-24,2026-05-26,E11.9,APPROVED,2606.38,2021.44,1590.60,,2026-06-05,2026-07-18T23:00:00Z
CLM000003270,MBR0000864,PRV000015,PROFESSIONAL,2026-03-07,2026-03-10,Z00.00,DENIED,4551.79,3121.34,0.00,CO50,2026-03-09,2026-07-12T20:00:00Z
CLM000003271,MBR0000780,PRV000041,PROFESSIONAL,2025-07-25,2025-07-28,I10,APPROVED,6075.57,3636.09,2603.26,,2025-08-10,2026-07-08T06:00:00Z
CLM000003272,MBR0000507,PRV000054,PROFESSIONAL,2025-01-18,2025-01-20,E11.9,APPROVED,2135.32,1270.98,1143.73,,2025-01-27,2026-07-05T00:00:00Z
CLM000003273,MBR0000660,PRV000036,PROFESSIONAL,2025-09-09,2025-09-10,E11.9,APPROVED,3872.14,2499.60,1752.59,,2025-09-25,2026-07-10T05:00:00Z
CLM000003274,MBR0000579,PRV000039,INSTITUTIONAL,2025-09-26,2025-09-27,E11.9,PENDING,330.85,191.60,0.00,,2025-10-03,2026-07-14T13:00:00Z
CLM000003275,MBR0000832,PRV000049,INSTITUTIONAL,2025-04-05,2025-04-07,N39.0,APPROVED,534.83,421.57,285.62,,2025-04-08,2026-07-08T06:00:00Z
CLM000003276,MBR0000083,PRV000006,PROFESSIONAL,2025-07-25,2025-07-25,J45.909,APPROVED,3684.28,2227.67,1915.18,,2025-08-02,2026-07-10T20:00:00Z
CLM000003277,MBR0000200,PRV000066,PROFESSIONAL,2025-03-16,2025-03-16,I10,APPROVED,2462.82,1375.18,1095.48,,2025-03-26,2026-07-19T00:00:00Z
CLM000003278,MBR0000031,PRV000020,PROFESSIONAL,2025-01-25,2025-01-28,J45.909,APPROVED,2946.86,2245.85,1615.47,,2025-02-14,2026-07-18T22:00:00Z
CLM000003279,MBR0000074,PRV000082,INSTITUTIONAL,2025-01-07,2025-01-08,M54.50,APPROVED,3844.98,2987.47,2154.89,,2025-01-21,2026-07-17T06:00:00Z
CLM000003280,MBR0000071,PRV000061,INSTITUTIONAL,2026-02-01,2026-02-01,I10,APPROVED,2025.24,1783.96,1660.02,,2026-02-07,2026-07-04T15:00:00Z
CLM000003281,MBR0000825,PRV000019,PROFESSIONAL,2026-05-03,2026-05-03,I10,APPROVED,5940.33,3632.45,3607.56,,2026-05-10,2026-07-01T00:00:00Z
CLM000003282,MBR0000648,PRV000070,PROFESSIONAL,2025-03-29,2025-03-29,J45.909,APPROVED,372.71,266.00,247.04,,2025-04-04,2026-07-11T04:00:00Z
CLM000003283,MBR0000929,PRV000086,PROFESSIONAL,2026-01-10,2026-01-11,I10,DENIED,3426.09,2093.65,0.00,CO16,2026-01-27,2026-07-14T22:00:00Z
CLM000003284,MBR0000056,PRV000076,PROFESSIONAL,2025-01-20,2025-01-20,I10,APPROVED,328.70,213.18,148.04,,2025-02-07,2026-07-10T15:00:00Z
CLM000003285,MBR0000980,PRV000093,PROFESSIONAL,2025-06-18,2025-06-20,N39.0,APPROVED,5838.84,3541.93,3108.97,,2025-07-03,2026-07-08T14:00:00Z
CLM000003286,MBR0000788,PRV000027,INSTITUTIONAL,2025-11-23,2025-11-24,J45.909,APPROVED,1173.55,791.20,730.23,,2025-12-12,2026-07-20T00:00:00Z
CLM000003287,MBR0000329,PRV000032,PROFESSIONAL,2025-07-27,2025-07-28,Z00.00,APPROVED,786.75,580.22,578.85,,2025-08-01,2026-07-06T03:00:00Z
CLM000003288,MBR0000615,PRV000013,PROFESSIONAL,2025-06-10,2025-06-13,I10,PENDING,3942.21,3046.78,0.00,,2025-06-17,2026-07-14T23:00:00Z
CLM000003289,MBR0000860,PRV000061,PROFESSIONAL,2025-03-12,2025-03-13,I10,APPROVED,517.75,336.27,287.00,,2025-03-18,2026-07-01T14:00:00Z
CLM000003290,MBR0000628,PRV000009,PROFESSIONAL,2025-06-28,2025-06-28,E11.9,APPROVED,2692.66,2195.25,1447.44,,2025-07-12,2026-07-14T14:00:00Z
CLM000003291,MBR0000957,PRV000082,PROFESSIONAL,2025-12-03,2025-12-06,J45.909,APPROVED,454.51,323.64,269.33,,2025-12-20,2026-07-11T16:00:00Z
CLM000003292,MBR0000228,PRV000069,INSTITUTIONAL,2025-03-08,2025-03-08,J45.909,APPROVED,3252.95,2803.69,2719.88,,2025-03-15,2026-07-19T19:00:00Z
CLM000003293,MBR0000553,PRV000058,PROFESSIONAL,2026-01-02,2026-01-03,Z00.00,APPROVED,224.85,178.30,170.70,,2026-01-19,2026-07-03T16:00:00Z
CLM000003294,MBR0000184,PRV000013,PROFESSIONAL,2026-02-12,2026-02-13,E11.9,APPROVED,4224.74,3588.60,2696.68,,2026-02-27,2026-07-08T18:00:00Z
CLM000003295,MBR0000059,PRV000097,INSTITUTIONAL,2025-08-08,2025-08-08,I10,APPROVED,725.01,406.64,345.60,,2025-08-16,2026-07-20T19:00:00Z
CLM000003296,MBR0000973,PRV000013,INSTITUTIONAL,2026-01-14,2026-01-16,E11.9,APPROVED,5229.21,3304.33,2575.47,,2026-01-24,2026-07-18T09:00:00Z
CLM000003297,MBR0000326,PRV000032,INSTITUTIONAL,2026-02-23,2026-02-26,J45.909,APPROVED,3499.75,2565.36,1888.14,,2026-03-03,2026-07-05T15:00:00Z
CLM000003298,MBR0000664,PRV000055,INSTITUTIONAL,2026-03-02,2026-03-02,J45.909,APPROVED,5168.77,3187.41,3144.46,,2026-03-18,2026-07-19T13:00:00Z
CLM000003299,MBR0000603,PRV000006,PROFESSIONAL,2025-04-05,2025-04-08,N39.0,APPROVED,3950.92,2220.54,1915.47,,2025-04-19,2026-07-10T04:00:00Z
CLM000003300,MBR0000472,PRV000061,INSTITUTIONAL,2025-02-13,2025-02-13,E11.9,APPROVED,3243.57,2059.60,2049.34,,2025-02-16,2026-07-14T10:00:00Z
CLM000003301,MBR0000152,PRV000085,INSTITUTIONAL,2025-03-09,2025-03-11,E11.9,APPROVED,3219.04,2470.82,2250.01,,2025-03-19,2026-07-02T07:00:00Z
CLM000003302,MBR0000967,PRV000053,PROFESSIONAL,2025-05-11,2025-05-13,M54.50,PENDING,2544.95,2260.94,0.00,,2025-05-21,2026-07-12T10:00:00Z
CLM000003303,MBR0000222,PRV000074,INSTITUTIONAL,2026-01-26,2026-01-29,J45.909,APPROVED,553.65,414.26,271.58,,2026-01-31,2026-07-20T11:00:00Z
CLM000003304,MBR0000989,PRV000036,INSTITUTIONAL,2025-11-11,2025-11-11,N39.0,PENDING,2835.62,1932.13,0.00,,2025-11-27,2026-07-14T17:00:00Z
CLM000003305,MBR0000718,PRV000019,PROFESSIONAL,2025-08-25,2025-08-27,N39.0,APPROVED,4024.41,2246.65,1656.66,,2025-08-28,2026-07-17T13:00:00Z
CLM000003306,MBR0000941,PRV000027,INSTITUTIONAL,2025-04-11,2025-04-12,E11.9,APPROVED,4881.75,3207.68,2201.87,,2025-04-12,2026-07-06T07:00:00Z
CLM000003307,MBR0000290,PRV000039,PROFESSIONAL,2025-08-19,2025-08-22,I10,APPROVED,77.58,45.42,39.34,,2025-08-29,2026-07-15T05:00:00Z
CLM000003308,MBR0000146,PRV000026,INSTITUTIONAL,2026-05-02,2026-05-05,I10,APPROVED,237.30,159.85,137.61,,2026-05-13,2026-07-11T10:00:00Z
CLM000003309,MBR0000004,PRV000015,INSTITUTIONAL,2026-03-28,2026-03-31,Z00.00,APPROVED,6080.76,3802.38,2527.63,,2026-04-07,2026-07-19T20:00:00Z
CLM000003310,MBR0000786,PRV000096,INSTITUTIONAL,2026-05-03,2026-05-04,J45.909,APPROVED,5015.81,3030.65,2167.84,,2026-05-20,2026-07-04T20:00:00Z
CLM000003311,MBR0000917,PRV000057,PROFESSIONAL,2025-12-18,2025-12-20,J45.909,APPROVED,4024.34,3487.95,2923.77,,2026-01-02,2026-07-09T20:00:00Z
CLM000003312,MBR0000388,PRV000072,PROFESSIONAL,2026-01-29,2026-02-01,E11.9,APPROVED,3172.77,2229.08,1862.69,,2026-02-17,2026-07-10T15:00:00Z
CLM000003313,MBR0000396,PRV000030,INSTITUTIONAL,2026-02-03,2026-02-04,E11.9,APPROVED,2277.01,2012.27,1723.66,,2026-02-13,2026-07-02T19:00:00Z
CLM000003314,MBR0000377,PRV000030,INSTITUTIONAL,2025-07-31,2025-08-02,I10,APPROVED,2694.65,1721.10,1162.27,,2025-08-04,2026-07-20T13:00:00Z
CLM000003315,MBR0000457,PRV000069,PROFESSIONAL,2025-04-30,2025-05-01,J45.909,PENDING,4029.40,3742.93,0.00,,2025-05-16,2026-07-19T04:00:00Z
CLM000003316,MBR0000054,PRV000051,PROFESSIONAL,2026-04-24,2026-04-26,E11.9,APPROVED,5165.31,3465.75,2308.91,,2026-05-06,2026-07-15T07:00:00Z
CLM000003317,MBR0000088,PRV000011,INSTITUTIONAL,2025-08-18,2025-08-20,I10,PENDING,1828.13,1511.14,0.00,,2025-09-07,2026-07-11T13:00:00Z
CLM000003318,MBR0000903,PRV000002,PROFESSIONAL,2025-01-27,2025-01-28,J45.909,APPROVED,4243.17,2955.70,2608.68,,2025-02-06,2026-07-07T04:00:00Z
CLM000003319,MBR0000977,PRV000098,INSTITUTIONAL,2025-09-21,2025-09-23,E11.9,DENIED,3013.92,2842.37,0.00,CO97,2025-09-22,2026-07-13T15:00:00Z
CLM000003320,MBR0000929,PRV000096,INSTITUTIONAL,2026-02-01,2026-02-03,N39.0,APPROVED,4464.70,3323.37,2964.06,,2026-02-05,2026-07-20T22:00:00Z
CLM000003321,MBR0000611,PRV000086,INSTITUTIONAL,2025-02-23,2025-02-25,M54.50,DENIED,4334.76,2790.10,0.00,CO50,2025-03-13,2026-07-18T06:00:00Z
CLM000003322,MBR0000806,PRV000047,PROFESSIONAL,2025-08-06,2025-08-08,I10,APPROVED,69.99,66.48,54.35,,2025-08-24,2026-07-10T14:00:00Z
CLM000003323,MBR0000820,PRV000013,INSTITUTIONAL,2026-01-23,2026-01-23,E11.9,APPROVED,5129.45,2899.76,1918.48,,2026-02-08,2026-07-17T05:00:00Z
CLM000003324,MBR0000557,PRV000059,PROFESSIONAL,2025-06-12,2025-06-15,I10,APPROVED,2292.90,1393.48,951.78,,2025-06-15,2026-07-14T19:00:00Z
CLM000003325,MBR0000048,PRV000040,PROFESSIONAL,2025-03-28,2025-03-31,E11.9,APPROVED,2172.66,1631.28,1202.56,,2025-04-04,2026-07-05T13:00:00Z
CLM000003326,MBR0000957,PRV000045,PROFESSIONAL,2025-04-27,2025-04-30,I10,APPROVED,3617.97,2047.18,1640.02,,2025-05-06,2026-07-16T01:00:00Z
CLM000003327,MBR0000496,PRV000018,INSTITUTIONAL,2025-01-24,2025-01-25,I10,APPROVED,966.21,564.65,470.29,,2025-02-12,2026-07-03T19:00:00Z
CLM000003328,MBR0000726,PRV000024,INSTITUTIONAL,2025-10-25,2025-10-25,I10,APPROVED,3801.06,3089.54,2093.88,,2025-11-08,2026-07-12T22:00:00Z
CLM000003329,MBR0000441,PRV000063,INSTITUTIONAL,2026-03-15,2026-03-16,N39.0,APPROVED,4604.40,2978.86,2856.11,,2026-04-04,2026-07-12T02:00:00Z
CLM000003330,MBR0000102,PRV000037,INSTITUTIONAL,2025-11-21,2025-11-24,E11.9,APPROVED,1828.28,1190.88,1151.20,,2025-11-24,2026-07-11T06:00:00Z
CLM000003331,MBR0000597,PRV000007,INSTITUTIONAL,2025-02-22,2025-02-23,M54.50,APPROVED,229.18,178.06,118.11,,2025-02-28,2026-07-13T07:00:00Z
CLM000003332,MBR0000232,PRV000070,INSTITUTIONAL,2025-09-24,2025-09-24,J45.909,DENIED,4193.38,2819.80,0.00,CO50,2025-10-13,2026-07-20T02:00:00Z
CLM000003333,MBR0000504,PRV000015,PROFESSIONAL,2025-09-20,2025-09-20,Z00.00,DENIED,4115.71,3190.65,0.00,CO16,2025-09-21,2026-07-14T18:00:00Z
CLM000003334,MBR0000428,PRV000082,INSTITUTIONAL,2025-06-07,2025-06-07,I10,APPROVED,5423.04,3399.23,2331.10,,2025-06-14,2026-07-10T13:00:00Z
CLM000003335,MBR0000663,PRV000019,PROFESSIONAL,2026-01-26,2026-01-26,Z00.00,DENIED,3739.29,2265.44,0.00,CO50,2026-02-03,2026-07-10T16:00:00Z
CLM000003336,MBR0000915,PRV000056,PROFESSIONAL,2026-04-09,2026-04-09,I10,APPROVED,1845.43,1097.52,729.60,,2026-04-16,2026-07-01T17:00:00Z
CLM000003337,MBR0000393,PRV000046,PROFESSIONAL,2025-10-10,2025-10-11,M54.50,APPROVED,1164.81,756.77,737.72,,2025-10-21,2026-07-01T20:00:00Z
CLM000003338,MBR0000619,PRV000080,INSTITUTIONAL,2025-01-31,2025-01-31,M54.50,APPROVED,5113.20,2849.09,2207.69,,2025-02-12,2026-07-17T09:00:00Z
CLM000003339,MBR0000579,PRV000095,PROFESSIONAL,2025-01-24,2025-01-25,J45.909,APPROVED,4755.25,3798.00,2755.21,,2025-02-12,2026-07-02T00:00:00Z
CLM000003340,MBR0000282,PRV000065,INSTITUTIONAL,2025-03-13,2025-03-13,E11.9,APPROVED,1292.39,1184.13,915.30,,2025-03-28,2026-07-10T18:00:00Z
CLM000003341,MBR0000302,PRV000054,INSTITUTIONAL,2025-09-01,2025-09-03,Z00.00,APPROVED,3683.13,2439.25,1890.03,,2025-09-18,2026-07-16T08:00:00Z
CLM000003342,MBR0000467,PRV000073,INSTITUTIONAL,2025-01-19,2025-01-20,J45.909,APPROVED,344.90,239.98,190.36,,2025-01-31,2026-07-08T01:00:00Z
CLM000003343,MBR0000380,PRV000028,INSTITUTIONAL,2025-06-11,2025-06-12,Z00.00,APPROVED,2338.59,1421.31,1157.65,,2025-06-25,2026-07-17T15:00:00Z
CLM000003344,MBR0000019,PRV000022,INSTITUTIONAL,2025-04-13,2025-04-15,M54.50,APPROVED,3516.90,2427.67,2012.75,,2025-04-29,2026-07-07T11:00:00Z
CLM000003345,MBR0000962,PRV000007,INSTITUTIONAL,2025-04-20,2025-04-23,J45.909,APPROVED,4712.08,3577.55,2939.16,,2025-05-07,2026-07-19T16:00:00Z
CLM000003346,MBR0000645,PRV000064,PROFESSIONAL,2026-02-23,2026-02-26,N39.0,APPROVED,1739.08,1313.62,945.54,,2026-02-28,2026-07-11T14:00:00Z
CLM000003347,MBR0000772,PRV000043,INSTITUTIONAL,2026-04-19,2026-04-21,M54.50,PENDING,5918.94,3909.63,0.00,,2026-04-24,2026-07-12T04:00:00Z
CLM000003348,MBR0000617,PRV000079,INSTITUTIONAL,2026-04-30,2026-05-03,N39.0,APPROVED,2416.10,1628.64,1524.10,,2026-05-09,2026-07-15T21:00:00Z
CLM000003349,MBR0000593,PRV000097,INSTITUTIONAL,2026-01-03,2026-01-06,E11.9,APPROVED,761.46,464.04,413.62,,2026-01-20,2026-07-13T12:00:00Z
CLM000003350,MBR0000180,PRV000061,PROFESSIONAL,2025-01-20,2025-01-21,E11.9,DENIED,2682.88,1758.83,0.00,CO50,2025-02-01,2026-07-04T05:00:00Z
CLM000003351,MBR0000516,PRV000087,INSTITUTIONAL,2026-02-26,2026-02-28,I10,APPROVED,725.25,431.12,310.64,,2026-03-15,2026-07-09T11:00:00Z
CLM000003352,MBR0000667,PRV000078,INSTITUTIONAL,2025-09-25,2025-09-28,Z00.00,PENDING,659.80,477.20,0.00,,2025-10-12,2026-07-01T16:00:00Z
CLM000003353,MBR0000170,PRV000097,PROFESSIONAL,2025-10-19,2025-10-22,Z00.00,PENDING,1217.81,824.44,0.00,,2025-11-04,2026-07-16T02:00:00Z
CLM000003354,MBR0000631,PRV000088,PROFESSIONAL,2025-09-01,2025-09-04,Z00.00,APPROVED,2273.37,1835.64,1487.24,,2025-09-17,2026-07-18T13:00:00Z
CLM000003355,MBR0000168,PRV000063,PROFESSIONAL,2025-03-07,2025-03-09,Z00.00,APPROVED,1550.39,889.25,838.42,,2025-03-16,2026-07-07T12:00:00Z
CLM000003356,MBR0000779,PRV000001,PROFESSIONAL,2025-02-02,2025-02-05,Z00.00,DENIED,6754.26,3778.10,0.00,CO16,2025-02-06,2026-07-11T19:00:00Z
CLM000003357,MBR0000405,PRV000063,PROFESSIONAL,2026-03-04,2026-03-05,N39.0,APPROVED,943.90,544.06,458.12,,2026-03-23,2026-07-16T19:00:00Z
CLM000003358,MBR0000760,PRV000060,INSTITUTIONAL,2025-07-21,2025-07-22,M54.50,APPROVED,614.53,546.05,425.10,,2025-08-07,2026-07-19T14:00:00Z
CLM000003359,MBR0000342,PRV000019,INSTITUTIONAL,2025-09-05,2025-09-06,E11.9,APPROVED,3584.97,2012.61,1901.77,,2025-09-20,2026-07-15T04:00:00Z
CLM000003360,MBR0000272,PRV000066,INSTITUTIONAL,2025-11-06,2025-11-06,I10,APPROVED,3031.48,2291.75,2091.74,,2025-11-10,2026-07-05T06:00:00Z
CLM000003361,MBR0000859,PRV000012,PROFESSIONAL,2026-05-13,2026-05-14,E11.9,APPROVED,4273.45,3847.65,3373.28,,2026-06-01,2026-07-15T19:00:00Z
CLM000003362,MBR0000955,PRV000039,PROFESSIONAL,2026-01-28,2026-01-31,Z00.00,APPROVED,2994.59,2055.60,1649.55,,2026-02-05,2026-07-03T07:00:00Z
CLM000003363,MBR0000420,PRV000071,PROFESSIONAL,2025-10-17,2025-10-18,N39.0,DENIED,4819.33,3514.48,0.00,CO97,2025-10-26,2026-07-12T21:00:00Z
CLM000003364,MBR0000408,PRV000013,PROFESSIONAL,2025-09-19,2025-09-19,Z00.00,DENIED,3647.62,2272.69,0.00,CO16,2025-10-09,2026-07-14T16:00:00Z
CLM000003365,MBR0000346,PRV000019,INSTITUTIONAL,2025-06-13,2025-06-14,E11.9,APPROVED,6009.93,3472.33,2865.65,,2025-06-23,2026-07-02T04:00:00Z
CLM000003366,MBR0000549,PRV000060,PROFESSIONAL,2025-11-02,2025-11-04,M54.50,APPROVED,630.08,385.99,340.50,,2025-11-20,2026-07-01T18:00:00Z
CLM000003367,MBR0000975,PRV000092,INSTITUTIONAL,2025-03-15,2025-03-17,N39.0,APPROVED,1149.43,701.55,542.72,,2025-03-31,2026-07-07T13:00:00Z
CLM000003368,MBR0000084,PRV000085,PROFESSIONAL,2026-01-12,2026-01-12,E11.9,DENIED,3254.66,2352.18,0.00,CO50,2026-01-20,2026-07-13T12:00:00Z
CLM000003369,MBR0000182,PRV000091,PROFESSIONAL,2025-07-02,2025-07-03,Z00.00,APPROVED,1005.55,572.92,408.66,,2025-07-05,2026-07-07T10:00:00Z
CLM000003370,MBR0000834,PRV000054,PROFESSIONAL,2025-02-26,2025-02-27,J45.909,APPROVED,3684.45,2484.59,2249.28,,2025-03-15,2026-07-13T00:00:00Z
CLM000003371,MBR0000993,PRV000019,INSTITUTIONAL,2025-08-23,2025-08-26,J45.909,APPROVED,4063.80,3476.09,2672.30,,2025-08-30,2026-07-07T10:00:00Z
CLM000003372,MBR0000359,PRV000018,INSTITUTIONAL,2025-03-29,2025-03-31,E11.9,APPROVED,6356.95,3983.36,3503.33,,2025-04-03,2026-07-20T13:00:00Z
CLM000003373,MBR0000465,PRV000070,PROFESSIONAL,2026-01-27,2026-01-29,Z00.00,APPROVED,1009.04,699.95,512.61,,2026-01-28,2026-07-16T12:00:00Z
CLM000003374,MBR0000662,PRV000050,PROFESSIONAL,2025-05-21,2025-05-22,M54.50,APPROVED,811.37,461.44,313.46,,2025-06-10,2026-07-05T16:00:00Z
CLM000003375,MBR0000526,PRV000060,PROFESSIONAL,2025-10-03,2025-10-05,E11.9,APPROVED,2321.99,1842.93,1277.18,,2025-10-21,2026-07-09T05:00:00Z
CLM000003376,MBR0000535,PRV000048,PROFESSIONAL,2026-01-02,2026-01-03,E11.9,APPROVED,1011.68,914.57,851.13,,2026-01-22,2026-07-09T15:00:00Z
CLM000003377,MBR0000833,PRV000082,PROFESSIONAL,2026-04-04,2026-04-04,M54.50,APPROVED,4369.79,2866.27,1879.78,,2026-04-09,2026-07-08T15:00:00Z
CLM000003378,MBR0000157,PRV000014,INSTITUTIONAL,2026-02-20,2026-02-21,I10,DENIED,6332.04,3944.76,0.00,CO50,2026-02-28,2026-07-19T11:00:00Z
CLM000003379,MBR0000422,PRV000065,PROFESSIONAL,2025-11-17,2025-11-18,I10,DENIED,3421.46,3116.26,0.00,CO50,2025-12-03,2026-07-08T13:00:00Z
CLM000003380,MBR0000865,PRV000044,PROFESSIONAL,2025-03-01,2025-03-04,M54.50,APPROVED,5318.98,3720.06,3067.15,,2025-03-14,2026-07-13T01:00:00Z
CLM000003381,MBR0000585,PRV000045,INSTITUTIONAL,2026-06-25,2026-06-28,N39.0,APPROVED,5118.76,3753.23,3614.01,,2026-07-02,2026-07-11T13:00:00Z
CLM000003382,MBR0000683,PRV000079,INSTITUTIONAL,2025-07-12,2025-07-15,E11.9,APPROVED,781.68,507.88,402.99,,2025-07-19,2026-07-15T11:00:00Z
CLM000003383,MBR0000667,PRV000064,INSTITUTIONAL,2025-09-25,2025-09-26,Z00.00,APPROVED,3111.84,2324.41,2158.17,,2025-10-04,2026-07-17T06:00:00Z
CLM000003384,MBR0000600,PRV000055,INSTITUTIONAL,2025-10-19,2025-10-19,M54.50,DENIED,1653.96,1047.25,0.00,CO97,2025-11-05,2026-07-18T05:00:00Z
CLM000003385,MBR0000964,PRV000074,PROFESSIONAL,2026-01-02,2026-01-02,N39.0,APPROVED,4693.83,2734.44,2558.43,,2026-01-14,2026-07-12T07:00:00Z
CLM000003386,MBR0000942,PRV000060,INSTITUTIONAL,2026-03-29,2026-03-30,J45.909,APPROVED,6267.37,3639.03,3226.49,,2026-04-14,2026-07-14T13:00:00Z
CLM000003387,MBR0000370,PRV000045,PROFESSIONAL,2025-10-16,2025-10-17,I10,DENIED,2288.03,1367.33,0.00,CO50,2025-11-04,2026-07-04T08:00:00Z
CLM000003388,MBR0000512,PRV000018,INSTITUTIONAL,2026-05-05,2026-05-07,J45.909,PENDING,5263.12,3371.00,0.00,,2026-05-19,2026-07-19T23:00:00Z
CLM000003389,MBR0000262,PRV000013,INSTITUTIONAL,2025-03-24,2025-03-24,N39.0,APPROVED,1711.33,1482.07,1075.36,,2025-04-07,2026-07-19T09:00:00Z
CLM000003390,MBR0000239,PRV000065,INSTITUTIONAL,2026-01-31,2026-02-02,M54.50,APPROVED,1128.33,844.89,647.83,,2026-02-07,2026-07-16T22:00:00Z
CLM000003391,MBR0000379,PRV000073,PROFESSIONAL,2026-03-03,2026-03-05,Z00.00,APPROVED,5967.83,3815.30,2947.08,,2026-03-22,2026-07-09T15:00:00Z
CLM000003392,MBR0000328,PRV000086,INSTITUTIONAL,2026-01-30,2026-01-31,I10,DENIED,1083.36,762.90,0.00,CO97,2026-02-06,2026-07-13T02:00:00Z
CLM000003393,MBR0000553,PRV000088,INSTITUTIONAL,2026-01-24,2026-01-24,I10,APPROVED,2026.97,1195.99,1063.76,,2026-02-12,2026-07-11T23:00:00Z
CLM000003394,MBR0000774,PRV000074,INSTITUTIONAL,2025-01-30,2025-02-01,J45.909,APPROVED,1028.16,681.62,502.97,,2025-02-16,2026-07-13T15:00:00Z
CLM000003395,MBR0000897,PRV000004,PROFESSIONAL,2026-04-30,2026-05-01,I10,APPROVED,586.28,330.99,236.56,,2026-05-20,2026-07-01T18:00:00Z
CLM000003396,MBR0000847,PRV000010,INSTITUTIONAL,2026-02-13,2026-02-13,E11.9,APPROVED,5039.20,3731.93,3069.11,,2026-02-20,2026-07-20T20:00:00Z
CLM000003397,MBR0000390,PRV000094,PROFESSIONAL,2025-06-08,2025-06-11,N39.0,APPROVED,2809.15,2353.64,1622.45,,2025-06-19,2026-07-05T14:00:00Z
CLM000003398,MBR0000260,PRV000095,INSTITUTIONAL,2025-09-22,2025-09-23,Z00.00,DENIED,717.06,587.35,0.00,CO50,2025-09-30,2026-07-19T00:00:00Z
CLM000003399,MBR0000108,PRV000068,INSTITUTIONAL,2025-12-03,2025-12-05,J45.909,APPROVED,1904.01,1358.82,1171.18,,2025-12-07,2026-07-01T15:00:00Z
CLM000003400,MBR0000868,PRV000001,PROFESSIONAL,2026-01-11,2026-01-11,J45.909,APPROVED,2778.02,1996.00,1425.72,,2026-01-16,2026-07-06T16:00:00Z
CLM000003401,MBR0000992,PRV000041,INSTITUTIONAL,2025-11-20,2025-11-21,Z00.00,APPROVED,2365.43,2076.61,1837.16,,2025-12-08,2026-07-19T12:00:00Z
CLM000003402,MBR0000057,PRV000071,PROFESSIONAL,2026-06-15,2026-06-16,N39.0,APPROVED,2216.84,1484.47,1004.55,,2026-06-21,2026-07-18T05:00:00Z
CLM000003403,MBR0000702,PRV000093,PROFESSIONAL,2025-12-13,2025-12-13,M54.50,APPROVED,4425.21,2898.49,2224.11,,2025-12-26,2026-07-13T20:00:00Z
CLM000003404,MBR0000632,PRV000003,PROFESSIONAL,2026-06-16,2026-06-17,I10,DENIED,2169.90,1637.34,0.00,CO16,2026-06-30,2026-07-01T04:00:00Z
CLM000003405,MBR0000992,PRV000008,INSTITUTIONAL,2025-06-24,2025-06-25,N39.0,DENIED,3769.53,3237.43,0.00,CO50,2025-07-13,2026-07-18T21:00:00Z
CLM000003406,MBR0000923,PRV000022,PROFESSIONAL,2025-02-12,2025-02-13,E11.9,APPROVED,2916.00,1902.63,1825.72,,2025-02-20,2026-07-16T07:00:00Z
CLM000003407,MBR0000124,PRV000037,INSTITUTIONAL,2025-05-19,2025-05-21,E11.9,APPROVED,5154.81,3010.18,2964.14,,2025-06-02,2026-07-14T20:00:00Z
CLM000003408,MBR0000842,PRV000022,INSTITUTIONAL,2025-04-02,2025-04-05,M54.50,APPROVED,3073.29,2619.74,2504.19,,2025-04-13,2026-07-15T17:00:00Z
CLM000003409,MBR0000333,PRV000020,INSTITUTIONAL,2026-05-08,2026-05-11,N39.0,APPROVED,3726.39,3098.79,2199.99,,2026-05-23,2026-07-04T22:00:00Z
CLM000003410,MBR0000101,PRV000055,PROFESSIONAL,2025-10-14,2025-10-14,N39.0,APPROVED,4291.97,2619.04,1832.40,,2025-10-20,2026-07-15T04:00:00Z
CLM000003411,MBR0000646,PRV000006,INSTITUTIONAL,2026-01-14,2026-01-16,E11.9,APPROVED,6004.05,3843.01,3599.35,,2026-01-17,2026-07-03T12:00:00Z
CLM000003412,MBR0000020,PRV000019,PROFESSIONAL,2025-04-01,2025-04-03,I10,APPROVED,4328.11,3370.33,3004.60,,2025-04-19,2026-07-12T06:00:00Z
CLM000003413,MBR0000500,PRV000084,PROFESSIONAL,2026-04-02,2026-04-04,Z00.00,APPROVED,3938.36,2338.81,1528.84,,2026-04-12,2026-07-04T14:00:00Z
CLM000003414,MBR0000548,PRV000076,PROFESSIONAL,2026-06-03,2026-06-04,J45.909,APPROVED,2915.93,1979.40,1333.16,,2026-06-10,2026-07-16T23:00:00Z
CLM000003415,MBR0000269,PRV000068,INSTITUTIONAL,2025-06-23,2025-06-26,N39.0,APPROVED,2635.03,2082.93,1484.39,,2025-06-30,2026-07-07T13:00:00Z
CLM000003416,MBR0000651,PRV000069,PROFESSIONAL,2026-01-08,2026-01-09,Z00.00,APPROVED,926.36,516.23,418.56,,2026-01-10,2026-07-14T12:00:00Z
CLM000003417,MBR0000322,PRV000032,INSTITUTIONAL,2025-06-24,2025-06-24,J45.909,APPROVED,1996.60,1620.99,1483.20,,2025-07-03,2026-07-11T10:00:00Z
CLM000003418,MBR0000464,PRV000074,INSTITUTIONAL,2026-05-23,2026-05-25,M54.50,APPROVED,1511.73,1084.66,993.48,,2026-06-10,2026-07-12T13:00:00Z
CLM000003419,MBR0000846,PRV000054,INSTITUTIONAL,2026-06-01,2026-06-03,N39.0,APPROVED,5315.78,3188.26,2868.69,,2026-06-17,2026-07-03T18:00:00Z
CLM000003420,MBR0000108,PRV000086,INSTITUTIONAL,2026-05-28,2026-05-29,J45.909,APPROVED,2523.01,1527.33,1092.99,,2026-06-08,2026-07-17T21:00:00Z
CLM000003421,MBR0000708,PRV000038,INSTITUTIONAL,2025-05-20,2025-05-21,N39.0,APPROVED,2099.52,1834.67,1649.54,,2025-06-02,2026-07-12T15:00:00Z
CLM000003422,MBR0000478,PRV000066,INSTITUTIONAL,2025-08-20,2025-08-21,M54.50,APPROVED,1050.12,643.83,522.50,,2025-08-22,2026-07-03T15:00:00Z
CLM000003423,MBR0000235,PRV000093,INSTITUTIONAL,2025-03-26,2025-03-26,N39.0,DENIED,956.13,620.13,0.00,CO16,2025-04-05,2026-07-13T06:00:00Z
CLM000003424,MBR0000648,PRV000076,PROFESSIONAL,2025-04-22,2025-04-25,Z00.00,APPROVED,4462.36,3216.61,2743.18,,2025-04-24,2026-07-01T03:00:00Z
CLM000003425,MBR0000158,PRV000066,PROFESSIONAL,2026-02-01,2026-02-02,J45.909,APPROVED,1780.86,1010.09,751.29,,2026-02-20,2026-07-02T02:00:00Z
CLM000003426,MBR0000712,PRV000002,INSTITUTIONAL,2025-08-20,2025-08-22,Z00.00,APPROVED,1450.64,1174.95,943.65,,2025-09-02,2026-07-13T10:00:00Z
CLM000003427,MBR0000306,PRV000070,PROFESSIONAL,2025-02-20,2025-02-23,N39.0,APPROVED,314.74,294.35,252.46,,2025-03-10,2026-07-04T01:00:00Z
CLM000003428,MBR0000281,PRV000011,INSTITUTIONAL,2025-01-08,2025-01-08,J45.909,APPROVED,4941.82,3446.24,2563.04,,2025-01-18,2026-07-18T11:00:00Z
CLM000003429,MBR0000652,PRV000031,INSTITUTIONAL,2025-09-18,2025-09-19,J45.909,DENIED,3083.31,1885.80,0.00,CO50,2025-10-03,2026-07-07T00:00:00Z
CLM000003430,MBR0000059,PRV000050,INSTITUTIONAL,2025-11-02,2025-11-05,M54.50,APPROVED,2982.05,2544.90,1959.34,,2025-11-08,2026-07-11T20:00:00Z
CLM000003431,MBR0000966,PRV000047,INSTITUTIONAL,2025-11-10,2025-11-11,J45.909,DENIED,4681.22,2872.42,0.00,CO16,2025-11-12,2026-07-20T05:00:00Z
CLM000003432,MBR0000726,PRV000089,INSTITUTIONAL,2026-01-13,2026-01-16,I10,APPROVED,1117.29,629.28,563.01,,2026-01-25,2026-07-19T02:00:00Z
CLM000003433,MBR0000588,PRV000013,PROFESSIONAL,2026-03-29,2026-03-29,E11.9,DENIED,3262.77,3064.91,0.00,CO97,2026-03-31,2026-07-03T07:00:00Z
CLM000003434,MBR0000301,PRV000035,PROFESSIONAL,2026-05-29,2026-05-30,E11.9,APPROVED,1450.75,1045.49,876.06,,2026-06-13,2026-07-06T01:00:00Z
CLM000003435,MBR0000484,PRV000024,INSTITUTIONAL,2026-01-11,2026-01-11,Z00.00,APPROVED,3986.47,2263.72,2124.80,,2026-01-16,2026-07-17T14:00:00Z
CLM000003436,MBR0000940,PRV000049,INSTITUTIONAL,2026-03-15,2026-03-15,N39.0,APPROVED,3308.07,2451.19,2370.81,,2026-03-30,2026-07-16T11:00:00Z
CLM000003437,MBR0000858,PRV000033,INSTITUTIONAL,2025-03-29,2025-03-29,E11.9,APPROVED,3537.86,2987.60,2695.39,,2025-04-13,2026-07-14T20:00:00Z
CLM000003438,MBR0000368,PRV000019,PROFESSIONAL,2025-12-20,2025-12-23,J45.909,APPROVED,6046.40,3635.90,2619.06,,2026-01-05,2026-07-10T13:00:00Z
CLM000003439,MBR0000983,PRV000008,PROFESSIONAL,2025-04-07,2025-04-09,J45.909,APPROVED,299.38,188.20,186.84,,2025-04-13,2026-07-03T00:00:00Z
CLM000003440,MBR0000390,PRV000090,PROFESSIONAL,2026-03-31,2026-04-02,E11.9,APPROVED,3419.58,2490.35,2074.05,,2026-04-11,2026-07-18T17:00:00Z
CLM000003441,MBR0000069,PRV000087,PROFESSIONAL,2025-02-23,2025-02-24,N39.0,APPROVED,4503.10,3286.53,2284.03,,2025-03-14,2026-07-16T14:00:00Z
CLM000003442,MBR0000375,PRV000074,INSTITUTIONAL,2026-01-08,2026-01-08,E11.9,APPROVED,2492.20,1457.35,1159.81,,2026-01-19,2026-07-05T07:00:00Z
CLM000003443,MBR0000900,PRV000046,INSTITUTIONAL,2025-10-18,2025-10-20,I10,APPROVED,3422.29,2865.37,2411.28,,2025-10-22,2026-07-09T11:00:00Z
CLM000003444,MBR0000385,PRV000004,INSTITUTIONAL,2025-01-26,2025-01-28,N39.0,APPROVED,4548.07,3667.44,3201.00,,2025-02-13,2026-07-07T01:00:00Z
CLM000003445,MBR0000507,PRV000032,INSTITUTIONAL,2026-05-29,2026-05-30,J45.909,DENIED,1457.99,1200.43,0.00,CO50,2026-06-02,2026-07-13T00:00:00Z
CLM000003446,MBR0000966,PRV000098,INSTITUTIONAL,2025-11-28,2025-12-01,E11.9,APPROVED,3354.12,2966.47,2787.28,,2025-12-08,2026-07-20T11:00:00Z
CLM000003447,MBR0000213,PRV000030,INSTITUTIONAL,2026-04-01,2026-04-04,E11.9,APPROVED,4135.93,2825.48,2319.95,,2026-04-02,2026-07-15T19:00:00Z
CLM000003448,MBR0000075,PRV000080,PROFESSIONAL,2026-03-15,2026-03-18,Z00.00,APPROVED,4815.05,2937.93,2061.21,,2026-03-22,2026-07-15T06:00:00Z
CLM000003449,MBR0000426,PRV000077,PROFESSIONAL,2025-05-29,2025-06-01,J45.909,APPROVED,5536.76,3105.77,2105.63,,2025-06-16,2026-07-16T16:00:00Z
CLM000003450,MBR0000835,PRV000018,INSTITUTIONAL,2025-09-24,2025-09-27,Z00.00,PENDING,4222.74,2381.33,0.00,,2025-09-30,2026-07-12T19:00:00Z
CLM000003451,MBR0000717,PRV000006,INSTITUTIONAL,2026-03-04,2026-03-05,I10,APPROVED,3342.43,2855.06,2040.06,,2026-03-06,2026-07-14T20:00:00Z
CLM000003452,MBR0000287,PRV000064,PROFESSIONAL,2025-07-15,2025-07-17,I10,PENDING,5424.00,3417.33,0.00,,2025-07-29,2026-07-07T05:00:00Z
CLM000003453,MBR0000453,PRV000043,INSTITUTIONAL,2025-03-16,2025-03-16,I10,APPROVED,4790.11,2934.77,2403.61,,2025-03-25,2026-07-05T17:00:00Z
CLM000003454,MBR0000274,PRV000060,INSTITUTIONAL,2025-06-07,2025-06-07,E11.9,APPROVED,5413.31,3377.32,2297.63,,2025-06-26,2026-07-12T04:00:00Z
CLM000003455,MBR0000263,PRV000061,INSTITUTIONAL,2025-07-25,2025-07-27,I10,APPROVED,2030.61,1449.07,1282.48,,2025-08-10,2026-07-04T17:00:00Z
CLM000003456,MBR0000301,PRV000081,INSTITUTIONAL,2025-01-18,2025-01-18,E11.9,APPROVED,3647.31,2785.63,2204.26,,2025-01-28,2026-07-02T10:00:00Z
CLM000003457,MBR0000258,PRV000030,PROFESSIONAL,2026-05-09,2026-05-09,M54.50,APPROVED,3577.24,2496.94,1653.57,,2026-05-27,2026-07-07T13:00:00Z
CLM000003458,MBR0000047,PRV000097,INSTITUTIONAL,2026-05-29,2026-05-29,J45.909,APPROVED,3409.06,3164.37,2324.62,,2026-06-07,2026-07-19T02:00:00Z
CLM000003459,MBR0000658,PRV000020,INSTITUTIONAL,2025-09-16,2025-09-18,I10,APPROVED,6761.17,3852.65,3703.01,,2025-09-30,2026-07-11T08:00:00Z
CLM000003460,MBR0000518,PRV000009,INSTITUTIONAL,2025-10-03,2025-10-04,I10,APPROVED,6570.34,3770.19,3459.87,,2025-10-14,2026-07-19T06:00:00Z
CLM000003461,MBR0000710,PRV000094,INSTITUTIONAL,2025-04-10,2025-04-13,J45.909,DENIED,1186.81,1006.68,0.00,CO50,2025-04-19,2026-07-05T04:00:00Z
CLM000003462,MBR0000225,PRV000053,INSTITUTIONAL,2026-02-09,2026-02-10,N39.0,APPROVED,4470.31,3434.67,2402.86,,2026-02-12,2026-07-02T14:00:00Z
CLM000003463,MBR0000871,PRV000041,PROFESSIONAL,2026-05-26,2026-05-27,J45.909,APPROVED,5595.63,3627.22,3299.21,,2026-06-15,2026-07-19T07:00:00Z
CLM000003464,MBR0000058,PRV000055,INSTITUTIONAL,2025-02-08,2025-02-08,N39.0,APPROVED,4265.73,3174.32,2492.87,,2025-02-22,2026-07-17T23:00:00Z
CLM000003465,MBR0000840,PRV000084,PROFESSIONAL,2025-04-01,2025-04-02,I10,APPROVED,3443.68,2778.26,1854.59,,2025-04-15,2026-07-14T22:00:00Z
CLM000003466,MBR0000207,PRV000067,INSTITUTIONAL,2026-06-19,2026-06-21,Z00.00,APPROVED,98.06,62.60,44.92,,2026-07-06,2026-07-02T14:00:00Z
CLM000003467,MBR0000603,PRV000063,INSTITUTIONAL,2025-01-24,2025-01-25,Z00.00,APPROVED,2156.95,1475.17,1257.10,,2025-02-07,2026-07-04T22:00:00Z
CLM000003468,MBR0000904,PRV000085,PROFESSIONAL,2026-04-11,2026-04-13,J45.909,PENDING,2587.86,1635.33,0.00,,2026-04-13,2026-07-17T02:00:00Z
CLM000003469,MBR0000373,PRV000014,INSTITUTIONAL,2026-04-13,2026-04-14,Z00.00,APPROVED,93.89,52.25,51.93,,2026-04-24,2026-07-05T10:00:00Z
CLM000003470,MBR0000224,PRV000041,PROFESSIONAL,2026-05-10,2026-05-10,M54.50,DENIED,455.50,406.20,0.00,CO97,2026-05-21,2026-07-17T21:00:00Z
CLM000003471,MBR0000633,PRV000021,INSTITUTIONAL,2025-10-29,2025-11-01,E11.9,APPROVED,1507.15,1149.28,816.57,,2025-11-09,2026-07-04T10:00:00Z
CLM000003472,MBR0000096,PRV000012,PROFESSIONAL,2025-05-07,2025-05-07,I10,APPROVED,3677.21,2550.52,2372.51,,2025-05-25,2026-07-13T02:00:00Z
CLM000003473,MBR0000162,PRV000037,PROFESSIONAL,2026-06-13,2026-06-13,M54.50,APPROVED,3520.20,2112.37,1583.52,,2026-06-23,2026-07-08T06:00:00Z
CLM000003474,MBR0000049,PRV000034,PROFESSIONAL,2026-03-20,2026-03-23,I10,DENIED,117.92,97.24,0.00,CO50,2026-04-04,2026-07-13T15:00:00Z
CLM000003475,MBR0000883,PRV000079,PROFESSIONAL,2026-04-15,2026-04-18,M54.50,APPROVED,1590.51,1284.49,930.12,,2026-04-23,2026-07-03T23:00:00Z
CLM000003476,MBR0000124,PRV000083,INSTITUTIONAL,2026-02-18,2026-02-19,I10,APPROVED,2489.74,1767.28,1628.65,,2026-03-04,2026-07-07T08:00:00Z
CLM000003477,MBR0000720,PRV000059,INSTITUTIONAL,2025-10-05,2025-10-08,M54.50,DENIED,4754.29,3496.73,0.00,CO16,2025-10-24,2026-07-14T10:00:00Z
CLM000003478,MBR0000442,PRV000039,INSTITUTIONAL,2026-01-11,2026-01-12,Z00.00,APPROVED,4675.24,3762.16,2762.13,,2026-01-29,2026-07-16T13:00:00Z
CLM000003479,MBR0000783,PRV000054,PROFESSIONAL,2026-05-22,2026-05-22,N39.0,APPROVED,5317.27,3519.49,2425.35,,2026-05-27,2026-07-17T11:00:00Z
CLM000003480,MBR0000922,PRV000067,PROFESSIONAL,2025-12-12,2025-12-12,J45.909,APPROVED,2766.88,1662.78,1391.66,,2025-12-29,2026-07-01T08:00:00Z
CLM000003481,MBR0000307,PRV000054,INSTITUTIONAL,2025-09-27,2025-09-28,E11.9,APPROVED,4477.95,2546.91,1701.20,,2025-10-14,2026-07-02T05:00:00Z
CLM000003482,MBR0000213,PRV000004,PROFESSIONAL,2025-09-08,2025-09-08,N39.0,APPROVED,4713.52,3565.85,2741.46,,2025-09-15,2026-07-16T17:00:00Z
CLM000003483,MBR0000359,PRV000045,INSTITUTIONAL,2026-06-13,2026-06-13,N39.0,APPROVED,3213.68,1989.58,1475.93,,2026-07-03,2026-07-04T17:00:00Z
CLM000003484,MBR0000904,PRV000068,INSTITUTIONAL,2025-02-25,2025-02-28,I10,PENDING,2431.95,2308.25,0.00,,2025-03-12,2026-07-15T15:00:00Z
CLM000003485,MBR0000079,PRV000094,INSTITUTIONAL,2025-12-03,2025-12-05,E11.9,APPROVED,2878.06,2312.88,2231.01,,2025-12-08,2026-07-09T06:00:00Z
CLM000003486,MBR0000339,PRV000027,PROFESSIONAL,2025-11-03,2025-11-05,M54.50,PENDING,3511.13,2203.63,0.00,,2025-11-23,2026-07-20T20:00:00Z
CLM000003487,MBR0000380,PRV000027,PROFESSIONAL,2025-11-02,2025-11-04,E11.9,APPROVED,3837.06,3284.05,3040.94,,2025-11-13,2026-07-09T20:00:00Z
CLM000003488,MBR0000222,PRV000041,PROFESSIONAL,2025-06-07,2025-06-08,I10,APPROVED,3226.78,2718.70,1828.11,,2025-06-10,2026-07-04T03:00:00Z
CLM000003489,MBR0000538,PRV000035,INSTITUTIONAL,2026-04-02,2026-04-04,M54.50,APPROVED,1429.06,1160.48,1066.31,,2026-04-14,2026-07-18T14:00:00Z
CLM000003490,MBR0000205,PRV000011,INSTITUTIONAL,2026-04-07,2026-04-09,I10,DENIED,2539.23,2315.23,0.00,CO97,2026-04-17,2026-07-11T06:00:00Z
CLM000003491,MBR0000087,PRV000073,INSTITUTIONAL,2026-02-20,2026-02-21,E11.9,APPROVED,2937.96,2126.76,2055.56,,2026-03-04,2026-07-02T08:00:00Z
CLM000003492,MBR0000916,PRV000042,PROFESSIONAL,2026-05-30,2026-06-01,Z00.00,DENIED,567.96,431.02,0.00,CO97,2026-06-07,2026-07-03T17:00:00Z
CLM000003493,MBR0000335,PRV000071,INSTITUTIONAL,2025-08-24,2025-08-27,I10,DENIED,4956.20,2921.62,0.00,CO97,2025-08-25,2026-07-17T18:00:00Z
CLM000003494,MBR0000955,PRV000074,INSTITUTIONAL,2025-07-24,2025-07-24,Z00.00,APPROVED,651.84,474.24,354.94,,2025-08-09,2026-07-08T00:00:00Z
CLM000003495,MBR0000281,PRV000078,PROFESSIONAL,2025-03-14,2025-03-15,J45.909,APPROVED,801.36,448.65,359.63,,2025-03-23,2026-07-04T16:00:00Z
CLM000003496,MBR0000105,PRV000058,PROFESSIONAL,2025-11-29,2025-12-01,I10,APPROVED,5863.07,3757.72,3662.89,,2025-12-09,2026-07-15T00:00:00Z
CLM000003497,MBR0000822,PRV000059,PROFESSIONAL,2025-04-03,2025-04-03,Z00.00,APPROVED,887.10,749.91,487.99,,2025-04-23,2026-07-07T16:00:00Z
CLM000003498,MBR0000802,PRV000043,INSTITUTIONAL,2025-02-01,2025-02-01,N39.0,APPROVED,2261.41,1961.03,1633.17,,2025-02-04,2026-07-05T20:00:00Z
CLM000003499,MBR0000583,PRV000040,PROFESSIONAL,2025-01-28,2025-01-29,Z00.00,APPROVED,1293.35,867.73,708.78,,2025-02-01,2026-07-10T21:00:00Z
CLM000003500,MBR0000436,PRV000013,PROFESSIONAL,2026-04-18,2026-04-21,E11.9,APPROVED,6256.31,3607.37,2900.52,,2026-04-25,2026-07-17T18:00:00Z
CLM000003501,MBR0000994,PRV000049,INSTITUTIONAL,2025-06-15,2025-06-15,J45.909,APPROVED,2270.56,1648.85,1621.71,,2025-06-16,2026-07-13T05:00:00Z
CLM000003502,MBR0000229,PRV000100,INSTITUTIONAL,2025-11-18,2025-11-21,M54.50,APPROVED,4929.40,2937.78,2061.79,,2025-12-04,2026-07-07T14:00:00Z
CLM000003503,MBR0000840,PRV000071,PROFESSIONAL,2026-03-17,2026-03-19,Z00.00,APPROVED,1157.33,876.18,774.38,,2026-03-24,2026-07-06T18:00:00Z
CLM000003504,MBR0000607,PRV000043,PROFESSIONAL,2025-12-26,2025-12-28,E11.9,APPROVED,3058.30,1818.26,1683.15,,2026-01-09,2026-07-14T11:00:00Z
CLM000003505,MBR0000550,PRV000005,INSTITUTIONAL,2025-06-08,2025-06-08,M54.50,APPROVED,2201.17,1593.37,1234.99,,2025-06-23,2026-07-10T13:00:00Z
CLM000003506,MBR0000504,PRV000070,INSTITUTIONAL,2025-06-17,2025-06-20,I10,APPROVED,4355.52,3210.74,2374.07,,2025-06-29,2026-07-15T16:00:00Z
CLM000003507,MBR0000557,PRV000020,INSTITUTIONAL,2026-03-04,2026-03-04,I10,APPROVED,4538.21,3850.57,3638.42,,2026-03-18,2026-07-08T08:00:00Z
CLM000003508,MBR0000099,PRV000067,INSTITUTIONAL,2025-11-07,2025-11-07,M54.50,APPROVED,1558.04,1467.00,1368.79,,2025-11-25,2026-07-16T01:00:00Z
CLM000003509,MBR0000405,PRV000073,INSTITUTIONAL,2025-08-08,2025-08-10,I10,APPROVED,4440.28,3327.27,2545.66,,2025-08-22,2026-07-14T12:00:00Z
CLM000003510,MBR0000575,PRV000097,PROFESSIONAL,2025-09-17,2025-09-17,Z00.00,APPROVED,2223.79,1416.37,1052.36,,2025-09-26,2026-07-02T00:00:00Z
CLM000003511,MBR0000536,PRV000034,PROFESSIONAL,2026-03-31,2026-04-03,J45.909,APPROVED,2057.42,1392.86,1101.71,,2026-04-07,2026-07-03T21:00:00Z
CLM000003512,MBR0000270,PRV000007,PROFESSIONAL,2025-12-13,2025-12-14,M54.50,DENIED,3824.60,2437.18,0.00,CO50,2025-12-25,2026-07-03T09:00:00Z
CLM000003513,MBR0000365,PRV000045,INSTITUTIONAL,2026-01-31,2026-02-03,Z00.00,APPROVED,329.26,200.43,132.87,,2026-02-05,2026-07-03T14:00:00Z
CLM000003514,MBR0000944,PRV000072,PROFESSIONAL,2025-05-20,2025-05-20,N39.0,APPROVED,932.28,687.18,648.66,,2025-06-02,2026-07-02T05:00:00Z
CLM000003515,MBR0000858,PRV000098,INSTITUTIONAL,2025-03-26,2025-03-26,M54.50,APPROVED,5049.80,3524.46,2434.99,,2025-04-09,2026-07-06T01:00:00Z
CLM000003516,MBR0000771,PRV000042,INSTITUTIONAL,2026-02-05,2026-02-05,M54.50,APPROVED,4318.91,2953.01,2289.94,,2026-02-11,2026-07-07T18:00:00Z
CLM000003517,MBR0000726,PRV000068,INSTITUTIONAL,2025-07-16,2025-07-19,I10,APPROVED,2333.45,1844.29,1749.91,,2025-07-19,2026-07-12T05:00:00Z
CLM000003518,MBR0000090,PRV000100,PROFESSIONAL,2025-04-27,2025-04-27,M54.50,DENIED,5282.49,3796.41,0.00,CO97,2025-05-03,2026-07-15T19:00:00Z
CLM000003519,MBR0000677,PRV000063,PROFESSIONAL,2025-11-03,2025-11-06,E11.9,DENIED,6009.69,3410.98,0.00,CO97,2025-11-23,2026-07-01T10:00:00Z
CLM000003520,MBR0000157,PRV000070,INSTITUTIONAL,2025-09-02,2025-09-05,M54.50,APPROVED,1750.74,1271.43,853.54,,2025-09-22,2026-07-16T18:00:00Z
CLM000003521,MBR0000827,PRV000027,PROFESSIONAL,2025-07-04,2025-07-04,Z00.00,APPROVED,1620.82,1103.95,938.34,,2025-07-23,2026-07-20T07:00:00Z
CLM000003522,MBR0000460,PRV000090,INSTITUTIONAL,2025-03-24,2025-03-25,M54.50,APPROVED,5337.43,3394.75,2583.04,,2025-03-31,2026-07-17T15:00:00Z
CLM000003523,MBR0000973,PRV000096,INSTITUTIONAL,2026-04-15,2026-04-17,M54.50,APPROVED,5700.84,3215.87,2720.13,,2026-05-05,2026-07-08T04:00:00Z
CLM000003524,MBR0000154,PRV000100,PROFESSIONAL,2026-02-21,2026-02-21,I10,APPROVED,2786.85,2132.97,1940.15,,2026-03-01,2026-07-12T04:00:00Z
CLM000003525,MBR0000553,PRV000064,INSTITUTIONAL,2026-01-01,2026-01-01,J45.909,APPROVED,2750.59,1756.03,1335.79,,2026-01-18,2026-07-09T07:00:00Z
CLM000003526,MBR0000163,PRV000021,INSTITUTIONAL,2026-05-21,2026-05-22,N39.0,APPROVED,1168.31,945.95,628.76,,2026-06-08,2026-07-12T09:00:00Z
CLM000003527,MBR0000546,PRV000086,INSTITUTIONAL,2025-12-18,2025-12-19,E11.9,DENIED,2765.35,2174.27,0.00,CO50,2026-01-02,2026-07-20T10:00:00Z
CLM000003528,MBR0000925,PRV000098,INSTITUTIONAL,2025-09-08,2025-09-08,I10,APPROVED,1397.09,812.22,618.22,,2025-09-14,2026-07-04T15:00:00Z
CLM000003529,MBR0000965,PRV000007,INSTITUTIONAL,2025-03-01,2025-03-04,J45.909,APPROVED,1351.21,1039.20,743.62,,2025-03-06,2026-07-06T22:00:00Z
CLM000003530,MBR0000384,PRV000065,INSTITUTIONAL,2025-11-14,2025-11-15,I10,APPROVED,4194.48,2382.20,1834.91,,2025-11-24,2026-07-04T22:00:00Z
CLM000003531,MBR0000411,PRV000061,INSTITUTIONAL,2025-12-06,2025-12-09,I10,DENIED,3024.81,1793.16,0.00,CO97,2025-12-12,2026-07-02T05:00:00Z
CLM000003532,MBR0000553,PRV000035,PROFESSIONAL,2025-12-02,2025-12-05,N39.0,APPROVED,2160.13,1886.60,1649.69,,2025-12-03,2026-07-20T04:00:00Z
CLM000003533,MBR0000883,PRV000028,PROFESSIONAL,2026-05-07,2026-05-09,I10,APPROVED,1362.06,1068.46,1059.99,,2026-05-26,2026-07-14T06:00:00Z
CLM000003534,MBR0000912,PRV000009,INSTITUTIONAL,2026-02-25,2026-02-27,I10,APPROVED,640.38,467.03,316.22,,2026-03-06,2026-07-04T02:00:00Z
CLM000003535,MBR0000007,PRV000073,INSTITUTIONAL,2026-06-01,2026-06-01,Z00.00,DENIED,942.18,528.86,0.00,CO16,2026-06-18,2026-07-02T07:00:00Z
CLM000003536,MBR0000045,PRV000029,PROFESSIONAL,2026-02-02,2026-02-05,E11.9,APPROVED,4302.85,3000.53,2769.11,,2026-02-15,2026-07-02T12:00:00Z
CLM000003537,MBR0000201,PRV000098,PROFESSIONAL,2026-04-13,2026-04-14,Z00.00,APPROVED,5977.55,3595.59,2526.09,,2026-05-03,2026-07-04T13:00:00Z
CLM000003538,MBR0000999,PRV000015,PROFESSIONAL,2025-04-25,2025-04-28,M54.50,APPROVED,141.05,81.06,54.45,,2025-05-09,2026-07-11T23:00:00Z
CLM000003539,MBR0000583,PRV000065,PROFESSIONAL,2025-06-24,2025-06-27,Z00.00,APPROVED,2284.13,1616.01,1103.83,,2025-06-30,2026-07-16T10:00:00Z
CLM000003540,MBR0000280,PRV000099,PROFESSIONAL,2025-05-15,2025-05-18,N39.0,APPROVED,3764.29,2675.81,1899.96,,2025-05-26,2026-07-12T10:00:00Z
CLM000003541,MBR0000035,PRV000066,PROFESSIONAL,2026-02-21,2026-02-24,J45.909,APPROVED,704.60,419.36,356.65,,2026-03-04,2026-07-20T18:00:00Z
CLM000003542,MBR0000448,PRV000093,PROFESSIONAL,2026-06-10,2026-06-12,N39.0,APPROVED,3366.07,3168.11,2489.94,,2026-06-22,2026-07-17T03:00:00Z
CLM000003543,MBR0000043,PRV000075,INSTITUTIONAL,2026-03-04,2026-03-04,I10,APPROVED,5757.75,3982.90,3552.27,,2026-03-08,2026-07-02T08:00:00Z
CLM000003544,MBR0000328,PRV000072,INSTITUTIONAL,2025-08-28,2025-08-28,N39.0,PENDING,5838.77,3583.81,0.00,,2025-09-04,2026-07-08T14:00:00Z
CLM000003545,MBR0000181,PRV000069,INSTITUTIONAL,2025-04-04,2025-04-07,N39.0,APPROVED,5857.86,3738.54,3131.44,,2025-04-15,2026-07-13T13:00:00Z
CLM000003546,MBR0000041,PRV000002,PROFESSIONAL,2026-06-18,2026-06-21,Z00.00,APPROVED,4357.46,2583.63,2277.27,,2026-07-06,2026-07-10T02:00:00Z
CLM000003547,MBR0000895,PRV000085,INSTITUTIONAL,2025-01-28,2025-01-31,N39.0,APPROVED,1779.77,1635.29,1419.83,,2025-02-03,2026-07-12T22:00:00Z
CLM000003548,MBR0000839,PRV000083,INSTITUTIONAL,2026-03-06,2026-03-07,M54.50,PENDING,1694.53,1280.80,0.00,,2026-03-18,2026-07-17T11:00:00Z
CLM000003549,MBR0000178,PRV000036,PROFESSIONAL,2025-04-25,2025-04-26,Z00.00,APPROVED,1381.54,907.67,665.57,,2025-05-02,2026-07-11T07:00:00Z
CLM000003550,MBR0000393,PRV000084,INSTITUTIONAL,2025-12-31,2026-01-01,I10,APPROVED,3809.75,3397.12,2772.25,,2026-01-04,2026-07-14T08:00:00Z
CLM000003551,MBR0000725,PRV000025,PROFESSIONAL,2025-10-30,2025-10-30,M54.50,APPROVED,3048.89,2329.35,1975.02,,2025-11-09,2026-07-08T23:00:00Z
CLM000003552,MBR0000618,PRV000032,PROFESSIONAL,2025-11-24,2025-11-24,E11.9,APPROVED,4777.75,3076.97,2542.36,,2025-11-28,2026-07-14T23:00:00Z
CLM000003553,MBR0000738,PRV000032,INSTITUTIONAL,2025-07-14,2025-07-17,I10,PENDING,4828.92,2918.96,0.00,,2025-07-18,2026-07-19T14:00:00Z
CLM000003554,MBR0000086,PRV000067,INSTITUTIONAL,2025-03-26,2025-03-29,M54.50,APPROVED,3530.38,2231.87,1856.21,,2025-04-08,2026-07-15T18:00:00Z
CLM000003555,MBR0000320,PRV000098,INSTITUTIONAL,2025-02-18,2025-02-19,I10,APPROVED,5414.19,3272.13,3147.33,,2025-02-24,2026-07-10T08:00:00Z
CLM000003556,MBR0000149,PRV000034,INSTITUTIONAL,2026-03-07,2026-03-08,Z00.00,APPROVED,6171.50,3439.10,2883.61,,2026-03-20,2026-07-18T13:00:00Z
CLM000003557,MBR0000105,PRV000069,INSTITUTIONAL,2025-09-26,2025-09-28,E11.9,APPROVED,5095.69,3962.11,3447.73,,2025-09-29,2026-07-16T19:00:00Z
CLM000003558,MBR0000510,PRV000044,INSTITUTIONAL,2026-03-18,2026-03-21,M54.50,PENDING,4606.06,3589.63,0.00,,2026-03-20,2026-07-02T14:00:00Z
CLM000003559,MBR0000804,PRV000100,PROFESSIONAL,2025-06-16,2025-06-18,N39.0,APPROVED,4864.55,3217.17,3182.16,,2025-06-20,2026-07-05T03:00:00Z
CLM000003560,MBR0000349,PRV000004,PROFESSIONAL,2025-09-06,2025-09-06,M54.50,APPROVED,792.78,564.69,503.89,,2025-09-19,2026-07-15T19:00:00Z
CLM000003561,MBR0000262,PRV000048,INSTITUTIONAL,2026-04-02,2026-04-02,I10,DENIED,2923.13,2667.42,0.00,CO50,2026-04-19,2026-07-16T07:00:00Z
CLM000003562,MBR0000883,PRV000091,PROFESSIONAL,2026-05-17,2026-05-19,Z00.00,DENIED,698.92,496.39,0.00,CO50,2026-05-23,2026-07-05T15:00:00Z
CLM000003563,MBR0000120,PRV000004,INSTITUTIONAL,2025-08-22,2025-08-24,Z00.00,APPROVED,5280.82,3705.34,2421.60,,2025-08-26,2026-07-20T05:00:00Z
CLM000003564,MBR0000364,PRV000024,PROFESSIONAL,2026-04-06,2026-04-06,J45.909,PENDING,1621.38,1052.44,0.00,,2026-04-20,2026-07-07T16:00:00Z
CLM000003565,MBR0000259,PRV000003,INSTITUTIONAL,2025-12-19,2025-12-19,E11.9,APPROVED,4034.55,3097.10,2298.40,,2025-12-26,2026-07-06T11:00:00Z
CLM000003566,MBR0000477,PRV000058,PROFESSIONAL,2025-10-23,2025-10-25,E11.9,APPROVED,2819.05,2370.58,2001.21,,2025-11-07,2026-07-02T16:00:00Z
CLM000003567,MBR0000613,PRV000050,PROFESSIONAL,2025-07-14,2025-07-16,E11.9,APPROVED,3004.74,1823.81,1471.22,,2025-07-19,2026-07-01T11:00:00Z
CLM000003568,MBR0000798,PRV000057,PROFESSIONAL,2026-03-17,2026-03-18,N39.0,APPROVED,1014.02,854.20,639.40,,2026-03-29,2026-07-08T14:00:00Z
CLM000003569,MBR0000248,PRV000032,PROFESSIONAL,2025-07-08,2025-07-08,Z00.00,APPROVED,2021.80,1514.44,1331.97,,2025-07-19,2026-07-02T03:00:00Z
CLM000003570,MBR0000631,PRV000042,PROFESSIONAL,2025-04-09,2025-04-10,M54.50,APPROVED,4489.64,2745.87,1859.30,,2025-04-18,2026-07-17T10:00:00Z
CLM000003571,MBR0000369,PRV000089,INSTITUTIONAL,2025-01-25,2025-01-27,M54.50,APPROVED,6045.37,3477.04,3027.55,,2025-02-05,2026-07-01T05:00:00Z
CLM000003572,MBR0000555,PRV000043,PROFESSIONAL,2025-11-08,2025-11-11,Z00.00,APPROVED,3197.44,2899.96,2043.52,,2025-11-10,2026-07-17T15:00:00Z
CLM000003573,MBR0000172,PRV000095,INSTITUTIONAL,2025-10-28,2025-10-29,I10,APPROVED,419.19,285.48,260.92,,2025-11-01,2026-07-14T01:00:00Z
CLM000003574,MBR0000567,PRV000086,PROFESSIONAL,2025-12-25,2025-12-27,N39.0,APPROVED,2992.25,2797.67,1889.92,,2025-12-28,2026-07-18T07:00:00Z
CLM000003575,MBR0000637,PRV000025,INSTITUTIONAL,2025-11-23,2025-11-24,J45.909,APPROVED,3947.26,3730.81,2650.67,,2025-11-25,2026-07-04T15:00:00Z
CLM000003576,MBR0000488,PRV000006,PROFESSIONAL,2025-03-31,2025-04-02,M54.50,APPROVED,1842.18,1730.93,1567.08,,2025-04-05,2026-07-10T20:00:00Z
CLM000003577,MBR0000620,PRV000069,PROFESSIONAL,2025-05-03,2025-05-03,M54.50,APPROVED,4656.02,3692.84,3042.79,,2025-05-05,2026-07-05T09:00:00Z
CLM000003578,MBR0000477,PRV000097,PROFESSIONAL,2025-07-02,2025-07-02,I10,APPROVED,3717.10,3361.85,2310.49,,2025-07-10,2026-07-08T17:00:00Z
CLM000003579,MBR0000336,PRV000035,INSTITUTIONAL,2025-08-26,2025-08-27,N39.0,APPROVED,2661.09,1529.46,1433.60,,2025-08-31,2026-07-13T13:00:00Z
CLM000003580,MBR0000604,PRV000056,INSTITUTIONAL,2025-03-18,2025-03-21,E11.9,APPROVED,4764.78,2772.78,2444.15,,2025-03-31,2026-07-16T11:00:00Z
CLM000003581,MBR0000389,PRV000096,INSTITUTIONAL,2025-09-03,2025-09-06,N39.0,APPROVED,326.40,278.33,245.26,,2025-09-13,2026-07-02T17:00:00Z
CLM000003582,MBR0000103,PRV000049,PROFESSIONAL,2026-05-26,2026-05-28,I10,APPROVED,3953.91,2954.72,2789.64,,2026-05-29,2026-07-14T18:00:00Z
CLM000003583,MBR0000809,PRV000063,PROFESSIONAL,2025-06-14,2025-06-15,E11.9,APPROVED,4787.17,3553.35,2713.01,,2025-06-25,2026-07-03T10:00:00Z
CLM000003584,MBR0000608,PRV000050,INSTITUTIONAL,2025-10-19,2025-10-20,M54.50,APPROVED,2623.42,2250.94,1936.67,,2025-11-02,2026-07-13T11:00:00Z
CLM000003585,MBR0000108,PRV000014,INSTITUTIONAL,2025-02-27,2025-02-27,M54.50,APPROVED,2392.88,1707.71,1557.84,,2025-03-04,2026-07-09T14:00:00Z
CLM000003586,MBR0000155,PRV000084,INSTITUTIONAL,2025-01-18,2025-01-20,E11.9,APPROVED,5919.23,3511.57,2738.22,,2025-01-23,2026-07-19T09:00:00Z
CLM000003587,MBR0000574,PRV000051,INSTITUTIONAL,2025-08-03,2025-08-03,J45.909,APPROVED,3058.52,2724.55,2213.48,,2025-08-14,2026-07-16T08:00:00Z
CLM000003588,MBR0000926,PRV000082,INSTITUTIONAL,2026-02-01,2026-02-02,N39.0,APPROVED,3845.76,2287.90,1656.77,,2026-02-09,2026-07-15T01:00:00Z
CLM000003589,MBR0000606,PRV000076,INSTITUTIONAL,2025-11-18,2025-11-18,N39.0,APPROVED,2558.37,1789.91,1517.45,,2025-11-30,2026-07-07T23:00:00Z
CLM000003590,MBR0000553,PRV000038,PROFESSIONAL,2025-05-16,2025-05-16,M54.50,DENIED,2926.44,1768.56,0.00,CO16,2025-05-30,2026-07-05T07:00:00Z
CLM000003591,MBR0000706,PRV000024,INSTITUTIONAL,2026-05-16,2026-05-19,J45.909,APPROVED,649.12,552.86,533.73,,2026-05-30,2026-07-06T10:00:00Z
CLM000003592,MBR0000501,PRV000077,INSTITUTIONAL,2025-06-03,2025-06-03,N39.0,APPROVED,3677.60,2163.84,2054.01,,2025-06-15,2026-07-09T19:00:00Z
CLM000003593,MBR0000274,PRV000028,PROFESSIONAL,2025-03-15,2025-03-15,N39.0,APPROVED,2389.65,1871.06,1417.38,,2025-03-25,2026-07-13T06:00:00Z
CLM000003594,MBR0000471,PRV000062,PROFESSIONAL,2026-05-22,2026-05-25,J45.909,APPROVED,1711.63,1434.02,1385.42,,2026-05-29,2026-07-11T13:00:00Z
CLM000003595,MBR0000190,PRV000097,PROFESSIONAL,2025-05-27,2025-05-28,Z00.00,DENIED,4254.86,2817.45,0.00,CO50,2025-06-02,2026-07-14T18:00:00Z
CLM000003596,MBR0000649,PRV000011,PROFESSIONAL,2025-06-10,2025-06-13,N39.0,APPROVED,3201.63,2446.10,1641.02,,2025-06-22,2026-07-18T19:00:00Z
CLM000003597,MBR0000254,PRV000079,PROFESSIONAL,2025-05-13,2025-05-15,M54.50,APPROVED,3522.91,2264.48,1524.78,,2025-06-01,2026-07-17T05:00:00Z
CLM000003598,MBR0000986,PRV000035,PROFESSIONAL,2026-06-14,2026-06-16,Z00.00,APPROVED,4371.50,3478.78,3349.02,,2026-06-21,2026-07-13T04:00:00Z
CLM000003599,MBR0000581,PRV000068,INSTITUTIONAL,2026-02-23,2026-02-25,I10,APPROVED,1015.64,610.70,549.52,,2026-03-15,2026-07-06T19:00:00Z
CLM000003600,MBR0000006,PRV000007,PROFESSIONAL,2026-05-25,2026-05-28,J45.909,APPROVED,329.15,190.50,189.20,,2026-05-31,2026-07-14T20:00:00Z
CLM000003601,MBR0000261,PRV000049,INSTITUTIONAL,2026-01-16,2026-01-18,E11.9,APPROVED,5580.73,3919.58,3622.20,,2026-01-24,2026-07-18T12:00:00Z
CLM000003602,MBR0000788,PRV000039,INSTITUTIONAL,2025-03-05,2025-03-05,J45.909,DENIED,119.30,92.98,0.00,CO50,2025-03-09,2026-07-06T18:00:00Z
CLM000003603,MBR0000689,PRV000006,INSTITUTIONAL,2025-11-05,2025-11-06,N39.0,APPROVED,4718.49,2977.94,2076.07,,2025-11-12,2026-07-06T04:00:00Z
CLM000003604,MBR0000081,PRV000077,PROFESSIONAL,2026-05-08,2026-05-08,I10,APPROVED,5443.10,3794.68,3492.60,,2026-05-10,2026-07-04T23:00:00Z
CLM000003605,MBR0000783,PRV000051,INSTITUTIONAL,2026-05-17,2026-05-17,J45.909,DENIED,2680.41,2149.05,0.00,CO16,2026-06-04,2026-07-06T18:00:00Z
CLM000003606,MBR0000562,PRV000084,PROFESSIONAL,2026-04-23,2026-04-23,J45.909,DENIED,2944.74,1958.17,0.00,CO97,2026-05-08,2026-07-15T00:00:00Z
CLM000003607,MBR0000840,PRV000060,INSTITUTIONAL,2025-11-21,2025-11-21,J45.909,APPROVED,3047.44,2243.79,1681.22,,2025-12-01,2026-07-06T00:00:00Z
CLM000003608,MBR0000845,PRV000048,PROFESSIONAL,2026-02-03,2026-02-05,I10,APPROVED,4451.24,2833.57,2774.24,,2026-02-22,2026-07-01T09:00:00Z
CLM000003609,MBR0000739,PRV000062,PROFESSIONAL,2026-05-23,2026-05-25,M54.50,APPROVED,3340.43,1942.01,1449.43,,2026-05-30,2026-07-06T14:00:00Z
CLM000003610,MBR0000971,PRV000045,INSTITUTIONAL,2025-02-15,2025-02-18,M54.50,APPROVED,4797.71,3842.37,3297.81,,2025-02-16,2026-07-02T22:00:00Z
CLM000003611,MBR0000241,PRV000093,PROFESSIONAL,2025-03-24,2025-03-26,J45.909,APPROVED,91.51,83.24,72.99,,2025-03-26,2026-07-12T03:00:00Z
CLM000003612,MBR0000392,PRV000021,PROFESSIONAL,2025-05-23,2025-05-23,Z00.00,DENIED,4255.66,2467.77,0.00,CO16,2025-05-29,2026-07-08T12:00:00Z
CLM000003613,MBR0000898,PRV000058,PROFESSIONAL,2026-04-29,2026-05-02,N39.0,APPROVED,762.68,519.54,479.62,,2026-05-19,2026-07-15T16:00:00Z
CLM000003614,MBR0000412,PRV000033,PROFESSIONAL,2026-04-12,2026-04-14,Z00.00,DENIED,5401.45,3287.09,0.00,CO16,2026-04-14,2026-07-16T03:00:00Z
CLM000003615,MBR0000644,PRV000011,PROFESSIONAL,2025-10-25,2025-10-25,E11.9,APPROVED,5031.36,3790.95,2772.42,,2025-10-29,2026-07-19T12:00:00Z
CLM000003616,MBR0000291,PRV000024,INSTITUTIONAL,2025-10-06,2025-10-08,I10,APPROVED,1353.95,914.51,797.29,,2025-10-17,2026-07-04T11:00:00Z
CLM000003617,MBR0000189,PRV000093,INSTITUTIONAL,2025-05-22,2025-05-23,E11.9,APPROVED,253.16,148.00,146.41,,2025-05-30,2026-07-01T19:00:00Z
CLM000003618,MBR0000179,PRV000005,PROFESSIONAL,2025-08-16,2025-08-19,I10,APPROVED,3855.71,3150.48,2056.98,,2025-08-27,2026-07-01T08:00:00Z
CLM000003619,MBR0000650,PRV000037,INSTITUTIONAL,2025-04-22,2025-04-23,J45.909,APPROVED,4304.46,2702.37,2165.83,,2025-04-25,2026-07-20T19:00:00Z
CLM000003620,MBR0000378,PRV000077,INSTITUTIONAL,2025-12-03,2025-12-05,J45.909,APPROVED,5351.76,3132.21,2349.62,,2025-12-15,2026-07-07T19:00:00Z
CLM000003621,MBR0000799,PRV000075,INSTITUTIONAL,2025-04-21,2025-04-23,M54.50,APPROVED,4046.10,3628.33,3569.70,,2025-05-11,2026-07-03T23:00:00Z
CLM000003622,MBR0000214,PRV000099,PROFESSIONAL,2026-03-13,2026-03-15,M54.50,APPROVED,4432.30,3713.00,3101.42,,2026-04-02,2026-07-16T07:00:00Z
CLM000003623,MBR0000679,PRV000023,INSTITUTIONAL,2025-07-27,2025-07-29,N39.0,APPROVED,1271.38,1000.95,654.24,,2025-08-11,2026-07-05T02:00:00Z
CLM000003624,MBR0000882,PRV000074,INSTITUTIONAL,2025-07-04,2025-07-05,E11.9,APPROVED,1841.51,1669.76,1442.12,,2025-07-11,2026-07-13T06:00:00Z
CLM000003625,MBR0000505,PRV000092,INSTITUTIONAL,2025-05-31,2025-06-02,E11.9,APPROVED,784.32,447.51,429.92,,2025-06-09,2026-07-20T05:00:00Z
CLM000003626,MBR0000420,PRV000050,PROFESSIONAL,2025-04-20,2025-04-20,E11.9,DENIED,613.71,389.48,0.00,CO50,2025-05-02,2026-07-04T21:00:00Z
CLM000003627,MBR0000768,PRV000068,PROFESSIONAL,2025-07-24,2025-07-25,J45.909,APPROVED,3052.55,2355.89,1567.49,,2025-08-05,2026-07-04T18:00:00Z
CLM000003628,MBR0000706,PRV000046,PROFESSIONAL,2025-04-29,2025-05-01,J45.909,APPROVED,3171.66,2295.41,1973.08,,2025-05-17,2026-07-18T08:00:00Z
CLM000003629,MBR0000841,PRV000016,INSTITUTIONAL,2025-08-11,2025-08-13,M54.50,APPROVED,3649.96,2056.36,1559.19,,2025-08-23,2026-07-18T12:00:00Z
CLM000003630,MBR0000642,PRV000067,INSTITUTIONAL,2025-07-25,2025-07-26,J45.909,APPROVED,390.90,297.82,220.89,,2025-08-09,2026-07-14T17:00:00Z
CLM000003631,MBR0000867,PRV000010,INSTITUTIONAL,2025-09-12,2025-09-15,N39.0,APPROVED,1239.97,848.88,618.95,,2025-09-21,2026-07-15T13:00:00Z
CLM000003632,MBR0000252,PRV000065,INSTITUTIONAL,2025-04-29,2025-05-01,N39.0,APPROVED,3446.65,1942.91,1553.33,,2025-05-04,2026-07-07T15:00:00Z
CLM000003633,MBR0000150,PRV000071,PROFESSIONAL,2025-12-15,2025-12-15,N39.0,APPROVED,2874.62,1758.12,1210.20,,2025-12-20,2026-07-18T15:00:00Z
CLM000003634,MBR0000440,PRV000059,PROFESSIONAL,2025-10-09,2025-10-10,M54.50,APPROVED,4409.71,2830.19,2680.93,,2025-10-10,2026-07-16T11:00:00Z
CLM000003635,MBR0000438,PRV000007,PROFESSIONAL,2025-12-11,2025-12-13,N39.0,APPROVED,2358.44,1705.17,1389.05,,2025-12-23,2026-07-17T08:00:00Z
CLM000003636,MBR0000591,PRV000052,PROFESSIONAL,2025-11-11,2025-11-13,Z00.00,APPROVED,2358.39,1482.68,1012.28,,2025-11-17,2026-07-13T16:00:00Z
CLM000003637,MBR0000081,PRV000052,PROFESSIONAL,2025-12-02,2025-12-02,Z00.00,APPROVED,938.07,629.63,419.83,,2025-12-20,2026-07-19T06:00:00Z
CLM000003638,MBR0000394,PRV000017,PROFESSIONAL,2026-03-07,2026-03-09,N39.0,APPROVED,1247.08,1089.72,810.73,,2026-03-23,2026-07-04T21:00:00Z
CLM000003639,MBR0000491,PRV000049,PROFESSIONAL,2025-06-30,2025-07-02,I10,APPROVED,4700.76,2907.22,2469.55,,2025-07-09,2026-07-06T10:00:00Z
CLM000003640,MBR0000787,PRV000070,PROFESSIONAL,2025-04-25,2025-04-26,Z00.00,APPROVED,3027.19,2649.61,2146.09,,2025-04-27,2026-07-06T13:00:00Z
CLM000003641,MBR0000443,PRV000058,INSTITUTIONAL,2026-02-16,2026-02-19,E11.9,APPROVED,389.78,251.62,212.40,,2026-03-05,2026-07-14T05:00:00Z
CLM000003642,MBR0000640,PRV000033,INSTITUTIONAL,2026-02-11,2026-02-12,Z00.00,APPROVED,1852.76,1336.48,1040.47,,2026-02-22,2026-07-12T18:00:00Z
CLM000003643,MBR0000382,PRV000081,INSTITUTIONAL,2025-12-19,2025-12-21,N39.0,APPROVED,2752.81,2240.04,2055.48,,2025-12-29,2026-07-15T06:00:00Z
CLM000003644,MBR0000737,PRV000062,INSTITUTIONAL,2025-05-31,2025-06-02,N39.0,APPROVED,4797.24,3050.05,2334.12,,2025-06-09,2026-07-17T15:00:00Z
CLM000003645,MBR0000480,PRV000094,INSTITUTIONAL,2025-05-25,2025-05-25,J45.909,APPROVED,1543.01,1126.94,870.89,,2025-05-31,2026-07-02T22:00:00Z
CLM000003646,MBR0000228,PRV000035,PROFESSIONAL,2025-04-27,2025-04-28,J45.909,DENIED,2147.01,1356.43,0.00,CO16,2025-04-28,2026-07-16T00:00:00Z
CLM000003647,MBR0000514,PRV000076,INSTITUTIONAL,2025-07-29,2025-07-30,N39.0,APPROVED,3936.49,2546.22,2200.14,,2025-08-11,2026-07-11T09:00:00Z
CLM000003648,MBR0000892,PRV000091,PROFESSIONAL,2026-05-07,2026-05-09,Z00.00,APPROVED,4821.71,3388.30,3170.21,,2026-05-11,2026-07-09T12:00:00Z
CLM000003649,MBR0000247,PRV000083,INSTITUTIONAL,2025-09-30,2025-10-02,E11.9,APPROVED,1427.86,1256.16,1135.01,,2025-10-15,2026-07-15T09:00:00Z
CLM000003650,MBR0000333,PRV000048,INSTITUTIONAL,2026-03-09,2026-03-11,E11.9,DENIED,3913.20,3659.68,0.00,CO97,2026-03-16,2026-07-18T21:00:00Z
CLM000003651,MBR0000202,PRV000004,PROFESSIONAL,2025-04-23,2025-04-26,Z00.00,APPROVED,2515.47,1823.35,1385.41,,2025-04-30,2026-07-13T05:00:00Z
CLM000003652,MBR0000326,PRV000068,PROFESSIONAL,2025-09-06,2025-09-06,M54.50,APPROVED,4820.46,3613.09,3347.18,,2025-09-22,2026-07-08T20:00:00Z
CLM000003653,MBR0000971,PRV000062,PROFESSIONAL,2026-03-12,2026-03-13,J45.909,APPROVED,3856.85,2561.97,2237.91,,2026-03-24,2026-07-02T19:00:00Z
CLM000003654,MBR0000525,PRV000018,PROFESSIONAL,2025-05-02,2025-05-03,I10,APPROVED,5649.03,3430.45,2479.54,,2025-05-11,2026-07-04T18:00:00Z
CLM000003655,MBR0000230,PRV000028,PROFESSIONAL,2025-10-07,2025-10-07,J45.909,APPROVED,1823.98,1374.63,1037.13,,2025-10-27,2026-07-04T02:00:00Z
CLM000003656,MBR0000787,PRV000008,INSTITUTIONAL,2025-08-27,2025-08-29,J45.909,APPROVED,1551.65,876.64,722.21,,2025-08-29,2026-07-11T20:00:00Z
CLM000003657,MBR0000111,PRV000079,INSTITUTIONAL,2026-03-22,2026-03-24,Z00.00,APPROVED,3203.74,2636.71,2232.67,,2026-04-07,2026-07-11T07:00:00Z
CLM000003658,MBR0000010,PRV000017,INSTITUTIONAL,2026-05-18,2026-05-19,Z00.00,APPROVED,2893.25,1807.47,1711.22,,2026-06-04,2026-07-02T00:00:00Z
CLM000003659,MBR0000416,PRV000056,INSTITUTIONAL,2026-01-21,2026-01-22,J45.909,APPROVED,3577.73,2497.58,2351.69,,2026-01-30,2026-07-07T08:00:00Z
CLM000003660,MBR0000543,PRV000010,INSTITUTIONAL,2026-04-30,2026-05-02,M54.50,APPROVED,4794.50,3722.57,3090.85,,2026-05-05,2026-07-10T20:00:00Z
CLM000003661,MBR0000357,PRV000094,PROFESSIONAL,2026-02-02,2026-02-03,J45.909,APPROVED,2660.98,2274.66,2205.95,,2026-02-06,2026-07-12T09:00:00Z
CLM000003662,MBR0000591,PRV000022,INSTITUTIONAL,2026-03-22,2026-03-22,E11.9,APPROVED,6381.86,3787.57,2720.72,,2026-04-03,2026-07-09T03:00:00Z
CLM000003663,MBR0000115,PRV000040,INSTITUTIONAL,2026-04-20,2026-04-20,N39.0,DENIED,541.26,417.12,0.00,CO50,2026-05-10,2026-07-18T10:00:00Z
CLM000003664,MBR0000428,PRV000092,INSTITUTIONAL,2025-11-28,2025-11-29,I10,APPROVED,1554.00,906.35,628.01,,2025-12-06,2026-07-20T06:00:00Z
CLM000003665,MBR0000656,PRV000069,INSTITUTIONAL,2025-01-31,2025-02-02,Z00.00,APPROVED,4248.10,3255.19,3146.52,,2025-02-04,2026-07-05T08:00:00Z
CLM000003666,MBR0000025,PRV000037,PROFESSIONAL,2025-04-14,2025-04-14,N39.0,APPROVED,3531.87,2810.36,1844.89,,2025-05-03,2026-07-03T06:00:00Z
CLM000003667,MBR0000888,PRV000050,PROFESSIONAL,2025-11-01,2025-11-03,M54.50,APPROVED,395.38,312.26,287.89,,2025-11-09,2026-07-12T10:00:00Z
CLM000003668,MBR0000664,PRV000021,PROFESSIONAL,2025-08-18,2025-08-18,J45.909,APPROVED,3853.07,2553.36,2097.91,,2025-09-02,2026-07-19T03:00:00Z
CLM000003669,MBR0000407,PRV000073,INSTITUTIONAL,2026-05-28,2026-05-29,E11.9,APPROVED,1392.48,1120.03,975.40,,2026-06-17,2026-07-15T19:00:00Z
CLM000003670,MBR0000991,PRV000087,PROFESSIONAL,2026-06-09,2026-06-09,E11.9,APPROVED,198.25,131.33,88.54,,2026-06-15,2026-07-12T22:00:00Z
CLM000003671,MBR0000013,PRV000023,INSTITUTIONAL,2026-02-24,2026-02-26,M54.50,APPROVED,3613.74,2587.51,1893.83,,2026-03-16,2026-07-19T15:00:00Z
CLM000003672,MBR0000168,PRV000067,PROFESSIONAL,2026-01-19,2026-01-20,N39.0,DENIED,2081.82,1308.01,0.00,CO50,2026-02-05,2026-07-02T21:00:00Z
CLM000003673,MBR0000347,PRV000053,INSTITUTIONAL,2025-12-19,2025-12-20,Z00.00,APPROVED,5461.61,3237.84,2447.71,,2026-01-05,2026-07-09T20:00:00Z
CLM000003674,MBR0000246,PRV000086,INSTITUTIONAL,2026-04-16,2026-04-16,M54.50,APPROVED,5666.81,3657.15,2378.00,,2026-05-02,2026-07-15T02:00:00Z
CLM000003675,MBR0000234,PRV000091,PROFESSIONAL,2026-05-08,2026-05-11,E11.9,APPROVED,1349.83,1158.10,998.82,,2026-05-22,2026-07-12T05:00:00Z
CLM000003676,MBR0000668,PRV000083,INSTITUTIONAL,2025-03-23,2025-03-24,E11.9,APPROVED,4410.18,3541.19,2916.16,,2025-03-31,2026-07-19T06:00:00Z
CLM000003677,MBR0000918,PRV000060,PROFESSIONAL,2026-03-07,2026-03-09,J45.909,APPROVED,4789.93,3962.83,3871.20,,2026-03-21,2026-07-13T11:00:00Z
CLM000003678,MBR0000548,PRV000033,PROFESSIONAL,2025-11-27,2025-11-30,E11.9,APPROVED,1322.90,1226.05,948.59,,2025-12-12,2026-07-05T13:00:00Z
CLM000003679,MBR0000022,PRV000046,INSTITUTIONAL,2026-04-07,2026-04-10,I10,APPROVED,78.84,54.70,52.13,,2026-04-12,2026-07-06T12:00:00Z
CLM000003680,MBR0000435,PRV000053,PROFESSIONAL,2025-07-03,2025-07-03,Z00.00,APPROVED,772.49,614.79,463.34,,2025-07-14,2026-07-15T09:00:00Z
CLM000003681,MBR0000015,PRV000031,INSTITUTIONAL,2025-10-15,2025-10-16,J45.909,DENIED,582.00,341.27,0.00,CO97,2025-10-26,2026-07-09T03:00:00Z
CLM000003682,MBR0000348,PRV000087,PROFESSIONAL,2025-08-07,2025-08-09,M54.50,PENDING,1230.11,884.70,0.00,,2025-08-24,2026-07-01T08:00:00Z
CLM000003683,MBR0000228,PRV000076,INSTITUTIONAL,2025-07-28,2025-07-28,M54.50,APPROVED,4517.88,2707.16,2190.79,,2025-08-12,2026-07-17T00:00:00Z
CLM000003684,MBR0000150,PRV000009,PROFESSIONAL,2025-08-13,2025-08-15,Z00.00,APPROVED,2646.26,1808.96,1625.01,,2025-08-28,2026-07-11T11:00:00Z
CLM000003685,MBR0000756,PRV000098,PROFESSIONAL,2025-08-13,2025-08-13,I10,APPROVED,4497.47,3103.22,2671.39,,2025-08-20,2026-07-11T04:00:00Z
CLM000003686,MBR0000329,PRV000011,PROFESSIONAL,2026-06-23,2026-06-23,I10,APPROVED,2446.91,1887.37,1305.99,,2026-07-10,2026-07-08T12:00:00Z
CLM000003687,MBR0000898,PRV000099,PROFESSIONAL,2026-01-10,2026-01-13,Z00.00,APPROVED,5173.40,3520.93,3134.64,,2026-01-15,2026-07-03T19:00:00Z
CLM000003688,MBR0000270,PRV000074,PROFESSIONAL,2026-03-14,2026-03-17,M54.50,APPROVED,4278.94,3417.15,3320.83,,2026-03-24,2026-07-02T04:00:00Z
CLM000003689,MBR0000530,PRV000027,INSTITUTIONAL,2026-01-08,2026-01-09,J45.909,DENIED,1623.87,926.54,0.00,CO50,2026-01-14,2026-07-04T06:00:00Z
CLM000003690,MBR0000634,PRV000002,INSTITUTIONAL,2025-03-11,2025-03-13,M54.50,PENDING,443.40,307.73,0.00,,2025-03-23,2026-07-18T12:00:00Z
CLM000003691,MBR0000813,PRV000100,PROFESSIONAL,2025-01-24,2025-01-26,J45.909,APPROVED,5258.51,3568.29,3228.81,,2025-02-11,2026-07-03T23:00:00Z
CLM000003692,MBR0000587,PRV000075,INSTITUTIONAL,2026-05-25,2026-05-26,E11.9,APPROVED,1077.01,909.81,824.74,,2026-06-05,2026-07-04T21:00:00Z
CLM000003693,MBR0000058,PRV000067,PROFESSIONAL,2025-08-01,2025-08-02,M54.50,APPROVED,1271.00,1064.34,736.50,,2025-08-13,2026-07-10T04:00:00Z
CLM000003694,MBR0000186,PRV000087,PROFESSIONAL,2025-10-07,2025-10-09,Z00.00,APPROVED,1251.03,1099.50,736.31,,2025-10-19,2026-07-10T17:00:00Z
CLM000003695,MBR0000251,PRV000043,INSTITUTIONAL,2025-10-12,2025-10-13,E11.9,APPROVED,778.82,538.50,512.37,,2025-10-29,2026-07-05T05:00:00Z
CLM000003696,MBR0000042,PRV000021,INSTITUTIONAL,2025-10-30,2025-10-31,N39.0,APPROVED,1640.03,1195.37,852.51,,2025-11-03,2026-07-17T17:00:00Z
CLM000003697,MBR0000472,PRV000081,PROFESSIONAL,2025-01-08,2025-01-10,Z00.00,APPROVED,782.81,616.57,519.76,,2025-01-12,2026-07-03T03:00:00Z
CLM000003698,MBR0000266,PRV000048,PROFESSIONAL,2026-05-06,2026-05-09,I10,APPROVED,348.32,262.70,232.19,,2026-05-09,2026-07-11T20:00:00Z
CLM000003699,MBR0000232,PRV000076,INSTITUTIONAL,2026-06-04,2026-06-04,I10,APPROVED,3710.67,2472.44,2007.45,,2026-06-10,2026-07-17T01:00:00Z
CLM000003700,MBR0000501,PRV000027,INSTITUTIONAL,2025-07-08,2025-07-08,Z00.00,APPROVED,5798.42,3392.45,3334.07,,2025-07-28,2026-07-11T10:00:00Z
CLM000003701,MBR0000558,PRV000064,INSTITUTIONAL,2025-08-08,2025-08-09,I10,APPROVED,1353.83,868.19,737.65,,2025-08-18,2026-07-13T14:00:00Z
CLM000003702,MBR0000196,PRV000059,INSTITUTIONAL,2025-06-01,2025-06-03,N39.0,APPROVED,3793.23,3282.49,3051.28,,2025-06-18,2026-07-01T01:00:00Z
CLM000003703,MBR0000521,PRV000034,INSTITUTIONAL,2025-06-27,2025-06-30,N39.0,APPROVED,4895.91,2966.79,2304.28,,2025-07-14,2026-07-16T17:00:00Z
CLM000003704,MBR0000140,PRV000054,INSTITUTIONAL,2025-07-03,2025-07-05,J45.909,APPROVED,4046.31,2593.26,1853.33,,2025-07-20,2026-07-02T14:00:00Z
CLM000003705,MBR0000817,PRV000093,PROFESSIONAL,2025-03-10,2025-03-12,E11.9,APPROVED,4240.61,2695.63,2042.82,,2025-03-26,2026-07-20T21:00:00Z
CLM000003706,MBR0000095,PRV000055,INSTITUTIONAL,2025-09-07,2025-09-10,Z00.00,APPROVED,1908.82,1066.69,935.90,,2025-09-15,2026-07-11T15:00:00Z
CLM000003707,MBR0000025,PRV000027,INSTITUTIONAL,2025-02-27,2025-03-02,I10,PENDING,754.62,575.78,0.00,,2025-02-28,2026-07-12T15:00:00Z
CLM000003708,MBR0000433,PRV000085,INSTITUTIONAL,2025-04-20,2025-04-20,M54.50,APPROVED,1541.77,1148.66,840.75,,2025-04-21,2026-07-14T22:00:00Z
CLM000003709,MBR0000386,PRV000091,INSTITUTIONAL,2025-09-10,2025-09-13,N39.0,APPROVED,2824.06,2273.15,1916.46,,2025-09-14,2026-07-18T01:00:00Z
CLM000003710,MBR0000614,PRV000095,PROFESSIONAL,2025-10-14,2025-10-15,M54.50,DENIED,3332.12,2927.56,0.00,CO97,2025-10-28,2026-07-15T15:00:00Z
CLM000003711,MBR0000494,PRV000006,PROFESSIONAL,2026-02-01,2026-02-03,N39.0,APPROVED,4288.86,3267.24,2949.37,,2026-02-17,2026-07-08T04:00:00Z
CLM000003712,MBR0000039,PRV000052,PROFESSIONAL,2026-04-13,2026-04-14,M54.50,APPROVED,4355.80,2722.55,2346.74,,2026-04-28,2026-07-12T05:00:00Z
CLM000003713,MBR0000836,PRV000001,PROFESSIONAL,2025-04-25,2025-04-27,M54.50,APPROVED,2278.01,1961.57,1630.51,,2025-05-06,2026-07-18T01:00:00Z
CLM000003714,MBR0000279,PRV000081,PROFESSIONAL,2025-10-23,2025-10-25,M54.50,APPROVED,1378.31,1232.79,1090.13,,2025-11-02,2026-07-18T18:00:00Z
CLM000003715,MBR0000240,PRV000031,INSTITUTIONAL,2026-05-06,2026-05-07,I10,APPROVED,2095.00,1535.46,1019.80,,2026-05-25,2026-07-05T06:00:00Z
CLM000003716,MBR0000814,PRV000043,INSTITUTIONAL,2025-11-06,2025-11-06,Z00.00,PENDING,2777.62,1923.38,0.00,,2025-11-20,2026-07-14T16:00:00Z
CLM000003717,MBR0000680,PRV000056,PROFESSIONAL,2025-04-12,2025-04-14,M54.50,APPROVED,2031.96,1281.33,996.03,,2025-04-18,2026-07-04T20:00:00Z
CLM000003718,MBR0000456,PRV000031,PROFESSIONAL,2025-02-19,2025-02-20,J45.909,APPROVED,4287.91,2642.85,1912.78,,2025-02-21,2026-07-03T19:00:00Z
CLM000003719,MBR0000123,PRV000002,PROFESSIONAL,2025-07-31,2025-08-01,E11.9,APPROVED,5388.70,3158.84,2183.51,,2025-08-08,2026-07-07T14:00:00Z
CLM000003720,MBR0000415,PRV000056,PROFESSIONAL,2025-10-10,2025-10-13,N39.0,APPROVED,3431.34,2760.82,2606.66,,2025-10-13,2026-07-16T16:00:00Z
CLM000003721,MBR0000950,PRV000088,PROFESSIONAL,2025-01-22,2025-01-25,M54.50,DENIED,1369.37,801.93,0.00,CO97,2025-01-25,2026-07-01T13:00:00Z
CLM000003722,MBR0000848,PRV000043,PROFESSIONAL,2025-11-09,2025-11-12,J45.909,APPROVED,3912.65,2190.87,1820.83,,2025-11-29,2026-07-09T21:00:00Z
CLM000003723,MBR0000588,PRV000040,INSTITUTIONAL,2026-03-04,2026-03-07,N39.0,APPROVED,106.30,61.95,48.32,,2026-03-18,2026-07-19T16:00:00Z
CLM000003724,MBR0000927,PRV000055,INSTITUTIONAL,2026-02-21,2026-02-21,M54.50,APPROVED,3360.40,2425.85,2358.94,,2026-02-26,2026-07-08T21:00:00Z
CLM000003725,MBR0000256,PRV000015,PROFESSIONAL,2025-07-03,2025-07-03,J45.909,APPROVED,6024.05,3428.09,3243.89,,2025-07-10,2026-07-01T11:00:00Z
CLM000003726,MBR0000724,PRV000052,PROFESSIONAL,2026-05-19,2026-05-20,I10,APPROVED,1834.03,1189.43,780.99,,2026-06-06,2026-07-08T04:00:00Z
CLM000003727,MBR0000464,PRV000021,PROFESSIONAL,2025-11-01,2025-11-02,N39.0,APPROVED,3617.22,2275.95,1595.44,,2025-11-15,2026-07-04T12:00:00Z
CLM000003728,MBR0000629,PRV000084,PROFESSIONAL,2026-06-13,2026-06-14,I10,DENIED,3095.76,2573.67,0.00,CO16,2026-06-25,2026-07-08T11:00:00Z
CLM000003729,MBR0000821,PRV000017,PROFESSIONAL,2026-03-11,2026-03-13,J45.909,APPROVED,4055.32,2888.50,2834.65,,2026-03-19,2026-07-13T11:00:00Z
CLM000003730,MBR0000327,PRV000035,INSTITUTIONAL,2025-05-11,2025-05-12,Z00.00,APPROVED,619.01,391.87,304.00,,2025-05-18,2026-07-05T05:00:00Z
CLM000003731,MBR0000993,PRV000036,INSTITUTIONAL,2025-11-15,2025-11-16,I10,APPROVED,2169.56,1870.88,1812.96,,2025-12-04,2026-07-18T13:00:00Z
CLM000003732,MBR0000149,PRV000033,PROFESSIONAL,2026-05-29,2026-05-31,Z00.00,APPROVED,885.61,560.87,375.48,,2026-06-03,2026-07-03T08:00:00Z
CLM000003733,MBR0000056,PRV000022,INSTITUTIONAL,2026-01-25,2026-01-27,I10,APPROVED,3280.86,3100.68,2807.39,,2026-02-12,2026-07-18T23:00:00Z
CLM000003734,MBR0000472,PRV000025,PROFESSIONAL,2025-09-28,2025-09-28,I10,APPROVED,3920.89,2281.38,2007.60,,2025-10-12,2026-07-03T02:00:00Z
CLM000003735,MBR0000232,PRV000038,INSTITUTIONAL,2026-05-29,2026-05-29,M54.50,APPROVED,2837.56,2531.40,2354.29,,2026-06-16,2026-07-11T08:00:00Z
CLM000003736,MBR0000819,PRV000095,INSTITUTIONAL,2026-03-30,2026-03-31,N39.0,DENIED,1655.94,1343.31,0.00,CO97,2026-04-09,2026-07-15T12:00:00Z
CLM000003737,MBR0000945,PRV000071,PROFESSIONAL,2025-08-31,2025-09-01,J45.909,DENIED,2097.97,1277.29,0.00,CO97,2025-09-09,2026-07-08T03:00:00Z
CLM000003738,MBR0000039,PRV000031,INSTITUTIONAL,2025-06-13,2025-06-14,N39.0,APPROVED,1260.05,752.91,717.65,,2025-07-02,2026-07-01T00:00:00Z
CLM000003739,MBR0000683,PRV000098,INSTITUTIONAL,2026-03-29,2026-03-30,J45.909,APPROVED,3019.99,2615.78,2114.82,,2026-04-13,2026-07-14T23:00:00Z
CLM000003740,MBR0000755,PRV000047,PROFESSIONAL,2025-08-14,2025-08-16,Z00.00,APPROVED,1412.17,1246.72,1126.07,,2025-08-22,2026-07-01T16:00:00Z
CLM000003741,MBR0000443,PRV000058,INSTITUTIONAL,2025-04-17,2025-04-20,M54.50,DENIED,4726.92,2677.67,0.00,CO50,2025-05-07,2026-07-03T22:00:00Z
CLM000003742,MBR0000815,PRV000055,INSTITUTIONAL,2025-12-08,2025-12-09,I10,PENDING,1564.20,1417.18,0.00,,2025-12-28,2026-07-18T10:00:00Z
CLM000003743,MBR0000656,PRV000022,INSTITUTIONAL,2025-04-24,2025-04-24,J45.909,PENDING,2682.44,2048.83,0.00,,2025-04-28,2026-07-19T12:00:00Z
CLM000003744,MBR0000257,PRV000090,PROFESSIONAL,2026-06-04,2026-06-05,M54.50,APPROVED,1182.31,1092.05,843.52,,2026-06-18,2026-07-17T18:00:00Z
CLM000003745,MBR0000541,PRV000014,INSTITUTIONAL,2025-09-11,2025-09-11,M54.50,DENIED,5977.17,3724.81,0.00,CO97,2025-09-21,2026-07-03T11:00:00Z
CLM000003746,MBR0000724,PRV000097,PROFESSIONAL,2025-10-07,2025-10-08,J45.909,APPROVED,1142.50,854.82,695.41,,2025-10-11,2026-07-03T13:00:00Z
CLM000003747,MBR0000250,PRV000023,PROFESSIONAL,2025-06-25,2025-06-27,N39.0,APPROVED,3249.73,2813.57,2183.39,,2025-07-10,2026-07-05T13:00:00Z
CLM000003748,MBR0000132,PRV000033,PROFESSIONAL,2025-05-04,2025-05-06,I10,APPROVED,3547.37,2614.80,1950.68,,2025-05-07,2026-07-06T01:00:00Z
CLM000003749,MBR0000059,PRV000034,INSTITUTIONAL,2026-05-27,2026-05-30,I10,APPROVED,3250.56,2946.77,2121.57,,2026-06-13,2026-07-14T19:00:00Z
CLM000003750,MBR0000251,PRV000059,PROFESSIONAL,2026-03-15,2026-03-15,Z00.00,APPROVED,3973.64,2252.49,1899.12,,2026-03-23,2026-07-16T01:00:00Z
CLM000003751,MBR0000284,PRV000099,PROFESSIONAL,2026-02-19,2026-02-19,J45.909,APPROVED,4485.82,3572.47,2990.98,,2026-03-05,2026-07-18T05:00:00Z
CLM000003752,MBR0000384,PRV000029,INSTITUTIONAL,2025-10-15,2025-10-18,J45.909,APPROVED,3395.20,3076.18,2375.39,,2025-10-22,2026-07-20T13:00:00Z
CLM000003753,MBR0000472,PRV000018,INSTITUTIONAL,2025-03-22,2025-03-25,I10,APPROVED,4637.66,2782.19,2430.93,,2025-04-10,2026-07-10T16:00:00Z
CLM000003754,MBR0000105,PRV000034,INSTITUTIONAL,2025-04-10,2025-04-11,N39.0,APPROVED,2890.72,2122.02,2023.57,,2025-04-27,2026-07-14T21:00:00Z
CLM000003755,MBR0000585,PRV000010,INSTITUTIONAL,2026-04-02,2026-04-03,J45.909,APPROVED,141.00,124.80,115.06,,2026-04-16,2026-07-16T00:00:00Z
CLM000003756,MBR0000769,PRV000056,INSTITUTIONAL,2025-08-07,2025-08-10,M54.50,DENIED,3729.87,2373.42,0.00,CO16,2025-08-25,2026-07-11T05:00:00Z
CLM000003757,MBR0000731,PRV000007,INSTITUTIONAL,2026-05-21,2026-05-24,M54.50,APPROVED,5243.11,3667.22,2580.19,,2026-05-22,2026-07-12T02:00:00Z
CLM000003758,MBR0000455,PRV000062,INSTITUTIONAL,2025-06-01,2025-06-02,E11.9,APPROVED,650.60,515.46,456.13,,2025-06-02,2026-07-01T01:00:00Z
CLM000003759,MBR0000456,PRV000009,PROFESSIONAL,2025-11-03,2025-11-04,M54.50,APPROVED,4251.10,3419.45,2626.20,,2025-11-22,2026-07-20T15:00:00Z
CLM000003760,MBR0000070,PRV000067,INSTITUTIONAL,2025-11-10,2025-11-11,J45.909,DENIED,4464.40,3338.80,0.00,CO16,2025-11-22,2026-07-04T23:00:00Z
CLM000003761,MBR0000337,PRV000083,INSTITUTIONAL,2026-06-13,2026-06-14,Z00.00,APPROVED,1224.53,1134.20,940.87,,2026-06-14,2026-07-06T23:00:00Z
CLM000003762,MBR0000186,PRV000040,INSTITUTIONAL,2025-09-13,2025-09-15,J45.909,APPROVED,6240.64,3984.10,3779.83,,2025-09-20,2026-07-02T14:00:00Z
CLM000003763,MBR0000272,PRV000059,INSTITUTIONAL,2026-01-13,2026-01-16,E11.9,PENDING,5786.19,3636.30,0.00,,2026-01-28,2026-07-13T02:00:00Z
CLM000003764,MBR0000101,PRV000014,PROFESSIONAL,2025-03-29,2025-03-31,N39.0,APPROVED,968.93,710.90,631.29,,2025-04-06,2026-07-09T12:00:00Z
CLM000003765,MBR0000732,PRV000040,INSTITUTIONAL,2025-01-09,2025-01-12,N39.0,APPROVED,4214.03,3453.92,2801.54,,2025-01-14,2026-07-19T06:00:00Z
CLM000003766,MBR0000149,PRV000095,INSTITUTIONAL,2025-05-02,2025-05-02,M54.50,DENIED,3707.71,3190.31,0.00,CO97,2025-05-22,2026-07-13T20:00:00Z
CLM000003767,MBR0000905,PRV000033,PROFESSIONAL,2025-10-18,2025-10-18,Z00.00,APPROVED,4060.42,2416.91,2335.94,,2025-10-31,2026-07-15T17:00:00Z
CLM000003768,MBR0000493,PRV000044,PROFESSIONAL,2026-04-02,2026-04-02,E11.9,APPROVED,434.03,279.52,252.11,,2026-04-12,2026-07-01T10:00:00Z
CLM000003769,MBR0000657,PRV000002,PROFESSIONAL,2025-09-30,2025-10-02,Z00.00,APPROVED,447.05,411.29,410.15,,2025-10-11,2026-07-16T22:00:00Z
CLM000003770,MBR0000907,PRV000063,PROFESSIONAL,2025-04-29,2025-05-01,E11.9,PENDING,1540.99,1316.44,0.00,,2025-05-01,2026-07-01T23:00:00Z
CLM000003771,MBR0000493,PRV000063,PROFESSIONAL,2025-05-13,2025-05-16,E11.9,PENDING,1992.62,1859.83,0.00,,2025-05-21,2026-07-09T22:00:00Z
CLM000003772,MBR0000644,PRV000078,INSTITUTIONAL,2025-12-30,2025-12-30,N39.0,APPROVED,1434.10,837.88,753.27,,2026-01-03,2026-07-09T14:00:00Z
CLM000003773,MBR0000278,PRV000046,PROFESSIONAL,2026-03-11,2026-03-11,J45.909,APPROVED,2257.09,1420.58,1112.51,,2026-03-31,2026-07-15T22:00:00Z
CLM000003774,MBR0000750,PRV000015,PROFESSIONAL,2025-11-20,2025-11-21,I10,DENIED,3369.11,1994.79,0.00,CO50,2025-12-04,2026-07-12T04:00:00Z
CLM000003775,MBR0000749,PRV000055,INSTITUTIONAL,2026-06-18,2026-06-20,E11.9,APPROVED,784.34,685.33,541.47,,2026-07-07,2026-07-15T02:00:00Z
CLM000003776,MBR0000542,PRV000092,INSTITUTIONAL,2026-05-14,2026-05-15,E11.9,APPROVED,2472.14,1934.65,1715.73,,2026-06-02,2026-07-03T16:00:00Z
CLM000003777,MBR0000621,PRV000086,PROFESSIONAL,2025-03-09,2025-03-09,Z00.00,APPROVED,2894.18,2600.69,2529.42,,2025-03-28,2026-07-09T05:00:00Z
CLM000003778,MBR0000826,PRV000057,PROFESSIONAL,2025-07-14,2025-07-15,Z00.00,APPROVED,616.97,580.34,443.12,,2025-07-29,2026-07-04T07:00:00Z
CLM000003779,MBR0000505,PRV000085,INSTITUTIONAL,2026-01-02,2026-01-02,I10,DENIED,3788.03,2949.42,0.00,CO16,2026-01-21,2026-07-10T17:00:00Z
CLM000003780,MBR0000345,PRV000053,INSTITUTIONAL,2025-02-25,2025-02-27,M54.50,APPROVED,4055.48,3022.37,2287.85,,2025-03-14,2026-07-13T23:00:00Z
CLM000003781,MBR0000156,PRV000060,INSTITUTIONAL,2025-11-26,2025-11-26,J45.909,APPROVED,4235.51,2737.83,2500.19,,2025-12-07,2026-07-08T20:00:00Z
CLM000003782,MBR0000729,PRV000025,INSTITUTIONAL,2025-03-07,2025-03-08,J45.909,APPROVED,170.09,119.24,108.80,,2025-03-19,2026-07-02T00:00:00Z
CLM000003783,MBR0000160,PRV000001,PROFESSIONAL,2025-01-11,2025-01-12,M54.50,DENIED,2596.75,2339.44,0.00,CO50,2025-01-23,2026-07-13T19:00:00Z
CLM000003784,MBR0000817,PRV000069,PROFESSIONAL,2026-04-23,2026-04-23,E11.9,APPROVED,4770.60,3386.59,2837.44,,2026-05-05,2026-07-08T15:00:00Z
CLM000003785,MBR0000249,PRV000056,PROFESSIONAL,2026-01-10,2026-01-11,M54.50,APPROVED,2320.27,1591.66,1187.36,,2026-01-27,2026-07-11T11:00:00Z
CLM000003786,MBR0000434,PRV000047,PROFESSIONAL,2026-05-23,2026-05-26,I10,APPROVED,3463.10,2077.02,1620.25,,2026-06-12,2026-07-05T20:00:00Z
CLM000003787,MBR0000609,PRV000033,PROFESSIONAL,2025-10-08,2025-10-08,J45.909,APPROVED,3892.67,3563.80,2466.85,,2025-10-24,2026-07-08T03:00:00Z
CLM000003788,MBR0000932,PRV000072,INSTITUTIONAL,2025-03-28,2025-03-30,J45.909,APPROVED,4880.51,3493.18,2632.06,,2025-04-02,2026-07-05T06:00:00Z
CLM000003789,MBR0000832,PRV000003,PROFESSIONAL,2025-12-05,2025-12-06,I10,DENIED,1188.00,1064.12,0.00,CO16,2025-12-20,2026-07-18T01:00:00Z
CLM000003790,MBR0000476,PRV000061,PROFESSIONAL,2025-12-13,2025-12-15,J45.909,DENIED,3637.35,3052.21,0.00,CO50,2025-12-21,2026-07-11T18:00:00Z
CLM000003791,MBR0000902,PRV000052,INSTITUTIONAL,2025-01-26,2025-01-28,E11.9,APPROVED,2258.40,1673.59,1311.06,,2025-01-27,2026-07-19T06:00:00Z
CLM000003792,MBR0000991,PRV000029,INSTITUTIONAL,2026-02-09,2026-02-09,I10,APPROVED,1951.84,1105.59,1040.51,,2026-02-17,2026-07-08T16:00:00Z
CLM000003793,MBR0000439,PRV000043,INSTITUTIONAL,2025-05-19,2025-05-19,Z00.00,APPROVED,3672.63,3302.55,2956.02,,2025-05-30,2026-07-09T13:00:00Z
CLM000003794,MBR0000450,PRV000006,INSTITUTIONAL,2025-06-11,2025-06-14,E11.9,APPROVED,3459.45,2583.94,1816.10,,2025-06-23,2026-07-08T04:00:00Z
CLM000003795,MBR0000002,PRV000041,INSTITUTIONAL,2025-02-26,2025-03-01,M54.50,APPROVED,73.73,54.39,37.35,,2025-03-05,2026-07-10T05:00:00Z
CLM000003796,MBR0000994,PRV000096,INSTITUTIONAL,2025-05-16,2025-05-17,I10,APPROVED,85.99,55.88,52.27,,2025-05-18,2026-07-03T02:00:00Z
CLM000003797,MBR0000763,PRV000010,PROFESSIONAL,2025-07-19,2025-07-22,E11.9,APPROVED,2909.99,1932.11,1741.77,,2025-07-26,2026-07-11T21:00:00Z
CLM000003798,MBR0000245,PRV000028,PROFESSIONAL,2025-12-03,2025-12-03,I10,APPROVED,800.91,714.85,626.91,,2025-12-21,2026-07-08T07:00:00Z
CLM000003799,MBR0000446,PRV000015,PROFESSIONAL,2025-10-11,2025-10-11,I10,DENIED,672.03,474.23,0.00,CO16,2025-10-23,2026-07-18T15:00:00Z
CLM000003800,MBR0000307,PRV000013,INSTITUTIONAL,2026-05-10,2026-05-12,N39.0,APPROVED,3005.95,2361.33,1908.15,,2026-05-11,2026-07-14T12:00:00Z
CLM000003801,MBR0000151,PRV000004,INSTITUTIONAL,2025-04-21,2025-04-22,Z00.00,APPROVED,5243.60,3559.03,2922.21,,2025-05-10,2026-07-06T22:00:00Z
CLM000003802,MBR0000544,PRV000059,PROFESSIONAL,2025-03-30,2025-03-30,I10,APPROVED,2541.60,1975.69,1851.37,,2025-03-31,2026-07-08T11:00:00Z
CLM000003803,MBR0000003,PRV000034,INSTITUTIONAL,2026-06-03,2026-06-06,I10,APPROVED,2109.78,1874.16,1548.45,,2026-06-20,2026-07-07T12:00:00Z
CLM000003804,MBR0000821,PRV000085,PROFESSIONAL,2025-02-15,2025-02-17,Z00.00,APPROVED,1672.07,1539.53,1224.51,,2025-03-05,2026-07-07T09:00:00Z
CLM000003805,MBR0000637,PRV000002,PROFESSIONAL,2025-04-12,2025-04-13,N39.0,APPROVED,2632.29,2273.06,2227.30,,2025-04-19,2026-07-03T00:00:00Z
CLM000003806,MBR0000153,PRV000025,INSTITUTIONAL,2026-03-02,2026-03-05,J45.909,APPROVED,3065.63,2304.37,1641.68,,2026-03-10,2026-07-18T06:00:00Z
CLM000003807,MBR0000101,PRV000071,INSTITUTIONAL,2025-07-16,2025-07-19,Z00.00,APPROVED,5862.71,3575.15,3569.43,,2025-08-05,2026-07-19T06:00:00Z
CLM000003808,MBR0000682,PRV000033,INSTITUTIONAL,2026-02-09,2026-02-12,E11.9,APPROVED,752.95,511.21,463.81,,2026-02-26,2026-07-01T09:00:00Z
CLM000003809,MBR0000275,PRV000071,INSTITUTIONAL,2025-12-03,2025-12-03,J45.909,APPROVED,479.21,306.46,203.06,,2025-12-19,2026-07-08T15:00:00Z
CLM000003810,MBR0000782,PRV000095,INSTITUTIONAL,2025-12-28,2025-12-30,J45.909,APPROVED,796.16,738.04,521.18,,2026-01-01,2026-07-08T15:00:00Z
CLM000003811,MBR0000374,PRV000014,PROFESSIONAL,2025-10-31,2025-11-01,Z00.00,APPROVED,167.25,134.58,123.54,,2025-11-08,2026-07-10T23:00:00Z
CLM000003812,MBR0000518,PRV000076,INSTITUTIONAL,2025-07-28,2025-07-31,M54.50,APPROVED,4107.17,2756.79,2602.32,,2025-08-03,2026-07-02T16:00:00Z
CLM000003813,MBR0000126,PRV000027,PROFESSIONAL,2025-05-13,2025-05-16,Z00.00,APPROVED,2987.85,2631.69,2460.77,,2025-05-30,2026-07-03T23:00:00Z
CLM000003814,MBR0000943,PRV000072,PROFESSIONAL,2025-11-30,2025-12-01,M54.50,APPROVED,403.16,324.87,303.53,,2025-12-16,2026-07-13T20:00:00Z
CLM000003815,MBR0000643,PRV000015,INSTITUTIONAL,2025-10-03,2025-10-03,M54.50,DENIED,976.79,887.76,0.00,CO97,2025-10-06,2026-07-05T01:00:00Z
CLM000003816,MBR0000953,PRV000087,PROFESSIONAL,2025-02-18,2025-02-20,N39.0,APPROVED,4832.86,3514.48,2783.53,,2025-02-28,2026-07-20T01:00:00Z
CLM000003817,MBR0000110,PRV000085,PROFESSIONAL,2026-04-22,2026-04-23,I10,APPROVED,1046.67,988.97,933.12,,2026-04-26,2026-07-14T00:00:00Z
CLM000003818,MBR0000461,PRV000021,PROFESSIONAL,2026-01-20,2026-01-21,E11.9,APPROVED,1566.69,1453.69,1069.77,,2026-01-26,2026-07-13T09:00:00Z
CLM000003819,MBR0000414,PRV000042,INSTITUTIONAL,2025-11-28,2025-11-28,J45.909,APPROVED,2478.84,1424.92,1051.52,,2025-12-01,2026-07-17T02:00:00Z
CLM000003820,MBR0000358,PRV000015,INSTITUTIONAL,2025-09-09,2025-09-11,J45.909,APPROVED,4903.11,3124.61,2848.04,,2025-09-15,2026-07-10T00:00:00Z
CLM000003821,MBR0000837,PRV000084,PROFESSIONAL,2025-06-21,2025-06-24,E11.9,APPROVED,5280.33,3702.22,2493.93,,2025-07-04,2026-07-02T17:00:00Z
CLM000003822,MBR0000543,PRV000076,PROFESSIONAL,2026-03-01,2026-03-03,Z00.00,APPROVED,2625.55,1552.97,1385.48,,2026-03-11,2026-07-06T13:00:00Z
CLM000003823,MBR0000104,PRV000003,PROFESSIONAL,2026-01-15,2026-01-15,M54.50,APPROVED,3591.57,2103.90,1558.33,,2026-01-27,2026-07-11T08:00:00Z
CLM000003824,MBR0000562,PRV000096,PROFESSIONAL,2025-12-22,2025-12-24,N39.0,DENIED,2651.95,1551.83,0.00,CO50,2025-12-27,2026-07-11T01:00:00Z
CLM000003825,MBR0000660,PRV000027,PROFESSIONAL,2025-02-25,2025-02-27,I10,DENIED,1348.20,805.61,0.00,CO16,2025-02-26,2026-07-01T22:00:00Z
CLM000003826,MBR0000516,PRV000004,PROFESSIONAL,2025-03-12,2025-03-14,I10,APPROVED,4081.89,3368.91,2238.28,,2025-03-20,2026-07-13T06:00:00Z
CLM000003827,MBR0000355,PRV000048,INSTITUTIONAL,2025-08-04,2025-08-07,M54.50,APPROVED,615.89,448.86,353.33,,2025-08-18,2026-07-09T23:00:00Z
CLM000003828,MBR0000794,PRV000048,INSTITUTIONAL,2025-01-07,2025-01-08,E11.9,APPROVED,2650.08,1728.95,1567.35,,2025-01-24,2026-07-20T01:00:00Z
CLM000003829,MBR0000812,PRV000053,PROFESSIONAL,2026-02-28,2026-03-02,E11.9,DENIED,4759.19,3581.19,0.00,CO16,2026-03-05,2026-07-16T07:00:00Z
CLM000003830,MBR0000719,PRV000025,INSTITUTIONAL,2025-06-26,2025-06-29,I10,APPROVED,1093.61,903.97,755.28,,2025-07-01,2026-07-05T16:00:00Z
CLM000003831,MBR0000801,PRV000046,INSTITUTIONAL,2026-03-19,2026-03-21,I10,APPROVED,3999.40,3189.75,2593.35,,2026-04-01,2026-07-15T14:00:00Z
CLM000003832,MBR0000142,PRV000062,PROFESSIONAL,2025-04-06,2025-04-08,N39.0,APPROVED,821.65,608.69,414.36,,2025-04-15,2026-07-16T22:00:00Z
CLM000003833,MBR0000437,PRV000065,PROFESSIONAL,2025-10-18,2025-10-18,N39.0,APPROVED,4714.58,2697.82,1794.77,,2025-10-26,2026-07-01T18:00:00Z
CLM000003834,MBR0000217,PRV000008,PROFESSIONAL,2025-06-03,2025-06-04,N39.0,APPROVED,5115.80,3034.50,2684.96,,2025-06-10,2026-07-13T16:00:00Z
CLM000003835,MBR0000225,PRV000056,INSTITUTIONAL,2025-09-03,2025-09-06,J45.909,APPROVED,3657.08,3339.96,3017.95,,2025-09-23,2026-07-04T18:00:00Z
CLM000003836,MBR0000446,PRV000045,PROFESSIONAL,2026-02-07,2026-02-10,I10,DENIED,3108.80,2340.98,0.00,CO16,2026-02-16,2026-07-07T08:00:00Z
CLM000003837,MBR0000075,PRV000032,PROFESSIONAL,2026-06-29,2026-06-29,Z00.00,DENIED,1205.54,935.47,0.00,CO50,2026-07-15,2026-07-07T02:00:00Z
CLM000003838,MBR0000024,PRV000092,PROFESSIONAL,2025-07-14,2025-07-15,Z00.00,APPROVED,5731.99,3587.30,3165.72,,2025-08-01,2026-07-06T18:00:00Z
CLM000003839,MBR0000342,PRV000040,INSTITUTIONAL,2025-12-27,2025-12-29,Z00.00,PENDING,2340.93,1318.86,0.00,,2025-12-29,2026-07-03T06:00:00Z
CLM000003840,MBR0000032,PRV000080,INSTITUTIONAL,2025-03-06,2025-03-08,I10,APPROVED,4528.41,2634.80,2359.20,,2025-03-10,2026-07-06T22:00:00Z
CLM000003841,MBR0000646,PRV000089,INSTITUTIONAL,2026-05-05,2026-05-08,E11.9,APPROVED,1193.21,944.54,764.89,,2026-05-22,2026-07-15T23:00:00Z
CLM000003842,MBR0000224,PRV000081,INSTITUTIONAL,2026-03-29,2026-03-30,N39.0,APPROVED,1959.57,1236.50,940.82,,2026-04-10,2026-07-03T02:00:00Z
CLM000003843,MBR0000951,PRV000004,INSTITUTIONAL,2026-02-05,2026-02-07,N39.0,DENIED,991.39,689.13,0.00,CO97,2026-02-13,2026-07-17T03:00:00Z
CLM000003844,MBR0000691,PRV000008,INSTITUTIONAL,2025-07-28,2025-07-28,I10,APPROVED,923.37,792.87,717.90,,2025-08-16,2026-07-12T20:00:00Z
CLM000003845,MBR0000594,PRV000052,INSTITUTIONAL,2025-07-14,2025-07-17,I10,APPROVED,2536.70,1776.49,1415.45,,2025-07-27,2026-07-08T00:00:00Z
CLM000003846,MBR0000492,PRV000087,PROFESSIONAL,2025-04-07,2025-04-09,E11.9,APPROVED,1112.92,772.59,721.81,,2025-04-08,2026-07-16T01:00:00Z
CLM000003847,MBR0000654,PRV000057,INSTITUTIONAL,2025-01-26,2025-01-26,Z00.00,APPROVED,3833.17,3193.59,2774.43,,2025-02-12,2026-07-03T01:00:00Z
CLM000003848,MBR0000371,PRV000073,PROFESSIONAL,2025-02-12,2025-02-12,J45.909,DENIED,124.88,110.05,0.00,CO16,2025-03-02,2026-07-10T07:00:00Z
CLM000003849,MBR0000285,PRV000023,PROFESSIONAL,2026-03-29,2026-03-29,M54.50,APPROVED,4242.12,3698.90,2685.22,,2026-04-17,2026-07-05T06:00:00Z
CLM000003850,MBR0000438,PRV000008,INSTITUTIONAL,2025-10-16,2025-10-16,E11.9,APPROVED,910.71,733.85,569.84,,2025-11-03,2026-07-14T03:00:00Z
CLM000003851,MBR0000692,PRV000030,PROFESSIONAL,2025-07-30,2025-08-02,N39.0,APPROVED,1544.21,859.61,733.98,,2025-08-11,2026-07-19T09:00:00Z
CLM000003852,MBR0000082,PRV000011,PROFESSIONAL,2025-01-20,2025-01-23,N39.0,APPROVED,3224.88,2590.72,2369.53,,2025-02-08,2026-07-03T03:00:00Z
CLM000003853,MBR0000768,PRV000004,PROFESSIONAL,2025-03-07,2025-03-09,E11.9,APPROVED,351.58,229.81,214.41,,2025-03-09,2026-07-17T13:00:00Z
CLM000003854,MBR0000695,PRV000090,INSTITUTIONAL,2025-01-08,2025-01-09,E11.9,APPROVED,436.61,248.87,188.10,,2025-01-19,2026-07-04T04:00:00Z
CLM000003855,MBR0000386,PRV000043,PROFESSIONAL,2025-04-23,2025-04-23,M54.50,APPROVED,1588.64,1196.64,882.90,,2025-05-03,2026-07-05T10:00:00Z
CLM000003856,MBR0000565,PRV000006,INSTITUTIONAL,2025-03-23,2025-03-24,Z00.00,APPROVED,888.06,612.99,400.05,,2025-04-03,2026-07-01T20:00:00Z
CLM000003857,MBR0000095,PRV000081,INSTITUTIONAL,2025-06-21,2025-06-23,M54.50,APPROVED,3226.62,2042.12,1704.06,,2025-06-22,2026-07-06T18:00:00Z
CLM000003858,MBR0000349,PRV000042,INSTITUTIONAL,2025-01-16,2025-01-19,M54.50,APPROVED,614.96,353.03,259.41,,2025-02-03,2026-07-18T01:00:00Z
CLM000003859,MBR0000149,PRV000013,INSTITUTIONAL,2026-02-10,2026-02-13,N39.0,APPROVED,4059.25,3399.96,3232.13,,2026-02-19,2026-07-09T21:00:00Z
CLM000003860,MBR0000853,PRV000056,PROFESSIONAL,2026-01-16,2026-01-17,M54.50,APPROVED,1751.81,1550.87,1102.99,,2026-01-29,2026-07-19T15:00:00Z
CLM000003861,MBR0000197,PRV000035,INSTITUTIONAL,2025-10-20,2025-10-20,N39.0,APPROVED,5798.56,3291.66,2475.23,,2025-11-07,2026-07-14T10:00:00Z
CLM000003862,MBR0000063,PRV000026,PROFESSIONAL,2026-06-06,2026-06-06,I10,APPROVED,5051.39,2924.92,2293.25,,2026-06-07,2026-07-13T08:00:00Z
CLM000003863,MBR0000980,PRV000095,INSTITUTIONAL,2026-03-30,2026-03-30,J45.909,APPROVED,1109.06,981.57,895.16,,2026-04-11,2026-07-20T07:00:00Z
CLM000003864,MBR0000590,PRV000079,PROFESSIONAL,2025-03-26,2025-03-28,M54.50,APPROVED,1703.88,1421.98,1000.39,,2025-03-31,2026-07-12T14:00:00Z
CLM000003865,MBR0000175,PRV000054,PROFESSIONAL,2025-07-18,2025-07-19,M54.50,APPROVED,2934.57,2444.32,1932.59,,2025-07-20,2026-07-02T03:00:00Z
CLM000003866,MBR0000085,PRV000009,INSTITUTIONAL,2026-06-25,2026-06-26,N39.0,APPROVED,5754.19,3493.92,2836.05,,2026-07-15,2026-07-12T13:00:00Z
CLM000003867,MBR0000517,PRV000031,PROFESSIONAL,2025-09-21,2025-09-24,N39.0,APPROVED,2903.24,2308.80,2141.56,,2025-10-09,2026-07-07T03:00:00Z
CLM000003868,MBR0000872,PRV000015,INSTITUTIONAL,2026-04-05,2026-04-05,M54.50,APPROVED,4523.85,2709.80,2087.10,,2026-04-09,2026-07-05T04:00:00Z
CLM000003869,MBR0000762,PRV000066,INSTITUTIONAL,2025-12-25,2025-12-26,Z00.00,APPROVED,1652.34,940.71,840.81,,2026-01-01,2026-07-08T06:00:00Z
CLM000003870,MBR0000012,PRV000020,INSTITUTIONAL,2025-12-15,2025-12-15,I10,APPROVED,4296.73,3782.81,3741.75,,2025-12-25,2026-07-05T16:00:00Z
CLM000003871,MBR0000122,PRV000036,PROFESSIONAL,2026-05-11,2026-05-12,I10,APPROVED,1315.30,1001.74,800.86,,2026-05-26,2026-07-19T03:00:00Z
CLM000003872,MBR0000779,PRV000096,PROFESSIONAL,2026-06-21,2026-06-24,M54.50,APPROVED,2655.88,1607.19,1592.84,,2026-07-10,2026-07-11T02:00:00Z
CLM000003873,MBR0000125,PRV000081,INSTITUTIONAL,2025-06-10,2025-06-11,N39.0,APPROVED,4290.67,3865.87,2630.60,,2025-06-24,2026-07-14T06:00:00Z
CLM000003874,MBR0000808,PRV000058,PROFESSIONAL,2026-04-13,2026-04-16,N39.0,APPROVED,153.49,88.70,57.66,,2026-04-17,2026-07-04T15:00:00Z
CLM000003875,MBR0000472,PRV000041,PROFESSIONAL,2026-03-03,2026-03-03,E11.9,DENIED,726.71,441.25,0.00,CO97,2026-03-21,2026-07-07T20:00:00Z
CLM000003876,MBR0000056,PRV000039,PROFESSIONAL,2025-11-18,2025-11-20,J45.909,APPROVED,3141.55,2852.25,2199.62,,2025-11-21,2026-07-13T10:00:00Z
CLM000003877,MBR0000746,PRV000030,INSTITUTIONAL,2026-01-26,2026-01-29,N39.0,APPROVED,240.64,134.59,131.65,,2026-01-30,2026-07-05T19:00:00Z
CLM000003878,MBR0000428,PRV000064,PROFESSIONAL,2026-02-17,2026-02-19,J45.909,DENIED,5581.19,3630.15,0.00,CO50,2026-02-27,2026-07-15T10:00:00Z
CLM000003879,MBR0000428,PRV000014,INSTITUTIONAL,2025-06-09,2025-06-12,E11.9,DENIED,466.56,327.84,0.00,CO97,2025-06-12,2026-07-07T14:00:00Z
CLM000003880,MBR0000173,PRV000052,INSTITUTIONAL,2025-07-05,2025-07-06,Z00.00,APPROVED,3085.74,2775.79,1923.43,,2025-07-21,2026-07-20T05:00:00Z
CLM000003881,MBR0000169,PRV000059,INSTITUTIONAL,2025-10-31,2025-11-01,M54.50,APPROVED,4976.05,3584.75,3179.83,,2025-11-10,2026-07-06T20:00:00Z
CLM000003882,MBR0000477,PRV000077,PROFESSIONAL,2025-05-27,2025-05-28,J45.909,APPROVED,2007.16,1268.43,1023.64,,2025-06-02,2026-07-06T09:00:00Z
CLM000003883,MBR0000654,PRV000043,INSTITUTIONAL,2026-04-25,2026-04-26,J45.909,APPROVED,1133.50,689.06,678.93,,2026-05-05,2026-07-20T11:00:00Z
CLM000003884,MBR0000205,PRV000054,INSTITUTIONAL,2026-04-13,2026-04-14,Z00.00,DENIED,1360.15,934.13,0.00,CO97,2026-04-22,2026-07-06T09:00:00Z
CLM000003885,MBR0000837,PRV000021,INSTITUTIONAL,2025-01-25,2025-01-25,E11.9,APPROVED,2497.30,2325.45,1525.80,,2025-02-14,2026-07-04T23:00:00Z
CLM000003886,MBR0000120,PRV000096,PROFESSIONAL,2025-03-20,2025-03-21,I10,APPROVED,3783.73,2636.11,2163.91,,2025-03-31,2026-07-10T15:00:00Z
CLM000003887,MBR0000479,PRV000002,PROFESSIONAL,2025-09-25,2025-09-28,M54.50,APPROVED,5391.02,3945.90,3247.90,,2025-10-05,2026-07-10T03:00:00Z
CLM000003888,MBR0000152,PRV000005,INSTITUTIONAL,2025-10-31,2025-11-01,N39.0,APPROVED,4271.45,2943.92,2925.44,,2025-11-10,2026-07-05T18:00:00Z
CLM000003889,MBR0000936,PRV000037,INSTITUTIONAL,2026-05-27,2026-05-28,J45.909,DENIED,3218.29,2976.27,0.00,CO97,2026-06-02,2026-07-13T12:00:00Z
CLM000003890,MBR0000764,PRV000077,INSTITUTIONAL,2025-03-31,2025-04-01,Z00.00,APPROVED,2940.28,2782.95,2027.36,,2025-04-04,2026-07-18T15:00:00Z
CLM000003891,MBR0000786,PRV000068,INSTITUTIONAL,2025-03-22,2025-03-22,N39.0,APPROVED,332.47,213.81,188.55,,2025-03-29,2026-07-20T16:00:00Z
CLM000003892,MBR0000949,PRV000076,PROFESSIONAL,2025-11-13,2025-11-13,J45.909,APPROVED,5943.37,3992.60,3789.28,,2025-12-02,2026-07-14T08:00:00Z
CLM000003893,MBR0000815,PRV000035,INSTITUTIONAL,2026-04-19,2026-04-19,J45.909,APPROVED,938.25,536.18,381.90,,2026-05-02,2026-07-09T00:00:00Z
CLM000003894,MBR0000755,PRV000039,PROFESSIONAL,2025-01-16,2025-01-18,I10,APPROVED,2784.98,1776.85,1346.61,,2025-02-03,2026-07-13T04:00:00Z
CLM000003895,MBR0000456,PRV000072,INSTITUTIONAL,2026-05-10,2026-05-12,E11.9,APPROVED,4059.23,2275.62,2143.92,,2026-05-17,2026-07-06T06:00:00Z
CLM000003896,MBR0000335,PRV000009,INSTITUTIONAL,2025-03-16,2025-03-17,M54.50,DENIED,992.06,852.49,0.00,CO16,2025-03-30,2026-07-04T18:00:00Z
CLM000003897,MBR0000352,PRV000037,INSTITUTIONAL,2026-04-17,2026-04-19,I10,APPROVED,3008.52,2758.73,2482.58,,2026-04-28,2026-07-01T14:00:00Z
CLM000003898,MBR0000395,PRV000082,PROFESSIONAL,2026-03-06,2026-03-08,I10,APPROVED,920.71,573.04,374.04,,2026-03-12,2026-07-12T12:00:00Z
CLM000003899,MBR0000508,PRV000085,INSTITUTIONAL,2026-01-28,2026-01-30,I10,APPROVED,551.68,501.48,354.71,,2026-02-16,2026-07-13T02:00:00Z
CLM000003900,MBR0000782,PRV000018,INSTITUTIONAL,2025-05-25,2025-05-27,Z00.00,APPROVED,6303.64,3578.20,3095.05,,2025-06-01,2026-07-16T03:00:00Z
CLM000003901,MBR0000293,PRV000016,INSTITUTIONAL,2025-03-11,2025-03-12,Z00.00,APPROVED,1440.02,1269.46,862.17,,2025-03-15,2026-07-08T22:00:00Z
CLM000003902,MBR0000881,PRV000093,INSTITUTIONAL,2026-04-28,2026-04-30,M54.50,APPROVED,351.55,249.46,239.59,,2026-05-05,2026-07-07T23:00:00Z
CLM000003903,MBR0000738,PRV000055,PROFESSIONAL,2025-11-04,2025-11-04,J45.909,APPROVED,3894.56,3276.16,2148.16,,2025-11-15,2026-07-13T08:00:00Z
CLM000003904,MBR0000007,PRV000001,PROFESSIONAL,2026-03-12,2026-03-14,I10,APPROVED,5069.64,3967.56,3291.52,,2026-03-30,2026-07-06T09:00:00Z
CLM000003905,MBR0000887,PRV000040,PROFESSIONAL,2026-01-19,2026-01-21,E11.9,APPROVED,801.52,700.60,652.42,,2026-01-27,2026-07-08T15:00:00Z
CLM000003906,MBR0000725,PRV000028,PROFESSIONAL,2026-03-23,2026-03-25,E11.9,APPROVED,2835.32,1605.88,1431.88,,2026-03-24,2026-07-17T02:00:00Z
CLM000003907,MBR0000715,PRV000026,INSTITUTIONAL,2026-04-16,2026-04-16,E11.9,APPROVED,773.00,558.30,538.80,,2026-05-06,2026-07-07T03:00:00Z
CLM000003908,MBR0000355,PRV000003,PROFESSIONAL,2025-04-16,2025-04-18,N39.0,APPROVED,1035.77,627.64,473.32,,2025-04-30,2026-07-07T07:00:00Z
CLM000003909,MBR0000477,PRV000064,PROFESSIONAL,2025-06-13,2025-06-16,Z00.00,APPROVED,2941.70,1799.60,1250.04,,2025-06-22,2026-07-11T03:00:00Z
CLM000003910,MBR0000166,PRV000096,PROFESSIONAL,2025-03-27,2025-03-30,N39.0,APPROVED,1037.69,718.84,542.84,,2025-04-02,2026-07-06T06:00:00Z
CLM000003911,MBR0000563,PRV000097,PROFESSIONAL,2026-02-13,2026-02-16,J45.909,APPROVED,5392.62,3067.44,2281.13,,2026-02-21,2026-07-14T23:00:00Z
CLM000003912,MBR0000494,PRV000082,PROFESSIONAL,2026-01-09,2026-01-11,N39.0,APPROVED,4825.56,3524.10,2831.53,,2026-01-29,2026-07-02T15:00:00Z
CLM000003913,MBR0000256,PRV000087,PROFESSIONAL,2025-12-09,2025-12-11,N39.0,APPROVED,1176.23,1082.53,723.87,,2025-12-19,2026-07-14T11:00:00Z
CLM000003914,MBR0000707,PRV000020,PROFESSIONAL,2026-02-27,2026-02-28,M54.50,APPROVED,4973.77,3632.04,2785.91,,2026-03-03,2026-07-16T01:00:00Z
CLM000003915,MBR0000659,PRV000056,INSTITUTIONAL,2025-07-01,2025-07-02,Z00.00,APPROVED,2944.60,2759.73,2540.58,,2025-07-12,2026-07-08T11:00:00Z
CLM000003916,MBR0000444,PRV000026,PROFESSIONAL,2026-03-09,2026-03-10,J45.909,APPROVED,2755.33,2074.91,1515.54,,2026-03-25,2026-07-02T17:00:00Z
CLM000003917,MBR0000372,PRV000100,INSTITUTIONAL,2025-11-14,2025-11-14,N39.0,APPROVED,184.72,150.13,130.75,,2025-11-15,2026-07-02T22:00:00Z
CLM000003918,MBR0000375,PRV000039,PROFESSIONAL,2025-07-05,2025-07-07,Z00.00,APPROVED,5166.82,3186.92,3116.69,,2025-07-25,2026-07-01T08:00:00Z
CLM000003919,MBR0000961,PRV000051,INSTITUTIONAL,2025-08-31,2025-08-31,Z00.00,APPROVED,4109.67,3305.03,2733.68,,2025-09-07,2026-07-09T15:00:00Z
CLM000003920,MBR0000701,PRV000038,INSTITUTIONAL,2026-05-26,2026-05-29,I10,APPROVED,3214.99,2329.29,1874.53,,2026-06-03,2026-07-20T06:00:00Z
CLM000003921,MBR0000203,PRV000094,PROFESSIONAL,2025-02-25,2025-02-27,J45.909,APPROVED,3288.99,2636.82,2408.16,,2025-02-27,2026-07-09T03:00:00Z
CLM000003922,MBR0000690,PRV000081,INSTITUTIONAL,2026-03-15,2026-03-15,M54.50,APPROVED,5064.56,3285.57,2568.35,,2026-03-18,2026-07-14T09:00:00Z
CLM000003923,MBR0000296,PRV000045,PROFESSIONAL,2025-09-11,2025-09-14,M54.50,APPROVED,1770.35,1062.16,802.37,,2025-09-25,2026-07-15T11:00:00Z
CLM000003924,MBR0000323,PRV000017,INSTITUTIONAL,2026-01-17,2026-01-17,E11.9,APPROVED,2921.74,1638.26,1384.17,,2026-02-04,2026-07-13T15:00:00Z
CLM000003925,MBR0000370,PRV000071,INSTITUTIONAL,2025-02-07,2025-02-10,Z00.00,APPROVED,4522.14,3520.72,2651.54,,2025-02-10,2026-07-19T07:00:00Z
CLM000003926,MBR0000417,PRV000078,PROFESSIONAL,2025-12-04,2025-12-07,I10,APPROVED,2173.18,1852.47,1602.62,,2025-12-16,2026-07-13T23:00:00Z
CLM000003927,MBR0000150,PRV000020,INSTITUTIONAL,2025-10-26,2025-10-27,Z00.00,APPROVED,174.31,122.18,97.37,,2025-11-02,2026-07-16T20:00:00Z
CLM000003928,MBR0000988,PRV000083,PROFESSIONAL,2025-03-26,2025-03-29,I10,APPROVED,569.89,446.49,424.43,,2025-03-31,2026-07-20T21:00:00Z
CLM000003929,MBR0000926,PRV000010,INSTITUTIONAL,2025-08-08,2025-08-08,J45.909,APPROVED,6354.04,3600.66,3255.98,,2025-08-26,2026-07-04T17:00:00Z
CLM000003930,MBR0000690,PRV000079,INSTITUTIONAL,2026-04-23,2026-04-23,J45.909,APPROVED,1563.16,1155.23,796.85,,2026-05-01,2026-07-17T00:00:00Z
CLM000003931,MBR0000957,PRV000008,PROFESSIONAL,2025-05-13,2025-05-14,J45.909,APPROVED,3124.93,1981.60,1636.94,,2025-05-30,2026-07-01T18:00:00Z
CLM000003932,MBR0000999,PRV000052,PROFESSIONAL,2025-08-24,2025-08-25,I10,APPROVED,4476.40,2965.05,2529.76,,2025-08-25,2026-07-16T09:00:00Z
CLM000003933,MBR0000513,PRV000089,INSTITUTIONAL,2025-02-27,2025-02-27,N39.0,APPROVED,3014.55,2000.99,1922.72,,2025-03-13,2026-07-09T20:00:00Z
CLM000003934,MBR0000328,PRV000015,INSTITUTIONAL,2026-06-20,2026-06-21,E11.9,DENIED,2193.82,1621.44,0.00,CO16,2026-07-01,2026-07-15T19:00:00Z
CLM000003935,MBR0000047,PRV000045,PROFESSIONAL,2025-04-26,2025-04-26,Z00.00,APPROVED,4470.86,3073.74,2500.10,,2025-05-02,2026-07-09T05:00:00Z
CLM000003936,MBR0000756,PRV000014,PROFESSIONAL,2025-03-30,2025-04-01,N39.0,APPROVED,4568.10,3678.54,3360.64,,2025-04-05,2026-07-04T09:00:00Z
CLM000003937,MBR0000267,PRV000066,INSTITUTIONAL,2025-04-26,2025-04-28,M54.50,DENIED,1317.65,788.54,0.00,CO97,2025-05-12,2026-07-11T08:00:00Z
CLM000003938,MBR0000066,PRV000092,PROFESSIONAL,2026-01-12,2026-01-12,N39.0,APPROVED,4295.47,3770.14,3400.36,,2026-01-25,2026-07-19T14:00:00Z
CLM000003939,MBR0000418,PRV000067,PROFESSIONAL,2025-09-11,2025-09-13,I10,APPROVED,575.53,380.47,304.53,,2025-09-13,2026-07-20T00:00:00Z
CLM000003940,MBR0000406,PRV000051,PROFESSIONAL,2025-10-28,2025-10-30,J45.909,APPROVED,1004.05,829.11,699.32,,2025-11-04,2026-07-04T12:00:00Z
CLM000003941,MBR0000276,PRV000070,INSTITUTIONAL,2026-01-02,2026-01-04,J45.909,APPROVED,4191.08,3049.09,2696.45,,2026-01-15,2026-07-13T05:00:00Z
CLM000003942,MBR0000892,PRV000051,INSTITUTIONAL,2025-05-29,2025-05-30,N39.0,APPROVED,917.71,683.53,586.61,,2025-05-30,2026-07-14T08:00:00Z
CLM000003943,MBR0000724,PRV000011,PROFESSIONAL,2025-11-19,2025-11-22,E11.9,APPROVED,1697.12,946.50,780.66,,2025-11-28,2026-07-03T12:00:00Z
CLM000003944,MBR0000147,PRV000083,INSTITUTIONAL,2025-12-19,2025-12-19,E11.9,APPROVED,4274.64,3118.03,2456.78,,2025-12-20,2026-07-08T03:00:00Z
CLM000003945,MBR0000043,PRV000057,INSTITUTIONAL,2026-01-10,2026-01-11,I10,DENIED,2968.68,2647.16,0.00,CO97,2026-01-12,2026-07-14T20:00:00Z
CLM000003946,MBR0000077,PRV000013,PROFESSIONAL,2025-12-12,2025-12-13,M54.50,APPROVED,4135.90,3868.40,3215.24,,2025-12-20,2026-07-19T14:00:00Z
CLM000003947,MBR0000468,PRV000081,INSTITUTIONAL,2026-04-04,2026-04-05,I10,APPROVED,1417.22,878.08,802.81,,2026-04-16,2026-07-16T13:00:00Z
CLM000003948,MBR0000963,PRV000011,PROFESSIONAL,2026-05-05,2026-05-08,Z00.00,DENIED,2326.49,1395.80,0.00,CO97,2026-05-11,2026-07-03T20:00:00Z
CLM000003949,MBR0000118,PRV000078,INSTITUTIONAL,2025-01-25,2025-01-26,M54.50,DENIED,3559.99,2404.99,0.00,CO97,2025-01-29,2026-07-10T17:00:00Z
CLM000003950,MBR0000598,PRV000091,INSTITUTIONAL,2025-12-23,2025-12-24,E11.9,DENIED,3774.40,2738.09,0.00,CO50,2025-12-27,2026-07-17T02:00:00Z
CLM000003951,MBR0000221,PRV000090,PROFESSIONAL,2026-03-10,2026-03-10,J45.909,APPROVED,6194.65,3561.10,2845.19,,2026-03-27,2026-07-16T21:00:00Z
CLM000003952,MBR0000412,PRV000051,INSTITUTIONAL,2025-02-01,2025-02-01,Z00.00,APPROVED,6281.03,3597.30,3380.67,,2025-02-19,2026-07-08T16:00:00Z
CLM000003953,MBR0000565,PRV000087,PROFESSIONAL,2025-12-22,2025-12-25,E11.9,DENIED,562.30,339.94,0.00,CO16,2026-01-04,2026-07-05T09:00:00Z
CLM000003954,MBR0000846,PRV000087,INSTITUTIONAL,2025-05-15,2025-05-16,J45.909,APPROVED,4031.97,2702.73,2641.34,,2025-06-01,2026-07-02T13:00:00Z
CLM000003955,MBR0000364,PRV000004,INSTITUTIONAL,2025-11-23,2025-11-25,Z00.00,APPROVED,3233.68,1860.73,1216.34,,2025-12-05,2026-07-16T10:00:00Z
CLM000003956,MBR0000405,PRV000008,PROFESSIONAL,2026-04-29,2026-04-30,E11.9,APPROVED,4799.62,3579.41,3472.87,,2026-05-11,2026-07-12T13:00:00Z
CLM000003957,MBR0000019,PRV000032,PROFESSIONAL,2026-01-22,2026-01-24,M54.50,APPROVED,3794.72,3549.20,3005.50,,2026-01-24,2026-07-15T02:00:00Z
CLM000003958,MBR0000978,PRV000083,INSTITUTIONAL,2025-09-17,2025-09-17,E11.9,APPROVED,2421.82,2227.64,1521.01,,2025-10-02,2026-07-12T15:00:00Z
CLM000003959,MBR0000402,PRV000043,INSTITUTIONAL,2025-01-31,2025-02-01,Z00.00,APPROVED,936.12,787.99,550.58,,2025-02-17,2026-07-19T15:00:00Z
CLM000003960,MBR0000742,PRV000090,INSTITUTIONAL,2025-11-24,2025-11-26,Z00.00,PENDING,1459.74,1156.55,0.00,,2025-12-08,2026-07-20T00:00:00Z
CLM000003961,MBR0000171,PRV000058,PROFESSIONAL,2025-03-25,2025-03-28,Z00.00,APPROVED,3964.05,3596.00,3248.84,,2025-03-29,2026-07-07T03:00:00Z
CLM000003962,MBR0000467,PRV000021,PROFESSIONAL,2026-05-24,2026-05-24,Z00.00,APPROVED,223.18,127.41,110.98,,2026-06-01,2026-07-08T21:00:00Z
CLM000003963,MBR0000741,PRV000027,PROFESSIONAL,2025-10-28,2025-10-31,Z00.00,APPROVED,4341.45,3859.46,3002.92,,2025-10-30,2026-07-19T17:00:00Z
CLM000003964,MBR0000149,PRV000047,PROFESSIONAL,2026-05-19,2026-05-19,E11.9,APPROVED,3166.99,2786.90,2272.12,,2026-05-30,2026-07-07T15:00:00Z
CLM000003965,MBR0000189,PRV000091,INSTITUTIONAL,2025-01-31,2025-02-03,J45.909,APPROVED,5532.59,3536.70,3366.41,,2025-02-16,2026-07-06T19:00:00Z
CLM000003966,MBR0000811,PRV000086,INSTITUTIONAL,2026-03-20,2026-03-23,Z00.00,APPROVED,1769.60,1277.19,1274.35,,2026-04-01,2026-07-14T02:00:00Z
CLM000003967,MBR0000015,PRV000034,INSTITUTIONAL,2025-06-03,2025-06-06,E11.9,APPROVED,2345.02,1793.43,1378.91,,2025-06-18,2026-07-05T06:00:00Z
CLM000003968,MBR0000083,PRV000090,INSTITUTIONAL,2025-08-28,2025-08-28,E11.9,APPROVED,4288.43,2800.82,1975.55,,2025-09-14,2026-07-06T20:00:00Z
CLM000003969,MBR0000078,PRV000045,PROFESSIONAL,2026-02-26,2026-02-27,J45.909,APPROVED,3828.27,2900.01,2393.23,,2026-03-06,2026-07-12T06:00:00Z
CLM000003970,MBR0000788,PRV000092,INSTITUTIONAL,2025-03-02,2025-03-04,E11.9,PENDING,4980.27,3226.68,0.00,,2025-03-14,2026-07-08T21:00:00Z
CLM000003971,MBR0000261,PRV000028,INSTITUTIONAL,2025-12-20,2025-12-22,I10,APPROVED,2630.02,2275.95,1752.03,,2025-12-23,2026-07-10T09:00:00Z
CLM000003972,MBR0000417,PRV000024,INSTITUTIONAL,2025-11-24,2025-11-24,M54.50,APPROVED,3531.49,2742.90,2331.01,,2025-12-11,2026-07-09T22:00:00Z
CLM000003973,MBR0000412,PRV000004,INSTITUTIONAL,2025-05-14,2025-05-16,N39.0,APPROVED,6372.82,3611.81,3501.43,,2025-05-26,2026-07-09T04:00:00Z
CLM000003974,MBR0000614,PRV000041,PROFESSIONAL,2025-02-27,2025-02-27,M54.50,APPROVED,6346.71,3670.31,2961.39,,2025-03-09,2026-07-11T21:00:00Z
CLM000003975,MBR0000886,PRV000077,INSTITUTIONAL,2025-12-21,2025-12-24,J45.909,APPROVED,407.38,353.98,304.05,,2026-01-02,2026-07-15T09:00:00Z
CLM000003976,MBR0000866,PRV000030,PROFESSIONAL,2025-07-17,2025-07-18,Z00.00,APPROVED,1324.56,958.70,893.38,,2025-08-04,2026-07-15T03:00:00Z
CLM000003977,MBR0000120,PRV000055,INSTITUTIONAL,2025-09-13,2025-09-15,Z00.00,APPROVED,132.21,89.78,83.31,,2025-09-23,2026-07-19T14:00:00Z
CLM000003978,MBR0000597,PRV000058,INSTITUTIONAL,2025-01-31,2025-02-03,E11.9,APPROVED,2426.05,1407.31,1392.90,,2025-02-19,2026-07-15T14:00:00Z
CLM000003979,MBR0000721,PRV000016,PROFESSIONAL,2026-05-06,2026-05-07,E11.9,APPROVED,2769.54,1892.88,1379.12,,2026-05-15,2026-07-01T02:00:00Z
CLM000003980,MBR0000861,PRV000086,INSTITUTIONAL,2025-04-27,2025-04-30,J45.909,APPROVED,3923.47,3101.95,3004.69,,2025-05-14,2026-07-06T19:00:00Z
CLM000003981,MBR0000274,PRV000028,INSTITUTIONAL,2025-02-27,2025-03-02,I10,APPROVED,639.92,409.91,339.60,,2025-03-17,2026-07-19T05:00:00Z
CLM000003982,MBR0000979,PRV000087,INSTITUTIONAL,2026-05-10,2026-05-12,N39.0,APPROVED,3280.62,2916.80,2166.29,,2026-05-18,2026-07-04T21:00:00Z
CLM000003983,MBR0000390,PRV000068,PROFESSIONAL,2026-04-07,2026-04-09,J45.909,APPROVED,483.87,307.33,202.54,,2026-04-22,2026-07-10T18:00:00Z
CLM000003984,MBR0000293,PRV000093,INSTITUTIONAL,2026-06-20,2026-06-21,Z00.00,APPROVED,729.76,423.04,398.19,,2026-06-23,2026-07-07T20:00:00Z
CLM000003985,MBR0000153,PRV000057,PROFESSIONAL,2025-11-08,2025-11-10,E11.9,APPROVED,1241.29,815.57,681.62,,2025-11-13,2026-07-05T13:00:00Z
CLM000003986,MBR0000718,PRV000082,INSTITUTIONAL,2025-06-04,2025-06-04,N39.0,APPROVED,2440.31,2049.22,1817.68,,2025-06-10,2026-07-02T15:00:00Z
CLM000003987,MBR0000290,PRV000100,INSTITUTIONAL,2025-02-01,2025-02-01,M54.50,APPROVED,5484.32,3450.49,3262.54,,2025-02-20,2026-07-05T18:00:00Z
CLM000003988,MBR0000520,PRV000081,INSTITUTIONAL,2025-01-07,2025-01-10,E11.9,APPROVED,5648.60,3855.29,2806.18,,2025-01-17,2026-07-12T05:00:00Z
CLM000003989,MBR0000040,PRV000035,INSTITUTIONAL,2026-06-21,2026-06-23,M54.50,APPROVED,2892.24,2194.16,1564.57,,2026-07-01,2026-07-13T19:00:00Z
CLM000003990,MBR0000457,PRV000056,PROFESSIONAL,2026-03-02,2026-03-04,E11.9,APPROVED,4830.58,3800.03,3769.52,,2026-03-15,2026-07-09T17:00:00Z
CLM000003991,MBR0000499,PRV000009,INSTITUTIONAL,2025-07-30,2025-07-31,Z00.00,APPROVED,5690.48,3319.11,2199.54,,2025-08-07,2026-07-13T12:00:00Z
CLM000003992,MBR0000106,PRV000045,PROFESSIONAL,2026-02-14,2026-02-14,Z00.00,PENDING,4644.79,2743.24,0.00,,2026-02-25,2026-07-13T18:00:00Z
CLM000003993,MBR0000877,PRV000035,PROFESSIONAL,2026-01-21,2026-01-24,I10,APPROVED,4164.67,3874.46,3330.75,,2026-01-26,2026-07-05T22:00:00Z
CLM000003994,MBR0000159,PRV000055,PROFESSIONAL,2025-11-09,2025-11-12,E11.9,APPROVED,1943.39,1161.18,908.67,,2025-11-26,2026-07-11T03:00:00Z
CLM000003995,MBR0000207,PRV000007,INSTITUTIONAL,2026-01-15,2026-01-18,J45.909,APPROVED,4052.00,3242.75,3209.78,,2026-01-22,2026-07-20T21:00:00Z
CLM000003996,MBR0000636,PRV000051,PROFESSIONAL,2025-10-11,2025-10-11,J45.909,APPROVED,452.66,279.68,189.14,,2025-10-19,2026-07-17T11:00:00Z
CLM000003997,MBR0000599,PRV000071,PROFESSIONAL,2025-12-20,2025-12-20,E11.9,APPROVED,301.50,198.55,143.44,,2026-01-06,2026-07-16T17:00:00Z
CLM000003998,MBR0000195,PRV000055,INSTITUTIONAL,2025-01-27,2025-01-30,Z00.00,APPROVED,3975.34,2383.12,1951.89,,2025-02-13,2026-07-18T12:00:00Z
CLM000003999,MBR0000846,PRV000059,PROFESSIONAL,2025-05-20,2025-05-20,M54.50,DENIED,5725.88,3790.51,0.00,CO50,2025-05-28,2026-07-09T07:00:00Z
CLM000004000,MBR0000703,PRV000019,INSTITUTIONAL,2025-11-28,2025-11-29,J45.909,APPROVED,526.56,471.16,331.47,,2025-12-03,2026-07-01T20:00:00Z
CLM000004001,MBR0000721,PRV000055,INSTITUTIONAL,2026-06-03,2026-06-03,M54.50,APPROVED,3714.06,2366.18,1700.78,,2026-06-21,2026-07-05T17:00:00Z
CLM000004002,MBR0000185,PRV000050,INSTITUTIONAL,2026-04-10,2026-04-13,N39.0,APPROVED,4897.10,3448.60,2672.52,,2026-04-23,2026-07-18T06:00:00Z
CLM000004003,MBR0000395,PRV000004,PROFESSIONAL,2025-12-16,2025-12-16,N39.0,APPROVED,3398.08,1967.71,1942.40,,2025-12-20,2026-07-11T11:00:00Z
CLM000004004,MBR0000616,PRV000068,PROFESSIONAL,2025-05-24,2025-05-27,I10,APPROVED,2614.13,2392.31,1840.81,,2025-06-01,2026-07-17T21:00:00Z
CLM000004005,MBR0000431,PRV000054,INSTITUTIONAL,2025-09-06,2025-09-07,E11.9,APPROVED,1198.75,1138.82,929.81,,2025-09-07,2026-07-12T00:00:00Z
CLM000004006,MBR0000136,PRV000019,PROFESSIONAL,2025-08-27,2025-08-30,M54.50,APPROVED,4677.17,3469.78,2976.28,,2025-09-10,2026-07-01T02:00:00Z
CLM000004007,MBR0000925,PRV000061,INSTITUTIONAL,2025-06-29,2025-07-02,I10,DENIED,1863.73,1648.55,0.00,CO97,2025-07-15,2026-07-17T19:00:00Z
CLM000004008,MBR0000232,PRV000068,PROFESSIONAL,2025-01-29,2025-01-31,I10,DENIED,2257.70,1340.37,0.00,CO50,2025-02-05,2026-07-05T12:00:00Z
CLM000004009,MBR0000636,PRV000080,PROFESSIONAL,2026-05-07,2026-05-07,N39.0,APPROVED,4973.82,3565.70,2759.54,,2026-05-12,2026-07-16T07:00:00Z
CLM000004010,MBR0000866,PRV000025,PROFESSIONAL,2026-06-27,2026-06-28,Z00.00,APPROVED,2817.18,2292.23,1679.05,,2026-07-17,2026-07-02T01:00:00Z
CLM000004011,MBR0000705,PRV000070,INSTITUTIONAL,2025-09-12,2025-09-13,J45.909,APPROVED,5393.11,3601.73,2668.39,,2025-09-21,2026-07-19T08:00:00Z
CLM000004012,MBR0000423,PRV000091,PROFESSIONAL,2026-05-29,2026-06-01,E11.9,DENIED,1948.30,1596.68,0.00,CO16,2026-06-18,2026-07-13T22:00:00Z
CLM000004013,MBR0000215,PRV000082,PROFESSIONAL,2026-05-05,2026-05-07,N39.0,PENDING,2661.12,1890.94,0.00,,2026-05-10,2026-07-14T13:00:00Z
CLM000004014,MBR0000568,PRV000011,PROFESSIONAL,2026-01-17,2026-01-20,E11.9,DENIED,6811.52,3838.35,0.00,CO50,2026-02-05,2026-07-02T03:00:00Z
CLM000004015,MBR0000211,PRV000036,PROFESSIONAL,2025-03-26,2025-03-27,Z00.00,APPROVED,581.39,442.15,319.55,,2025-04-15,2026-07-05T15:00:00Z
CLM000004016,MBR0000022,PRV000052,PROFESSIONAL,2026-01-08,2026-01-09,I10,APPROVED,5200.00,3988.97,3284.61,,2026-01-23,2026-07-08T10:00:00Z
CLM000004017,MBR0000319,PRV000075,INSTITUTIONAL,2026-04-04,2026-04-04,M54.50,APPROVED,2802.36,1996.97,1759.46,,2026-04-16,2026-07-18T04:00:00Z
CLM000004018,MBR0000439,PRV000004,INSTITUTIONAL,2026-04-05,2026-04-07,I10,APPROVED,4257.26,3133.89,3091.53,,2026-04-15,2026-07-13T17:00:00Z
CLM000004019,MBR0000334,PRV000032,INSTITUTIONAL,2026-05-15,2026-05-18,I10,APPROVED,1706.90,1282.47,1026.78,,2026-06-04,2026-07-06T22:00:00Z
CLM000004020,MBR0000868,PRV000084,INSTITUTIONAL,2025-10-11,2025-10-13,E11.9,APPROVED,4248.04,2679.93,2671.09,,2025-10-23,2026-07-11T05:00:00Z
CLM000004021,MBR0000329,PRV000012,INSTITUTIONAL,2025-05-26,2025-05-29,M54.50,APPROVED,1927.11,1614.56,1155.66,,2025-06-10,2026-07-17T17:00:00Z
CLM000004022,MBR0000855,PRV000061,PROFESSIONAL,2026-01-04,2026-01-05,I10,APPROVED,828.57,684.30,652.59,,2026-01-10,2026-07-19T20:00:00Z
CLM000004023,MBR0000457,PRV000037,PROFESSIONAL,2025-10-02,2025-10-02,M54.50,APPROVED,2702.64,1794.40,1425.85,,2025-10-05,2026-07-01T19:00:00Z
CLM000004024,MBR0000588,PRV000030,PROFESSIONAL,2025-04-11,2025-04-12,I10,APPROVED,3840.12,2769.35,2664.67,,2025-04-13,2026-07-02T23:00:00Z
CLM000004025,MBR0000735,PRV000050,INSTITUTIONAL,2025-10-08,2025-10-10,E11.9,APPROVED,2153.10,1596.34,1088.43,,2025-10-09,2026-07-16T05:00:00Z
CLM000004026,MBR0000384,PRV000003,PROFESSIONAL,2025-03-03,2025-03-05,M54.50,APPROVED,3826.71,2885.65,2271.56,,2025-03-18,2026-07-03T09:00:00Z
CLM000004027,MBR0000849,PRV000003,INSTITUTIONAL,2025-09-13,2025-09-15,E11.9,DENIED,360.50,211.66,0.00,CO16,2025-09-28,2026-07-14T18:00:00Z
CLM000004028,MBR0000805,PRV000051,PROFESSIONAL,2025-08-13,2025-08-14,N39.0,APPROVED,3456.02,2073.03,1840.64,,2025-08-21,2026-07-16T19:00:00Z
CLM000004029,MBR0000951,PRV000064,INSTITUTIONAL,2026-01-22,2026-01-24,I10,DENIED,3747.49,2408.71,0.00,CO97,2026-02-01,2026-07-05T16:00:00Z
CLM000004030,MBR0000905,PRV000031,PROFESSIONAL,2025-01-26,2025-01-28,I10,APPROVED,4809.71,3414.69,2834.03,,2025-02-12,2026-07-07T14:00:00Z
CLM000004031,MBR0000146,PRV000042,INSTITUTIONAL,2025-08-06,2025-08-07,I10,APPROVED,2383.71,1411.69,993.63,,2025-08-24,2026-07-16T12:00:00Z
CLM000004032,MBR0000710,PRV000044,INSTITUTIONAL,2025-11-28,2025-11-29,M54.50,APPROVED,3765.81,2360.56,1575.21,,2025-12-04,2026-07-19T03:00:00Z
CLM000004033,MBR0000499,PRV000035,INSTITUTIONAL,2026-01-30,2026-02-01,I10,APPROVED,4087.48,2305.38,2301.91,,2026-02-19,2026-07-11T05:00:00Z
CLM000004034,MBR0000014,PRV000043,PROFESSIONAL,2026-05-15,2026-05-16,J45.909,APPROVED,2222.99,2091.78,2061.95,,2026-05-21,2026-07-12T16:00:00Z
CLM000004035,MBR0000820,PRV000091,INSTITUTIONAL,2025-06-25,2025-06-27,I10,APPROVED,2546.24,1632.80,1259.88,,2025-07-15,2026-07-08T11:00:00Z
CLM000004036,MBR0000568,PRV000009,PROFESSIONAL,2025-10-29,2025-10-31,I10,APPROVED,5314.97,3224.07,2447.43,,2025-11-18,2026-07-08T23:00:00Z
CLM000004037,MBR0000710,PRV000099,PROFESSIONAL,2025-08-19,2025-08-20,N39.0,APPROVED,2275.36,1326.62,934.77,,2025-08-31,2026-07-04T20:00:00Z
CLM000004038,MBR0000457,PRV000091,PROFESSIONAL,2025-03-25,2025-03-27,I10,PENDING,4522.36,2851.37,0.00,,2025-04-08,2026-07-13T05:00:00Z
CLM000004039,MBR0000909,PRV000058,PROFESSIONAL,2025-05-06,2025-05-06,E11.9,APPROVED,2620.39,1835.79,1706.16,,2025-05-23,2026-07-10T23:00:00Z
CLM000004040,MBR0000416,PRV000009,INSTITUTIONAL,2025-01-08,2025-01-09,I10,DENIED,2719.57,2246.27,0.00,CO97,2025-01-20,2026-07-08T23:00:00Z
CLM000004041,MBR0000522,PRV000087,PROFESSIONAL,2026-03-21,2026-03-21,N39.0,APPROVED,2542.46,1578.68,1098.40,,2026-03-27,2026-07-10T18:00:00Z
CLM000004042,MBR0000244,PRV000048,PROFESSIONAL,2025-11-11,2025-11-14,M54.50,APPROVED,2230.94,1522.95,1368.48,,2025-11-26,2026-07-20T13:00:00Z
CLM000004043,MBR0000901,PRV000096,INSTITUTIONAL,2025-04-30,2025-05-01,M54.50,DENIED,3613.64,2145.55,0.00,CO50,2025-05-03,2026-07-09T08:00:00Z
CLM000004044,MBR0000442,PRV000098,INSTITUTIONAL,2025-08-24,2025-08-27,Z00.00,DENIED,1287.48,935.40,0.00,CO50,2025-09-03,2026-07-18T20:00:00Z
CLM000004045,MBR0000703,PRV000003,PROFESSIONAL,2025-04-16,2025-04-18,J45.909,APPROVED,4432.83,3022.74,2716.40,,2025-04-21,2026-07-15T15:00:00Z
CLM000004046,MBR0000930,PRV000027,PROFESSIONAL,2025-12-18,2025-12-19,N39.0,DENIED,1891.03,1203.84,0.00,CO50,2025-12-20,2026-07-07T07:00:00Z
CLM000004047,MBR0000485,PRV000031,PROFESSIONAL,2025-01-16,2025-01-17,E11.9,APPROVED,3255.15,2444.54,1596.02,,2025-01-24,2026-07-03T20:00:00Z
CLM000004048,MBR0000432,PRV000006,INSTITUTIONAL,2025-02-17,2025-02-19,I10,DENIED,1171.99,722.70,0.00,CO50,2025-03-05,2026-07-12T12:00:00Z
CLM000004049,MBR0000235,PRV000026,PROFESSIONAL,2025-11-20,2025-11-20,E11.9,APPROVED,1357.21,813.90,605.19,,2025-12-10,2026-07-01T18:00:00Z
CLM000004050,MBR0000887,PRV000090,PROFESSIONAL,2026-02-22,2026-02-24,N39.0,APPROVED,349.71,286.71,253.66,,2026-02-26,2026-07-01T07:00:00Z
CLM000004051,MBR0000769,PRV000084,PROFESSIONAL,2025-11-19,2025-11-19,N39.0,APPROVED,5423.38,3928.49,2793.28,,2025-11-27,2026-07-16T21:00:00Z
CLM000004052,MBR0000617,PRV000077,PROFESSIONAL,2025-07-23,2025-07-24,Z00.00,APPROVED,2856.61,1919.41,1808.90,,2025-08-11,2026-07-04T23:00:00Z
CLM000004053,MBR0000110,PRV000051,PROFESSIONAL,2025-04-29,2025-04-29,Z00.00,APPROVED,668.63,596.99,419.52,,2025-05-11,2026-07-11T11:00:00Z
CLM000004054,MBR0000689,PRV000007,PROFESSIONAL,2026-03-04,2026-03-04,N39.0,APPROVED,4690.69,2758.70,2692.97,,2026-03-24,2026-07-02T14:00:00Z
CLM000004055,MBR0000203,PRV000005,INSTITUTIONAL,2025-04-18,2025-04-19,J45.909,APPROVED,1416.35,1250.23,893.27,,2025-04-27,2026-07-20T18:00:00Z
CLM000004056,MBR0000134,PRV000090,INSTITUTIONAL,2025-10-22,2025-10-24,M54.50,APPROVED,1487.02,1246.75,1162.88,,2025-10-30,2026-07-15T10:00:00Z
CLM000004057,MBR0000469,PRV000030,INSTITUTIONAL,2025-05-10,2025-05-10,N39.0,APPROVED,5421.17,3077.25,2440.19,,2025-05-21,2026-07-14T16:00:00Z
CLM000004058,MBR0000811,PRV000046,PROFESSIONAL,2025-06-23,2025-06-24,J45.909,APPROVED,6169.58,3695.32,3014.23,,2025-07-07,2026-07-14T20:00:00Z
CLM000004059,MBR0000532,PRV000098,INSTITUTIONAL,2025-07-30,2025-08-01,I10,DENIED,3826.07,2206.98,0.00,CO97,2025-08-18,2026-07-12T19:00:00Z
CLM000004060,MBR0000095,PRV000035,INSTITUTIONAL,2025-04-09,2025-04-12,I10,DENIED,907.28,542.27,0.00,CO16,2025-04-27,2026-07-02T14:00:00Z
CLM000004061,MBR0000182,PRV000071,PROFESSIONAL,2026-03-15,2026-03-18,I10,APPROVED,5879.57,3459.99,2517.57,,2026-03-26,2026-07-18T22:00:00Z
CLM000004062,MBR0000659,PRV000022,INSTITUTIONAL,2026-03-19,2026-03-21,E11.9,APPROVED,2084.69,1381.54,1247.62,,2026-03-24,2026-07-19T02:00:00Z
CLM000004063,MBR0000343,PRV000088,PROFESSIONAL,2025-05-05,2025-05-06,M54.50,APPROVED,1272.06,753.45,519.24,,2025-05-12,2026-07-04T22:00:00Z
CLM000004064,MBR0000926,PRV000057,INSTITUTIONAL,2026-05-12,2026-05-12,M54.50,APPROVED,3692.63,3221.54,2730.70,,2026-06-01,2026-07-06T17:00:00Z
CLM000004065,MBR0000490,PRV000042,INSTITUTIONAL,2025-03-10,2025-03-13,J45.909,APPROVED,2812.00,1614.53,1297.66,,2025-03-23,2026-07-13T07:00:00Z
CLM000004066,MBR0000068,PRV000068,INSTITUTIONAL,2026-04-23,2026-04-26,N39.0,APPROVED,2372.96,1472.24,1008.22,,2026-05-11,2026-07-17T12:00:00Z
CLM000004067,MBR0000693,PRV000094,INSTITUTIONAL,2026-01-14,2026-01-17,Z00.00,APPROVED,4351.84,3503.11,2762.95,,2026-01-30,2026-07-11T23:00:00Z
CLM000004068,MBR0000880,PRV000011,PROFESSIONAL,2025-01-13,2025-01-13,Z00.00,APPROVED,3105.85,2807.25,2293.53,,2025-01-23,2026-07-07T09:00:00Z
CLM000004069,MBR0000759,PRV000085,PROFESSIONAL,2025-05-13,2025-05-13,Z00.00,APPROVED,1586.75,1091.17,1024.96,,2025-05-31,2026-07-13T19:00:00Z
CLM000004070,MBR0000914,PRV000008,PROFESSIONAL,2025-10-05,2025-10-08,E11.9,APPROVED,3598.01,2127.24,1824.01,,2025-10-18,2026-07-10T15:00:00Z
CLM000004071,MBR0000818,PRV000099,INSTITUTIONAL,2025-11-20,2025-11-23,M54.50,APPROVED,2861.67,2333.42,1981.69,,2025-11-27,2026-07-03T01:00:00Z
CLM000004072,MBR0000703,PRV000076,PROFESSIONAL,2026-03-14,2026-03-17,J45.909,APPROVED,2968.88,2626.60,2055.18,,2026-03-16,2026-07-09T17:00:00Z
CLM000004073,MBR0000126,PRV000081,INSTITUTIONAL,2025-05-19,2025-05-19,J45.909,APPROVED,749.42,462.09,424.82,,2025-05-29,2026-07-18T05:00:00Z
CLM000004074,MBR0000185,PRV000056,INSTITUTIONAL,2025-04-23,2025-04-23,M54.50,APPROVED,4143.08,3595.14,3574.83,,2025-05-04,2026-07-13T04:00:00Z
CLM000004075,MBR0000023,PRV000019,PROFESSIONAL,2025-02-01,2025-02-02,N39.0,DENIED,4124.42,2578.99,0.00,CO16,2025-02-04,2026-07-19T21:00:00Z
CLM000004076,MBR0000898,PRV000015,PROFESSIONAL,2025-06-21,2025-06-22,M54.50,APPROVED,2577.59,1970.19,1389.89,,2025-06-27,2026-07-09T06:00:00Z
CLM000004077,MBR0000350,PRV000072,PROFESSIONAL,2026-03-02,2026-03-03,J45.909,DENIED,1516.88,1259.73,0.00,CO50,2026-03-18,2026-07-12T22:00:00Z
CLM000004078,MBR0000501,PRV000039,INSTITUTIONAL,2025-10-23,2025-10-26,Z00.00,APPROVED,4466.57,2829.19,1927.82,,2025-10-27,2026-07-15T03:00:00Z
CLM000004079,MBR0000031,PRV000085,PROFESSIONAL,2025-12-21,2025-12-21,E11.9,APPROVED,5246.91,3910.51,3883.28,,2026-01-01,2026-07-05T07:00:00Z
CLM000004080,MBR0000702,PRV000098,INSTITUTIONAL,2026-03-12,2026-03-14,N39.0,APPROVED,673.25,570.35,460.82,,2026-03-13,2026-07-06T00:00:00Z
CLM000004081,MBR0000378,PRV000022,PROFESSIONAL,2025-03-26,2025-03-27,J45.909,APPROVED,2283.11,1358.98,901.10,,2025-04-15,2026-07-06T22:00:00Z
CLM000004082,MBR0000582,PRV000061,INSTITUTIONAL,2025-08-30,2025-09-01,I10,APPROVED,3728.13,2470.78,1982.63,,2025-09-06,2026-07-06T12:00:00Z
CLM000004083,MBR0000956,PRV000030,INSTITUTIONAL,2025-08-26,2025-08-29,E11.9,APPROVED,5398.91,3587.23,3038.43,,2025-09-01,2026-07-14T06:00:00Z
CLM000004084,MBR0000591,PRV000068,INSTITUTIONAL,2025-11-22,2025-11-22,N39.0,APPROVED,3956.51,2737.05,2103.49,,2025-12-07,2026-07-09T14:00:00Z
CLM000004085,MBR0000814,PRV000055,PROFESSIONAL,2026-03-30,2026-03-31,J45.909,APPROVED,3935.18,3678.74,2730.19,,2026-04-16,2026-07-19T15:00:00Z
CLM000004086,MBR0000163,PRV000079,INSTITUTIONAL,2026-06-24,2026-06-26,I10,APPROVED,2161.60,1823.28,1781.63,,2026-07-09,2026-07-01T18:00:00Z
CLM000004087,MBR0000749,PRV000049,INSTITUTIONAL,2025-08-01,2025-08-02,E11.9,APPROVED,3280.96,2109.52,1948.61,,2025-08-17,2026-07-12T17:00:00Z
CLM000004088,MBR0000734,PRV000048,INSTITUTIONAL,2025-01-18,2025-01-18,M54.50,APPROVED,1458.78,1281.81,1173.40,,2025-02-06,2026-07-11T09:00:00Z
CLM000004089,MBR0000046,PRV000022,PROFESSIONAL,2025-09-09,2025-09-11,Z00.00,APPROVED,4718.28,3468.68,2459.49,,2025-09-17,2026-07-07T01:00:00Z
CLM000004090,MBR0000564,PRV000004,PROFESSIONAL,2025-05-26,2025-05-28,Z00.00,APPROVED,105.42,93.13,85.73,,2025-06-01,2026-07-17T15:00:00Z
CLM000004091,MBR0000288,PRV000020,INSTITUTIONAL,2025-04-19,2025-04-20,I10,APPROVED,3450.49,2558.36,1846.87,,2025-05-06,2026-07-09T14:00:00Z
CLM000004092,MBR0000286,PRV000015,PROFESSIONAL,2026-01-03,2026-01-03,J45.909,APPROVED,2039.59,1783.47,1417.88,,2026-01-04,2026-07-09T18:00:00Z
CLM000004093,MBR0000677,PRV000097,PROFESSIONAL,2025-07-17,2025-07-20,N39.0,APPROVED,2598.67,2216.24,2070.88,,2025-07-31,2026-07-11T13:00:00Z
CLM000004094,MBR0000399,PRV000041,INSTITUTIONAL,2025-11-27,2025-11-28,N39.0,APPROVED,3742.06,3313.30,2753.54,,2025-12-07,2026-07-03T16:00:00Z
CLM000004095,MBR0000268,PRV000064,INSTITUTIONAL,2026-05-26,2026-05-29,M54.50,APPROVED,2870.33,2658.95,2352.41,,2026-06-01,2026-07-03T11:00:00Z
CLM000004096,MBR0000517,PRV000056,INSTITUTIONAL,2025-05-07,2025-05-09,E11.9,APPROVED,5482.19,3756.23,2666.71,,2025-05-10,2026-07-17T10:00:00Z
CLM000004097,MBR0000840,PRV000014,INSTITUTIONAL,2025-09-27,2025-09-28,N39.0,APPROVED,693.31,466.75,416.13,,2025-10-06,2026-07-03T22:00:00Z
CLM000004098,MBR0000516,PRV000092,INSTITUTIONAL,2026-06-03,2026-06-05,E11.9,APPROVED,910.36,534.00,374.56,,2026-06-12,2026-07-19T04:00:00Z
CLM000004099,MBR0000990,PRV000013,INSTITUTIONAL,2025-12-14,2025-12-16,M54.50,DENIED,4356.62,2545.65,0.00,CO97,2025-12-16,2026-07-16T02:00:00Z
CLM000004100,MBR0000602,PRV000076,INSTITUTIONAL,2025-10-12,2025-10-14,M54.50,APPROVED,4817.46,3566.92,2823.28,,2025-10-15,2026-07-02T20:00:00Z
CLM000004101,MBR0000332,PRV000062,PROFESSIONAL,2026-04-12,2026-04-13,N39.0,APPROVED,4951.34,2797.63,2762.13,,2026-04-22,2026-07-15T14:00:00Z
CLM000004102,MBR0000503,PRV000051,PROFESSIONAL,2025-10-18,2025-10-18,Z00.00,APPROVED,1227.42,702.75,680.90,,2025-10-21,2026-07-09T08:00:00Z
CLM000004103,MBR0000682,PRV000011,INSTITUTIONAL,2025-10-12,2025-10-13,M54.50,APPROVED,5425.42,3312.28,2431.93,,2025-10-15,2026-07-09T05:00:00Z
CLM000004104,MBR0000760,PRV000044,INSTITUTIONAL,2025-04-13,2025-04-16,E11.9,DENIED,3632.62,2294.08,0.00,CO50,2025-05-03,2026-07-12T12:00:00Z
CLM000004105,MBR0000235,PRV000025,PROFESSIONAL,2026-01-07,2026-01-07,Z00.00,APPROVED,4204.69,2900.06,2616.16,,2026-01-27,2026-07-18T19:00:00Z
CLM000004106,MBR0000270,PRV000017,INSTITUTIONAL,2026-03-26,2026-03-29,N39.0,APPROVED,5660.06,3622.96,3339.50,,2026-04-14,2026-07-17T22:00:00Z
CLM000004107,MBR0000529,PRV000084,PROFESSIONAL,2025-02-17,2025-02-20,I10,APPROVED,3613.22,2219.24,2092.04,,2025-02-23,2026-07-01T05:00:00Z
CLM000004108,MBR0000506,PRV000036,PROFESSIONAL,2026-04-16,2026-04-16,I10,DENIED,2810.97,1698.65,0.00,CO50,2026-05-05,2026-07-17T08:00:00Z
CLM000004109,MBR0000997,PRV000087,PROFESSIONAL,2025-02-15,2025-02-17,M54.50,APPROVED,2133.08,1399.69,1218.63,,2025-02-24,2026-07-18T17:00:00Z
CLM000004110,MBR0000761,PRV000095,PROFESSIONAL,2025-02-26,2025-02-26,J45.909,APPROVED,5700.96,3686.94,2721.94,,2025-03-18,2026-07-07T20:00:00Z
CLM000004111,MBR0000440,PRV000093,PROFESSIONAL,2026-01-19,2026-01-20,Z00.00,APPROVED,5534.38,3565.40,3395.01,,2026-02-04,2026-07-20T12:00:00Z
CLM000004112,MBR0000115,PRV000086,INSTITUTIONAL,2026-03-24,2026-03-27,I10,DENIED,3204.70,2801.97,0.00,CO16,2026-03-29,2026-07-18T07:00:00Z
CLM000004113,MBR0000277,PRV000088,PROFESSIONAL,2026-06-17,2026-06-17,N39.0,APPROVED,2560.81,2389.90,2120.67,,2026-06-20,2026-07-08T04:00:00Z
CLM000004114,MBR0000014,PRV000002,PROFESSIONAL,2025-10-29,2025-10-31,E11.9,DENIED,3323.10,2783.24,0.00,CO16,2025-11-10,2026-07-01T11:00:00Z
CLM000004115,MBR0000371,PRV000096,INSTITUTIONAL,2026-06-06,2026-06-06,J45.909,APPROVED,3442.94,3055.95,2288.31,,2026-06-08,2026-07-08T14:00:00Z
CLM000004116,MBR0000610,PRV000062,INSTITUTIONAL,2025-09-25,2025-09-25,E11.9,APPROVED,1852.61,1247.01,907.28,,2025-09-30,2026-07-12T18:00:00Z
CLM000004117,MBR0000804,PRV000013,PROFESSIONAL,2025-06-13,2025-06-13,I10,APPROVED,2694.57,1970.64,1703.47,,2025-06-22,2026-07-16T22:00:00Z
CLM000004118,MBR0000107,PRV000069,INSTITUTIONAL,2026-05-01,2026-05-02,N39.0,APPROVED,1570.28,1108.05,1026.07,,2026-05-05,2026-07-15T13:00:00Z
CLM000004119,MBR0000009,PRV000024,PROFESSIONAL,2025-09-23,2025-09-25,M54.50,APPROVED,2437.53,2036.90,1613.75,,2025-10-03,2026-07-14T04:00:00Z
CLM000004120,MBR0000452,PRV000043,INSTITUTIONAL,2025-10-18,2025-10-18,Z00.00,APPROVED,1558.91,886.10,818.75,,2025-11-07,2026-07-09T04:00:00Z
CLM000004121,MBR0000092,PRV000070,PROFESSIONAL,2026-02-23,2026-02-26,E11.9,APPROVED,2227.13,1564.43,1019.64,,2026-03-08,2026-07-18T19:00:00Z
CLM000004122,MBR0000589,PRV000075,INSTITUTIONAL,2026-05-13,2026-05-16,M54.50,APPROVED,4303.41,3533.26,2545.30,,2026-05-19,2026-07-08T20:00:00Z
CLM000004123,MBR0000802,PRV000012,INSTITUTIONAL,2025-04-02,2025-04-02,Z00.00,APPROVED,4809.31,3212.21,2137.47,,2025-04-05,2026-07-02T13:00:00Z
CLM000004124,MBR0000625,PRV000023,PROFESSIONAL,2025-03-28,2025-03-28,Z00.00,APPROVED,1191.92,942.09,725.84,,2025-04-02,2026-07-14T01:00:00Z
CLM000004125,MBR0000575,PRV000003,PROFESSIONAL,2025-04-06,2025-04-07,Z00.00,APPROVED,959.05,854.63,675.41,,2025-04-12,2026-07-16T21:00:00Z
CLM000004126,MBR0000083,PRV000029,PROFESSIONAL,2025-05-29,2025-05-31,J45.909,APPROVED,2275.86,1564.92,1324.86,,2025-06-11,2026-07-05T02:00:00Z
CLM000004127,MBR0000327,PRV000028,INSTITUTIONAL,2026-01-20,2026-01-20,J45.909,PENDING,4756.18,3194.15,0.00,,2026-02-08,2026-07-04T08:00:00Z
CLM000004128,MBR0000691,PRV000064,PROFESSIONAL,2025-06-11,2025-06-13,M54.50,DENIED,602.72,419.19,0.00,CO50,2025-06-14,2026-07-18T06:00:00Z
CLM000004129,MBR0000945,PRV000079,PROFESSIONAL,2025-01-09,2025-01-11,Z00.00,PENDING,4927.04,2917.74,0.00,,2025-01-12,2026-07-14T16:00:00Z
CLM000004130,MBR0000402,PRV000056,PROFESSIONAL,2025-10-18,2025-10-18,E11.9,APPROVED,5650.64,3392.55,2623.80,,2025-11-03,2026-07-02T07:00:00Z
CLM000004131,MBR0000974,PRV000025,INSTITUTIONAL,2025-11-10,2025-11-11,J45.909,APPROVED,4603.17,3352.31,3145.77,,2025-11-12,2026-07-18T08:00:00Z
CLM000004132,MBR0000012,PRV000091,INSTITUTIONAL,2025-10-16,2025-10-17,E11.9,APPROVED,2726.14,1902.61,1595.12,,2025-10-21,2026-07-10T22:00:00Z
CLM000004133,MBR0000082,PRV000069,PROFESSIONAL,2026-04-16,2026-04-19,Z00.00,APPROVED,4275.74,3298.45,2273.50,,2026-05-02,2026-07-12T20:00:00Z
CLM000004134,MBR0000608,PRV000084,INSTITUTIONAL,2025-08-05,2025-08-08,I10,APPROVED,4935.13,3449.16,2643.30,,2025-08-12,2026-07-14T04:00:00Z
CLM000004135,MBR0000346,PRV000033,PROFESSIONAL,2026-04-17,2026-04-20,Z00.00,DENIED,5843.19,3638.89,0.00,CO97,2026-05-01,2026-07-05T07:00:00Z
CLM000004136,MBR0000306,PRV000052,INSTITUTIONAL,2025-10-18,2025-10-21,I10,APPROVED,3820.08,2397.74,1773.48,,2025-10-21,2026-07-13T00:00:00Z
CLM000004137,MBR0000087,PRV000027,INSTITUTIONAL,2025-12-12,2025-12-15,N39.0,DENIED,898.88,676.55,0.00,CO16,2025-12-22,2026-07-17T05:00:00Z
CLM000004138,MBR0000868,PRV000032,INSTITUTIONAL,2025-02-10,2025-02-10,E11.9,APPROVED,1779.11,1026.52,797.68,,2025-02-14,2026-07-05T04:00:00Z
CLM000004139,MBR0000041,PRV000046,PROFESSIONAL,2025-07-29,2025-08-01,N39.0,APPROVED,219.34,140.80,110.98,,2025-08-18,2026-07-09T12:00:00Z
CLM000004140,MBR0000183,PRV000013,PROFESSIONAL,2025-03-04,2025-03-05,J45.909,APPROVED,1764.03,994.77,702.18,,2025-03-18,2026-07-05T23:00:00Z
CLM000004141,MBR0000006,PRV000097,PROFESSIONAL,2026-01-01,2026-01-04,M54.50,APPROVED,2592.47,1630.81,1187.17,,2026-01-13,2026-07-02T00:00:00Z
CLM000004142,MBR0000568,PRV000017,PROFESSIONAL,2025-05-20,2025-05-23,I10,APPROVED,4832.40,3834.61,2962.95,,2025-06-06,2026-07-13T06:00:00Z
CLM000004143,MBR0000004,PRV000099,PROFESSIONAL,2025-11-05,2025-11-05,J45.909,APPROVED,1522.04,1281.58,1157.53,,2025-11-06,2026-07-19T07:00:00Z
CLM000004144,MBR0000630,PRV000089,INSTITUTIONAL,2025-06-09,2025-06-09,I10,APPROVED,3380.64,1979.75,1595.55,,2025-06-22,2026-07-05T08:00:00Z
CLM000004145,MBR0000814,PRV000009,PROFESSIONAL,2025-05-25,2025-05-28,J45.909,APPROVED,6403.82,3917.62,3543.71,,2025-06-01,2026-07-17T08:00:00Z
CLM000004146,MBR0000757,PRV000001,PROFESSIONAL,2025-05-14,2025-05-16,N39.0,APPROVED,1403.43,1065.86,1038.51,,2025-05-29,2026-07-07T17:00:00Z
CLM000004147,MBR0000335,PRV000006,INSTITUTIONAL,2025-06-27,2025-06-28,I10,APPROVED,4339.81,3066.36,3060.31,,2025-07-10,2026-07-15T19:00:00Z
CLM000004148,MBR0000736,PRV000020,PROFESSIONAL,2026-02-28,2026-03-01,E11.9,APPROVED,4691.02,2866.23,2630.57,,2026-03-18,2026-07-02T22:00:00Z
CLM000004149,MBR0000629,PRV000022,INSTITUTIONAL,2025-11-04,2025-11-06,M54.50,DENIED,3973.30,2946.68,0.00,CO16,2025-11-14,2026-07-12T17:00:00Z
CLM000004150,MBR0000709,PRV000098,INSTITUTIONAL,2025-09-18,2025-09-20,E11.9,APPROVED,823.27,485.37,315.77,,2025-09-28,2026-07-12T07:00:00Z
CLM000004151,MBR0000725,PRV000048,PROFESSIONAL,2025-03-20,2025-03-22,M54.50,APPROVED,3661.28,3108.26,2884.23,,2025-04-01,2026-07-18T10:00:00Z
CLM000004152,MBR0000083,PRV000077,INSTITUTIONAL,2025-05-22,2025-05-23,I10,APPROVED,5078.91,3376.14,2680.08,,2025-06-07,2026-07-14T10:00:00Z
CLM000004153,MBR0000859,PRV000087,INSTITUTIONAL,2025-09-02,2025-09-04,Z00.00,APPROVED,4172.35,2587.27,2220.39,,2025-09-06,2026-07-02T13:00:00Z
CLM000004154,MBR0000870,PRV000014,PROFESSIONAL,2026-01-02,2026-01-02,N39.0,APPROVED,3986.67,2224.40,2072.63,,2026-01-21,2026-07-03T00:00:00Z
CLM000004155,MBR0000374,PRV000023,PROFESSIONAL,2025-11-30,2025-12-02,E11.9,APPROVED,5356.24,3029.20,2927.08,,2025-12-08,2026-07-06T15:00:00Z
CLM000004156,MBR0000170,PRV000030,INSTITUTIONAL,2026-05-20,2026-05-21,J45.909,APPROVED,2374.50,2187.95,1510.59,,2026-05-23,2026-07-07T06:00:00Z
CLM000004157,MBR0000594,PRV000050,INSTITUTIONAL,2025-06-19,2025-06-19,M54.50,APPROVED,3295.48,2344.32,2018.05,,2025-07-04,2026-07-09T01:00:00Z
CLM000004158,MBR0000047,PRV000053,INSTITUTIONAL,2025-12-01,2025-12-01,J45.909,DENIED,2930.79,2075.70,0.00,CO50,2025-12-03,2026-07-15T13:00:00Z
CLM000004159,MBR0000785,PRV000014,PROFESSIONAL,2025-12-05,2025-12-06,N39.0,APPROVED,3663.84,2059.82,1442.24,,2025-12-17,2026-07-18T13:00:00Z
CLM000004160,MBR0000382,PRV000091,INSTITUTIONAL,2025-11-12,2025-11-13,Z00.00,APPROVED,4143.83,3261.27,2624.04,,2025-11-15,2026-07-01T20:00:00Z
CLM000004161,MBR0000868,PRV000030,INSTITUTIONAL,2025-12-17,2025-12-18,N39.0,APPROVED,3621.98,2197.18,1471.11,,2026-01-05,2026-07-05T19:00:00Z
CLM000004162,MBR0000117,PRV000074,PROFESSIONAL,2025-09-19,2025-09-22,Z00.00,DENIED,6008.35,3903.64,0.00,CO16,2025-10-06,2026-07-04T10:00:00Z
CLM000004163,MBR0000173,PRV000018,INSTITUTIONAL,2025-12-10,2025-12-11,Z00.00,APPROVED,2807.89,2325.67,1956.83,,2025-12-18,2026-07-04T23:00:00Z
CLM000004164,MBR0000241,PRV000066,PROFESSIONAL,2026-01-18,2026-01-20,M54.50,APPROVED,4315.06,3607.65,3598.96,,2026-01-27,2026-07-16T12:00:00Z
CLM000004165,MBR0000049,PRV000069,INSTITUTIONAL,2025-02-11,2025-02-11,M54.50,APPROVED,3340.69,2689.60,1811.82,,2025-02-19,2026-07-12T22:00:00Z
CLM000004166,MBR0000191,PRV000068,INSTITUTIONAL,2025-10-28,2025-10-30,J45.909,PENDING,1638.21,1129.31,0.00,,2025-10-29,2026-07-05T19:00:00Z
CLM000004167,MBR0000491,PRV000018,INSTITUTIONAL,2025-12-28,2025-12-28,Z00.00,APPROVED,1525.81,868.93,799.11,,2026-01-17,2026-07-11T04:00:00Z
CLM000004168,MBR0000666,PRV000057,PROFESSIONAL,2025-05-19,2025-05-20,Z00.00,PENDING,523.34,333.17,0.00,,2025-05-26,2026-07-03T00:00:00Z
CLM000004169,MBR0000188,PRV000028,INSTITUTIONAL,2026-04-27,2026-04-30,E11.9,DENIED,1901.88,1343.73,0.00,CO16,2026-04-28,2026-07-03T20:00:00Z
CLM000004170,MBR0000920,PRV000004,PROFESSIONAL,2025-09-13,2025-09-16,J45.909,APPROVED,4599.13,2970.42,2144.36,,2025-10-01,2026-07-18T10:00:00Z
CLM000004171,MBR0000972,PRV000073,PROFESSIONAL,2026-01-22,2026-01-25,N39.0,APPROVED,2849.63,2358.82,2239.12,,2026-01-29,2026-07-11T19:00:00Z
CLM000004172,MBR0000593,PRV000088,INSTITUTIONAL,2026-06-16,2026-06-16,J45.909,PENDING,4208.76,3085.85,0.00,,2026-06-27,2026-07-07T20:00:00Z
CLM000004173,MBR0000263,PRV000087,PROFESSIONAL,2025-09-29,2025-09-29,M54.50,APPROVED,864.64,533.15,504.15,,2025-10-02,2026-07-06T06:00:00Z
CLM000004174,MBR0000864,PRV000038,INSTITUTIONAL,2025-01-29,2025-01-30,I10,APPROVED,2813.68,2019.35,1785.53,,2025-01-31,2026-07-03T10:00:00Z
CLM000004175,MBR0000753,PRV000090,PROFESSIONAL,2026-03-16,2026-03-16,N39.0,APPROVED,4901.44,3433.68,3031.19,,2026-04-05,2026-07-13T08:00:00Z
CLM000004176,MBR0000189,PRV000028,INSTITUTIONAL,2026-06-25,2026-06-26,I10,APPROVED,4258.42,3877.70,2913.71,,2026-07-11,2026-07-03T20:00:00Z
CLM000004177,MBR0000490,PRV000070,INSTITUTIONAL,2025-07-21,2025-07-23,J45.909,APPROVED,1261.16,785.83,547.51,,2025-08-02,2026-07-05T08:00:00Z
CLM000004178,MBR0000584,PRV000046,INSTITUTIONAL,2026-04-04,2026-04-04,I10,APPROVED,2271.54,1958.32,1702.13,,2026-04-18,2026-07-15T20:00:00Z
CLM000004179,MBR0000858,PRV000082,PROFESSIONAL,2026-02-02,2026-02-05,Z00.00,APPROVED,2270.47,1605.55,1381.92,,2026-02-09,2026-07-06T00:00:00Z
CLM000004180,MBR0000080,PRV000028,PROFESSIONAL,2025-08-18,2025-08-21,I10,APPROVED,3266.10,2738.00,2665.25,,2025-09-05,2026-07-18T07:00:00Z
CLM000004181,MBR0000559,PRV000059,INSTITUTIONAL,2025-02-16,2025-02-17,E11.9,APPROVED,5424.64,3867.73,3192.59,,2025-03-03,2026-07-14T00:00:00Z
CLM000004182,MBR0000276,PRV000049,PROFESSIONAL,2025-03-10,2025-03-13,M54.50,APPROVED,3418.86,3210.18,2282.52,,2025-03-18,2026-07-14T22:00:00Z
CLM000004183,MBR0000341,PRV000087,INSTITUTIONAL,2026-04-09,2026-04-09,J45.909,APPROVED,1975.75,1274.02,1204.30,,2026-04-17,2026-07-07T23:00:00Z
CLM000004184,MBR0000946,PRV000008,PROFESSIONAL,2026-01-27,2026-01-28,I10,APPROVED,6764.04,3998.36,2793.19,,2026-02-05,2026-07-18T08:00:00Z
CLM000004185,MBR0000632,PRV000019,PROFESSIONAL,2025-10-03,2025-10-05,N39.0,APPROVED,760.01,566.08,488.40,,2025-10-05,2026-07-20T03:00:00Z
CLM000004186,MBR0000701,PRV000043,INSTITUTIONAL,2026-03-14,2026-03-15,M54.50,DENIED,1668.02,1066.09,0.00,CO97,2026-04-02,2026-07-02T08:00:00Z
CLM000004187,MBR0000816,PRV000013,PROFESSIONAL,2026-06-08,2026-06-09,N39.0,APPROVED,1072.65,811.15,725.16,,2026-06-12,2026-07-14T08:00:00Z
CLM000004188,MBR0000970,PRV000048,INSTITUTIONAL,2026-02-23,2026-02-24,M54.50,APPROVED,539.96,380.31,274.59,,2026-03-11,2026-07-03T05:00:00Z
CLM000004189,MBR0000302,PRV000011,INSTITUTIONAL,2026-04-01,2026-04-03,I10,APPROVED,319.97,220.18,181.04,,2026-04-16,2026-07-01T18:00:00Z
CLM000004190,MBR0000251,PRV000099,PROFESSIONAL,2025-11-04,2025-11-07,Z00.00,DENIED,2078.89,1925.77,0.00,CO16,2025-11-12,2026-07-06T05:00:00Z
CLM000004191,MBR0000950,PRV000089,INSTITUTIONAL,2026-01-21,2026-01-21,M54.50,PENDING,4822.51,3785.18,0.00,,2026-01-26,2026-07-15T15:00:00Z
CLM000004192,MBR0000831,PRV000081,INSTITUTIONAL,2026-02-06,2026-02-07,Z00.00,APPROVED,3041.15,2282.24,2011.39,,2026-02-17,2026-07-20T00:00:00Z
CLM000004193,MBR0000296,PRV000089,INSTITUTIONAL,2025-01-12,2025-01-14,J45.909,APPROVED,3216.52,2454.67,1716.41,,2025-01-29,2026-07-17T02:00:00Z
CLM000004194,MBR0000481,PRV000010,INSTITUTIONAL,2026-04-29,2026-05-01,J45.909,APPROVED,3105.26,1818.98,1381.81,,2026-05-03,2026-07-08T18:00:00Z
CLM000004195,MBR0000873,PRV000057,PROFESSIONAL,2026-05-04,2026-05-05,M54.50,APPROVED,4606.64,2955.32,2188.17,,2026-05-09,2026-07-05T04:00:00Z
CLM000004196,MBR0000108,PRV000057,PROFESSIONAL,2026-01-12,2026-01-14,J45.909,APPROVED,1003.67,585.20,456.91,,2026-01-25,2026-07-05T09:00:00Z
CLM000004197,MBR0000932,PRV000031,PROFESSIONAL,2025-09-19,2025-09-21,E11.9,APPROVED,1672.09,1579.84,1271.05,,2025-09-26,2026-07-09T20:00:00Z
CLM000004198,MBR0000028,PRV000066,INSTITUTIONAL,2026-05-30,2026-05-30,M54.50,APPROVED,1671.62,1075.66,711.24,,2026-06-07,2026-07-14T06:00:00Z
CLM000004199,MBR0000271,PRV000067,INSTITUTIONAL,2026-01-30,2026-02-02,M54.50,APPROVED,202.58,171.04,165.99,,2026-02-16,2026-07-11T15:00:00Z
CLM000004200,MBR0000941,PRV000083,INSTITUTIONAL,2025-02-25,2025-02-27,I10,APPROVED,4846.37,3319.62,2892.73,,2025-03-12,2026-07-18T11:00:00Z
CLM000004201,MBR0000303,PRV000080,PROFESSIONAL,2026-02-16,2026-02-19,Z00.00,APPROVED,5609.47,3580.02,2554.50,,2026-03-08,2026-07-11T13:00:00Z
CLM000004202,MBR0000597,PRV000087,INSTITUTIONAL,2025-09-14,2025-09-15,Z00.00,APPROVED,468.28,329.48,315.83,,2025-09-15,2026-07-03T08:00:00Z
CLM000004203,MBR0000553,PRV000092,INSTITUTIONAL,2026-06-06,2026-06-09,Z00.00,APPROVED,662.26,578.97,405.16,,2026-06-26,2026-07-06T07:00:00Z
CLM000004204,MBR0000672,PRV000033,PROFESSIONAL,2025-02-24,2025-02-26,I10,APPROVED,840.25,630.94,624.23,,2025-03-06,2026-07-02T01:00:00Z
CLM000004205,MBR0000204,PRV000091,INSTITUTIONAL,2026-06-19,2026-06-20,E11.9,APPROVED,4734.82,3899.24,2627.65,,2026-06-21,2026-07-19T19:00:00Z
CLM000004206,MBR0000240,PRV000100,INSTITUTIONAL,2025-07-07,2025-07-09,I10,APPROVED,1095.85,664.51,646.05,,2025-07-16,2026-07-20T06:00:00Z
CLM000004207,MBR0000826,PRV000039,INSTITUTIONAL,2025-10-08,2025-10-08,E11.9,APPROVED,338.83,230.87,174.72,,2025-10-26,2026-07-08T21:00:00Z
CLM000004208,MBR0000620,PRV000022,INSTITUTIONAL,2025-01-10,2025-01-13,I10,APPROVED,2316.51,1763.19,1182.25,,2025-01-27,2026-07-07T20:00:00Z
CLM000004209,MBR0000329,PRV000085,INSTITUTIONAL,2025-02-03,2025-02-06,M54.50,DENIED,241.06,181.82,0.00,CO16,2025-02-19,2026-07-17T07:00:00Z
CLM000004210,MBR0000343,PRV000089,INSTITUTIONAL,2025-09-10,2025-09-11,E11.9,DENIED,4540.54,2783.63,0.00,CO97,2025-09-17,2026-07-16T08:00:00Z
CLM000004211,MBR0000702,PRV000071,PROFESSIONAL,2025-08-22,2025-08-23,N39.0,DENIED,1537.83,983.49,0.00,CO16,2025-08-29,2026-07-05T02:00:00Z
CLM000004212,MBR0000192,PRV000089,INSTITUTIONAL,2025-02-22,2025-02-25,Z00.00,APPROVED,3524.74,2258.37,2243.05,,2025-03-05,2026-07-17T18:00:00Z
CLM000004213,MBR0000161,PRV000013,PROFESSIONAL,2025-11-27,2025-11-28,E11.9,APPROVED,4270.51,2531.98,1797.66,,2025-12-12,2026-07-17T09:00:00Z
CLM000004214,MBR0000483,PRV000091,PROFESSIONAL,2025-03-05,2025-03-08,I10,APPROVED,6109.45,3659.43,2729.29,,2025-03-21,2026-07-16T00:00:00Z
CLM000004215,MBR0000137,PRV000015,INSTITUTIONAL,2026-04-20,2026-04-21,J45.909,DENIED,835.71,668.55,0.00,CO16,2026-05-04,2026-07-06T22:00:00Z
CLM000004216,MBR0000022,PRV000079,PROFESSIONAL,2025-05-31,2025-06-02,N39.0,DENIED,201.59,153.16,0.00,CO50,2025-06-02,2026-07-04T12:00:00Z
CLM000004217,MBR0000783,PRV000038,INSTITUTIONAL,2025-03-17,2025-03-17,Z00.00,APPROVED,4739.47,2772.74,2065.69,,2025-03-22,2026-07-07T14:00:00Z
CLM000004218,MBR0000798,PRV000073,PROFESSIONAL,2025-11-24,2025-11-24,Z00.00,APPROVED,3328.15,3160.65,2540.51,,2025-12-14,2026-07-03T07:00:00Z
CLM000004219,MBR0000058,PRV000021,PROFESSIONAL,2025-04-11,2025-04-11,Z00.00,APPROVED,2449.32,1987.53,1338.95,,2025-04-14,2026-07-02T08:00:00Z
CLM000004220,MBR0000429,PRV000025,INSTITUTIONAL,2025-01-26,2025-01-26,J45.909,APPROVED,5653.35,3405.55,2867.46,,2025-02-13,2026-07-01T18:00:00Z
CLM000004221,MBR0000979,PRV000096,PROFESSIONAL,2025-10-27,2025-10-29,J45.909,APPROVED,2760.97,2216.26,1954.38,,2025-10-28,2026-07-18T13:00:00Z
CLM000004222,MBR0000911,PRV000035,INSTITUTIONAL,2026-06-06,2026-06-08,N39.0,PENDING,2989.94,2358.02,0.00,,2026-06-16,2026-07-02T11:00:00Z
CLM000004223,MBR0000917,PRV000098,PROFESSIONAL,2026-02-10,2026-02-10,M54.50,APPROVED,1375.21,948.71,680.90,,2026-02-14,2026-07-12T22:00:00Z
CLM000004224,MBR0000483,PRV000017,PROFESSIONAL,2025-11-10,2025-11-11,M54.50,APPROVED,5401.47,3487.77,3014.02,,2025-11-14,2026-07-18T02:00:00Z
CLM000004225,MBR0000321,PRV000069,INSTITUTIONAL,2025-08-13,2025-08-16,E11.9,APPROVED,6605.27,3743.87,3248.21,,2025-08-14,2026-07-17T19:00:00Z
CLM000004226,MBR0000709,PRV000091,INSTITUTIONAL,2026-04-09,2026-04-11,E11.9,APPROVED,5082.66,3033.15,2936.70,,2026-04-28,2026-07-02T05:00:00Z
CLM000004227,MBR0000561,PRV000038,INSTITUTIONAL,2026-01-30,2026-02-01,I10,APPROVED,2140.64,1742.62,1456.79,,2026-02-13,2026-07-12T18:00:00Z
CLM000004228,MBR0000225,PRV000044,INSTITUTIONAL,2025-08-28,2025-08-29,Z00.00,APPROVED,3135.55,1883.75,1569.16,,2025-09-14,2026-07-06T07:00:00Z
CLM000004229,MBR0000755,PRV000080,PROFESSIONAL,2025-05-12,2025-05-13,E11.9,APPROVED,1885.91,1479.91,1433.05,,2025-05-14,2026-07-01T05:00:00Z
CLM000004230,MBR0000317,PRV000028,INSTITUTIONAL,2026-06-04,2026-06-04,J45.909,APPROVED,6432.21,3707.86,2633.35,,2026-06-08,2026-07-08T13:00:00Z
CLM000004231,MBR0000718,PRV000089,INSTITUTIONAL,2026-04-01,2026-04-03,I10,PENDING,2341.64,1646.19,0.00,,2026-04-19,2026-07-12T22:00:00Z
CLM000004232,MBR0000828,PRV000051,PROFESSIONAL,2025-07-02,2025-07-02,M54.50,APPROVED,3095.30,2037.34,1631.44,,2025-07-06,2026-07-07T10:00:00Z
CLM000004233,MBR0000678,PRV000038,PROFESSIONAL,2025-12-07,2025-12-10,M54.50,APPROVED,1384.10,819.11,776.69,,2025-12-09,2026-07-13T19:00:00Z
CLM000004234,MBR0000588,PRV000086,PROFESSIONAL,2025-12-31,2025-12-31,Z00.00,APPROVED,3851.60,2295.75,1849.10,,2026-01-17,2026-07-10T08:00:00Z
CLM000004235,MBR0000979,PRV000093,PROFESSIONAL,2026-06-09,2026-06-10,J45.909,APPROVED,3859.42,2549.53,2394.68,,2026-06-14,2026-07-14T16:00:00Z
CLM000004236,MBR0000652,PRV000050,INSTITUTIONAL,2025-07-20,2025-07-23,N39.0,APPROVED,1967.35,1558.37,1180.07,,2025-07-30,2026-07-20T09:00:00Z
CLM000004237,MBR0000118,PRV000014,PROFESSIONAL,2026-03-20,2026-03-21,I10,APPROVED,2933.99,2139.28,1840.55,,2026-03-31,2026-07-02T16:00:00Z
CLM000004238,MBR0000937,PRV000060,PROFESSIONAL,2025-11-12,2025-11-15,J45.909,APPROVED,4410.01,2550.74,2291.20,,2025-11-24,2026-07-14T04:00:00Z
CLM000004239,MBR0000905,PRV000074,INSTITUTIONAL,2025-08-16,2025-08-18,E11.9,APPROVED,2064.07,1818.91,1740.88,,2025-09-02,2026-07-18T10:00:00Z
CLM000004240,MBR0000209,PRV000052,PROFESSIONAL,2026-01-01,2026-01-02,M54.50,APPROVED,4820.77,3641.86,2580.09,,2026-01-04,2026-07-09T03:00:00Z
CLM000004241,MBR0000745,PRV000067,PROFESSIONAL,2026-02-22,2026-02-22,Z00.00,APPROVED,3832.61,3191.01,2501.43,,2026-03-14,2026-07-05T23:00:00Z
CLM000004242,MBR0000590,PRV000072,PROFESSIONAL,2026-01-20,2026-01-22,Z00.00,APPROVED,4492.85,2793.30,2448.25,,2026-01-24,2026-07-06T18:00:00Z
CLM000004243,MBR0000340,PRV000084,PROFESSIONAL,2026-02-11,2026-02-12,J45.909,APPROVED,2988.37,2078.61,1578.81,,2026-02-28,2026-07-05T15:00:00Z
CLM000004244,MBR0000155,PRV000078,PROFESSIONAL,2025-02-18,2025-02-18,M54.50,APPROVED,1391.33,1267.96,1201.95,,2025-03-03,2026-07-01T21:00:00Z
CLM000004245,MBR0000933,PRV000077,INSTITUTIONAL,2025-02-14,2025-02-15,N39.0,APPROVED,186.79,146.94,104.32,,2025-02-19,2026-07-15T23:00:00Z
CLM000004246,MBR0000537,PRV000090,INSTITUTIONAL,2025-11-27,2025-11-29,N39.0,APPROVED,3354.57,2381.64,1709.87,,2025-12-03,2026-07-20T22:00:00Z
CLM000004247,MBR0000862,PRV000024,PROFESSIONAL,2025-08-01,2025-08-04,Z00.00,APPROVED,2094.85,1665.45,1617.33,,2025-08-17,2026-07-03T22:00:00Z
CLM000004248,MBR0000903,PRV000099,PROFESSIONAL,2025-07-28,2025-07-30,M54.50,APPROVED,2639.72,1986.21,1808.73,,2025-08-11,2026-07-03T16:00:00Z
CLM000004249,MBR0000614,PRV000010,PROFESSIONAL,2026-02-11,2026-02-14,E11.9,APPROVED,1202.02,744.33,562.61,,2026-02-15,2026-07-04T00:00:00Z
CLM000004250,MBR0000381,PRV000096,PROFESSIONAL,2025-11-07,2025-11-08,N39.0,APPROVED,4124.62,2855.79,2619.50,,2025-11-25,2026-07-19T15:00:00Z
CLM000004251,MBR0000715,PRV000030,PROFESSIONAL,2025-06-16,2025-06-19,I10,APPROVED,5637.21,3562.50,2738.39,,2025-06-23,2026-07-06T09:00:00Z
CLM000004252,MBR0000858,PRV000032,PROFESSIONAL,2025-07-09,2025-07-10,N39.0,DENIED,1331.69,1037.95,0.00,CO16,2025-07-16,2026-07-14T14:00:00Z
CLM000004253,MBR0000172,PRV000071,INSTITUTIONAL,2026-06-30,2026-07-03,I10,APPROVED,3929.40,2744.78,2504.46,,2026-07-03,2026-07-16T14:00:00Z
CLM000004254,MBR0000090,PRV000095,INSTITUTIONAL,2025-11-08,2025-11-09,Z00.00,APPROVED,626.95,540.87,522.68,,2025-11-25,2026-07-19T04:00:00Z
CLM000004255,MBR0000222,PRV000074,PROFESSIONAL,2026-02-25,2026-02-25,N39.0,APPROVED,3247.67,2105.50,2018.80,,2026-02-28,2026-07-09T16:00:00Z
CLM000004256,MBR0000027,PRV000079,INSTITUTIONAL,2025-10-13,2025-10-15,J45.909,APPROVED,3203.62,1906.03,1683.09,,2025-10-27,2026-07-08T23:00:00Z
CLM000004257,MBR0000941,PRV000059,INSTITUTIONAL,2025-01-26,2025-01-26,E11.9,APPROVED,6342.48,3967.20,3882.00,,2025-01-30,2026-07-02T19:00:00Z
CLM000004258,MBR0000198,PRV000066,INSTITUTIONAL,2026-05-19,2026-05-22,E11.9,APPROVED,371.32,248.38,162.26,,2026-06-06,2026-07-14T03:00:00Z
CLM000004259,MBR0000807,PRV000052,INSTITUTIONAL,2025-08-01,2025-08-03,J45.909,APPROVED,2682.96,2051.28,1667.69,,2025-08-11,2026-07-17T14:00:00Z
CLM000004260,MBR0000591,PRV000047,INSTITUTIONAL,2025-01-09,2025-01-09,E11.9,APPROVED,2002.63,1582.71,1375.35,,2025-01-13,2026-07-03T11:00:00Z
CLM000004261,MBR0000517,PRV000061,INSTITUTIONAL,2025-04-25,2025-04-27,I10,APPROVED,4479.68,2944.25,2655.51,,2025-05-06,2026-07-11T15:00:00Z
CLM000004262,MBR0000554,PRV000097,INSTITUTIONAL,2025-10-31,2025-10-31,I10,APPROVED,2377.68,1758.15,1251.66,,2025-11-18,2026-07-07T09:00:00Z
CLM000004263,MBR0000017,PRV000100,INSTITUTIONAL,2025-05-11,2025-05-12,M54.50,APPROVED,6583.22,3668.59,3567.59,,2025-05-16,2026-07-14T03:00:00Z
CLM000004264,MBR0000053,PRV000096,PROFESSIONAL,2025-04-25,2025-04-26,M54.50,APPROVED,1036.20,658.12,585.83,,2025-05-07,2026-07-08T06:00:00Z
CLM000004265,MBR0000189,PRV000016,INSTITUTIONAL,2025-11-11,2025-11-13,Z00.00,APPROVED,3211.99,2420.67,1709.19,,2025-11-24,2026-07-08T18:00:00Z
CLM000004266,MBR0000281,PRV000002,INSTITUTIONAL,2026-06-04,2026-06-07,I10,APPROVED,2204.43,1386.71,1005.43,,2026-06-20,2026-07-19T10:00:00Z
CLM000004267,MBR0000477,PRV000007,PROFESSIONAL,2025-01-25,2025-01-28,M54.50,APPROVED,854.60,714.51,707.51,,2025-02-12,2026-07-09T23:00:00Z
CLM000004268,MBR0000576,PRV000053,INSTITUTIONAL,2025-02-11,2025-02-11,J45.909,APPROVED,2361.79,2243.98,2115.92,,2025-02-23,2026-07-17T19:00:00Z
CLM000004269,MBR0000440,PRV000067,PROFESSIONAL,2025-09-05,2025-09-08,M54.50,APPROVED,2490.02,1398.46,1236.98,,2025-09-10,2026-07-06T02:00:00Z
CLM000004270,MBR0000867,PRV000023,PROFESSIONAL,2025-07-02,2025-07-03,I10,APPROVED,1819.53,1252.86,1237.53,,2025-07-21,2026-07-19T17:00:00Z
CLM000004271,MBR0000431,PRV000067,PROFESSIONAL,2025-09-06,2025-09-06,M54.50,APPROVED,708.29,468.18,311.01,,2025-09-19,2026-07-06T13:00:00Z
CLM000004272,MBR0000297,PRV000068,INSTITUTIONAL,2025-03-09,2025-03-09,N39.0,APPROVED,3381.66,2076.18,1804.14,,2025-03-21,2026-07-20T12:00:00Z
CLM000004273,MBR0000707,PRV000097,INSTITUTIONAL,2025-02-02,2025-02-05,Z00.00,PENDING,1447.15,969.75,0.00,,2025-02-15,2026-07-14T21:00:00Z
CLM000004274,MBR0000212,PRV000006,PROFESSIONAL,2025-01-29,2025-02-01,J45.909,APPROVED,4948.76,2988.29,2176.71,,2025-02-03,2026-07-15T18:00:00Z
CLM000004275,MBR0000916,PRV000070,INSTITUTIONAL,2026-04-21,2026-04-24,I10,DENIED,1678.73,1188.45,0.00,CO50,2026-04-27,2026-07-15T11:00:00Z
CLM000004276,MBR0000485,PRV000015,PROFESSIONAL,2025-04-29,2025-04-29,I10,PENDING,1194.15,910.75,0.00,,2025-05-13,2026-07-15T14:00:00Z
CLM000004277,MBR0000236,PRV000074,PROFESSIONAL,2025-05-31,2025-06-01,I10,DENIED,4788.22,3549.58,0.00,CO16,2025-06-01,2026-07-12T04:00:00Z
CLM000004278,MBR0000670,PRV000012,INSTITUTIONAL,2025-07-05,2025-07-08,E11.9,APPROVED,3603.78,2302.78,1806.97,,2025-07-10,2026-07-18T11:00:00Z
CLM000004279,MBR0000381,PRV000092,INSTITUTIONAL,2026-03-13,2026-03-16,J45.909,APPROVED,1536.39,1256.66,996.69,,2026-03-21,2026-07-15T09:00:00Z
CLM000004280,MBR0000948,PRV000051,PROFESSIONAL,2025-11-29,2025-11-29,J45.909,APPROVED,3492.70,3176.27,2894.97,,2025-12-18,2026-07-10T15:00:00Z
CLM000004281,MBR0000817,PRV000098,INSTITUTIONAL,2025-11-28,2025-11-29,M54.50,APPROVED,213.57,123.95,104.45,,2025-11-29,2026-07-02T10:00:00Z
CLM000004282,MBR0000180,PRV000025,INSTITUTIONAL,2026-01-19,2026-01-21,J45.909,APPROVED,3511.97,2826.26,2718.33,,2026-01-23,2026-07-16T10:00:00Z
CLM000004283,MBR0000457,PRV000024,PROFESSIONAL,2026-01-04,2026-01-05,M54.50,APPROVED,3584.34,2593.41,2125.90,,2026-01-18,2026-07-03T03:00:00Z
CLM000004284,MBR0000125,PRV000057,INSTITUTIONAL,2025-01-21,2025-01-23,J45.909,APPROVED,5710.65,3824.73,3219.66,,2025-02-03,2026-07-03T21:00:00Z
CLM000004285,MBR0000432,PRV000021,PROFESSIONAL,2026-04-12,2026-04-12,E11.9,APPROVED,1263.21,890.77,890.38,,2026-04-19,2026-07-11T10:00:00Z
CLM000004286,MBR0000250,PRV000054,INSTITUTIONAL,2025-03-23,2025-03-26,E11.9,APPROVED,224.20,204.49,182.98,,2025-03-31,2026-07-11T05:00:00Z
CLM000004287,MBR0000120,PRV000005,INSTITUTIONAL,2025-10-18,2025-10-18,I10,APPROVED,4326.79,3076.05,2926.33,,2025-10-31,2026-07-03T00:00:00Z
CLM000004288,MBR0000721,PRV000076,INSTITUTIONAL,2025-06-20,2025-06-23,M54.50,DENIED,809.44,472.67,0.00,CO50,2025-07-09,2026-07-11T03:00:00Z
CLM000004289,MBR0000213,PRV000059,PROFESSIONAL,2025-03-31,2025-04-03,Z00.00,APPROVED,2502.45,1710.05,1600.24,,2025-04-13,2026-07-06T03:00:00Z
CLM000004290,MBR0000406,PRV000079,INSTITUTIONAL,2025-04-24,2025-04-26,M54.50,PENDING,2412.39,1868.88,0.00,,2025-05-11,2026-07-19T18:00:00Z
CLM000004291,MBR0000223,PRV000057,INSTITUTIONAL,2025-06-13,2025-06-13,M54.50,APPROVED,1184.17,704.96,604.27,,2025-06-25,2026-07-01T07:00:00Z
CLM000004292,MBR0000834,PRV000049,INSTITUTIONAL,2025-12-28,2025-12-28,J45.909,APPROVED,1138.06,756.03,581.57,,2026-01-14,2026-07-02T20:00:00Z
CLM000004293,MBR0000097,PRV000004,PROFESSIONAL,2026-02-01,2026-02-04,Z00.00,APPROVED,2406.68,1559.74,1122.29,,2026-02-19,2026-07-05T22:00:00Z
CLM000004294,MBR0000151,PRV000005,INSTITUTIONAL,2025-02-10,2025-02-10,Z00.00,APPROVED,1491.26,1100.99,825.72,,2025-02-27,2026-07-09T04:00:00Z
CLM000004295,MBR0000405,PRV000070,PROFESSIONAL,2025-06-07,2025-06-09,M54.50,APPROVED,2303.54,1294.99,850.47,,2025-06-15,2026-07-06T07:00:00Z
CLM000004296,MBR0000888,PRV000059,INSTITUTIONAL,2026-06-25,2026-06-26,E11.9,PENDING,4058.49,2298.09,0.00,,2026-07-05,2026-07-20T20:00:00Z
CLM000004297,MBR0000616,PRV000007,PROFESSIONAL,2026-05-30,2026-06-01,M54.50,APPROVED,2544.63,2141.80,1585.35,,2026-06-04,2026-07-04T19:00:00Z
CLM000004298,MBR0000617,PRV000013,INSTITUTIONAL,2025-06-21,2025-06-23,I10,PENDING,3677.00,2259.82,0.00,,2025-07-07,2026-07-06T02:00:00Z
CLM000004299,MBR0000838,PRV000078,PROFESSIONAL,2025-11-15,2025-11-16,J45.909,APPROVED,3564.73,2551.92,1702.15,,2025-11-29,2026-07-11T06:00:00Z
CLM000004300,MBR0000030,PRV000074,PROFESSIONAL,2026-01-18,2026-01-20,Z00.00,APPROVED,6238.32,3497.01,2983.51,,2026-02-02,2026-07-12T10:00:00Z
CLM000004301,MBR0000230,PRV000011,INSTITUTIONAL,2025-07-17,2025-07-20,E11.9,APPROVED,179.87,132.93,88.02,,2025-07-26,2026-07-04T06:00:00Z
CLM000004302,MBR0000292,PRV000017,INSTITUTIONAL,2025-02-18,2025-02-21,Z00.00,APPROVED,3374.86,1960.95,1298.62,,2025-02-23,2026-07-11T03:00:00Z
CLM000004303,MBR0000181,PRV000040,INSTITUTIONAL,2025-06-17,2025-06-17,N39.0,DENIED,5987.43,3616.75,0.00,CO97,2025-06-20,2026-07-07T10:00:00Z
CLM000004304,MBR0000539,PRV000040,INSTITUTIONAL,2025-12-07,2025-12-07,E11.9,APPROVED,5960.19,3675.68,3140.86,,2025-12-22,2026-07-16T02:00:00Z
CLM000004305,MBR0000195,PRV000064,INSTITUTIONAL,2025-12-31,2026-01-03,N39.0,APPROVED,4699.46,3801.78,3208.54,,2026-01-20,2026-07-12T21:00:00Z
CLM000004306,MBR0000118,PRV000062,INSTITUTIONAL,2025-08-21,2025-08-22,I10,APPROVED,4856.20,3925.24,3685.95,,2025-09-04,2026-07-05T18:00:00Z
CLM000004307,MBR0000004,PRV000001,INSTITUTIONAL,2025-11-29,2025-11-29,E11.9,APPROVED,3338.50,2449.47,1697.38,,2025-12-08,2026-07-19T11:00:00Z
CLM000004308,MBR0000144,PRV000094,PROFESSIONAL,2026-03-22,2026-03-25,J45.909,APPROVED,2006.82,1161.57,967.93,,2026-03-29,2026-07-17T06:00:00Z
CLM000004309,MBR0000885,PRV000054,PROFESSIONAL,2025-11-18,2025-11-20,N39.0,APPROVED,4583.05,3813.82,3091.02,,2025-12-04,2026-07-14T00:00:00Z
CLM000004310,MBR0000765,PRV000025,INSTITUTIONAL,2025-12-14,2025-12-14,Z00.00,DENIED,2680.39,2100.53,0.00,CO50,2025-12-28,2026-07-07T15:00:00Z
CLM000004311,MBR0000869,PRV000011,INSTITUTIONAL,2025-03-13,2025-03-13,J45.909,APPROVED,4344.27,3150.80,2856.09,,2025-03-18,2026-07-04T05:00:00Z
CLM000004312,MBR0000060,PRV000012,PROFESSIONAL,2025-12-15,2025-12-15,J45.909,APPROVED,411.31,285.01,224.24,,2025-12-18,2026-07-01T04:00:00Z
CLM000004313,MBR0000014,PRV000084,PROFESSIONAL,2025-06-04,2025-06-06,I10,APPROVED,79.11,71.30,49.98,,2025-06-23,2026-07-11T12:00:00Z
CLM000004314,MBR0000516,PRV000049,PROFESSIONAL,2025-10-12,2025-10-13,Z00.00,APPROVED,1936.89,1089.18,750.15,,2025-10-21,2026-07-13T13:00:00Z
CLM000004315,MBR0000450,PRV000040,PROFESSIONAL,2025-11-29,2025-11-30,E11.9,APPROVED,2144.24,1471.51,1107.04,,2025-11-30,2026-07-02T09:00:00Z
CLM000004316,MBR0000518,PRV000046,INSTITUTIONAL,2025-10-21,2025-10-23,Z00.00,APPROVED,3647.99,3413.40,3194.25,,2025-10-22,2026-07-15T04:00:00Z
CLM000004317,MBR0000075,PRV000014,INSTITUTIONAL,2025-08-30,2025-08-30,J45.909,APPROVED,1350.33,1144.33,1018.39,,2025-09-04,2026-07-12T14:00:00Z
CLM000004318,MBR0000181,PRV000090,INSTITUTIONAL,2025-09-06,2025-09-08,I10,APPROVED,3571.37,3079.94,2566.77,,2025-09-20,2026-07-06T07:00:00Z
CLM000004319,MBR0000325,PRV000074,INSTITUTIONAL,2025-05-04,2025-05-04,J45.909,APPROVED,2155.26,1942.32,1819.71,,2025-05-24,2026-07-01T02:00:00Z
CLM000004320,MBR0000798,PRV000059,INSTITUTIONAL,2025-06-03,2025-06-06,E11.9,APPROVED,3072.90,2213.27,1624.81,,2025-06-14,2026-07-13T10:00:00Z
CLM000004321,MBR0000809,PRV000030,PROFESSIONAL,2025-08-22,2025-08-25,E11.9,DENIED,3226.75,2016.68,0.00,CO97,2025-09-07,2026-07-06T06:00:00Z
CLM000004322,MBR0000268,PRV000077,INSTITUTIONAL,2025-03-28,2025-03-29,M54.50,APPROVED,5822.61,3881.15,2534.50,,2025-04-11,2026-07-04T04:00:00Z
CLM000004323,MBR0000484,PRV000052,PROFESSIONAL,2025-10-09,2025-10-09,Z00.00,APPROVED,6731.12,3772.35,3105.45,,2025-10-21,2026-07-02T01:00:00Z
CLM000004324,MBR0000904,PRV000017,INSTITUTIONAL,2026-02-19,2026-02-19,I10,APPROVED,3763.05,2369.05,1768.01,,2026-02-26,2026-07-03T08:00:00Z
CLM000004325,MBR0000043,PRV000054,INSTITUTIONAL,2025-11-08,2025-11-08,E11.9,APPROVED,817.44,473.07,361.71,,2025-11-23,2026-07-06T13:00:00Z
CLM000004326,MBR0000639,PRV000038,PROFESSIONAL,2025-02-08,2025-02-09,M54.50,APPROVED,980.78,875.18,698.94,,2025-02-26,2026-07-13T15:00:00Z
CLM000004327,MBR0000797,PRV000033,INSTITUTIONAL,2025-02-26,2025-02-28,N39.0,APPROVED,2307.39,1540.73,1163.98,,2025-03-05,2026-07-08T02:00:00Z
CLM000004328,MBR0000408,PRV000060,INSTITUTIONAL,2025-05-13,2025-05-14,J45.909,APPROVED,4129.57,2797.56,2223.57,,2025-05-25,2026-07-04T18:00:00Z
CLM000004329,MBR0000522,PRV000030,INSTITUTIONAL,2026-06-03,2026-06-06,M54.50,APPROVED,596.04,474.37,393.27,,2026-06-21,2026-07-07T00:00:00Z
CLM000004330,MBR0000651,PRV000024,INSTITUTIONAL,2025-06-14,2025-06-14,N39.0,APPROVED,5515.28,3675.67,2809.00,,2025-06-29,2026-07-17T14:00:00Z
CLM000004331,MBR0000166,PRV000093,PROFESSIONAL,2025-05-10,2025-05-10,J45.909,APPROVED,4513.10,3418.13,2311.49,,2025-05-13,2026-07-11T22:00:00Z
CLM000004332,MBR0000878,PRV000100,INSTITUTIONAL,2025-02-27,2025-03-02,J45.909,APPROVED,2358.55,2228.00,1834.11,,2025-02-28,2026-07-08T14:00:00Z
CLM000004333,MBR0000610,PRV000006,INSTITUTIONAL,2025-09-05,2025-09-08,I10,DENIED,4761.54,3420.33,0.00,CO97,2025-09-16,2026-07-20T03:00:00Z
CLM000004334,MBR0000662,PRV000100,PROFESSIONAL,2025-02-04,2025-02-05,I10,APPROVED,1424.90,1317.70,978.20,,2025-02-22,2026-07-09T08:00:00Z
CLM000004335,MBR0000485,PRV000021,PROFESSIONAL,2026-04-25,2026-04-26,J45.909,APPROVED,4675.74,3017.27,2499.57,,2026-05-11,2026-07-08T23:00:00Z
CLM000004336,MBR0000387,PRV000024,PROFESSIONAL,2026-03-10,2026-03-10,E11.9,APPROVED,2574.54,1761.88,1165.35,,2026-03-18,2026-07-06T15:00:00Z
CLM000004337,MBR0000290,PRV000071,INSTITUTIONAL,2026-01-06,2026-01-09,Z00.00,DENIED,3066.18,2005.25,0.00,CO50,2026-01-09,2026-07-16T00:00:00Z
CLM000004338,MBR0000138,PRV000087,PROFESSIONAL,2025-10-26,2025-10-28,E11.9,APPROVED,2419.08,1595.15,1518.38,,2025-11-07,2026-07-02T04:00:00Z
CLM000004339,MBR0000200,PRV000021,PROFESSIONAL,2026-03-02,2026-03-05,M54.50,APPROVED,3711.19,2247.63,1970.11,,2026-03-03,2026-07-20T13:00:00Z
CLM000004340,MBR0000014,PRV000066,PROFESSIONAL,2025-10-18,2025-10-20,I10,APPROVED,1573.96,1043.52,693.35,,2025-10-31,2026-07-02T05:00:00Z
CLM000004341,MBR0000330,PRV000096,PROFESSIONAL,2025-06-02,2025-06-02,I10,APPROVED,2437.54,2023.40,1765.42,,2025-06-04,2026-07-08T21:00:00Z
CLM000004342,MBR0000133,PRV000021,PROFESSIONAL,2026-04-30,2026-04-30,E11.9,APPROVED,3140.35,2048.02,2019.40,,2026-05-14,2026-07-06T23:00:00Z
CLM000004343,MBR0000142,PRV000040,PROFESSIONAL,2025-04-06,2025-04-07,Z00.00,APPROVED,2803.14,2028.28,1577.34,,2025-04-16,2026-07-19T19:00:00Z
CLM000004344,MBR0000117,PRV000061,INSTITUTIONAL,2025-12-03,2025-12-03,E11.9,APPROVED,3276.44,2202.78,1501.91,,2025-12-22,2026-07-17T06:00:00Z
CLM000004345,MBR0000161,PRV000007,INSTITUTIONAL,2026-04-11,2026-04-13,J45.909,APPROVED,2067.20,1237.75,1136.45,,2026-04-16,2026-07-12T19:00:00Z
CLM000004346,MBR0000408,PRV000020,INSTITUTIONAL,2025-02-02,2025-02-04,E11.9,DENIED,1016.52,691.49,0.00,CO50,2025-02-16,2026-07-07T01:00:00Z
CLM000004347,MBR0000283,PRV000059,PROFESSIONAL,2026-05-10,2026-05-12,J45.909,APPROVED,2469.09,1645.51,1145.00,,2026-05-11,2026-07-20T02:00:00Z
CLM000004348,MBR0000126,PRV000094,INSTITUTIONAL,2025-08-09,2025-08-11,N39.0,APPROVED,1972.85,1582.10,1413.71,,2025-08-20,2026-07-01T18:00:00Z
CLM000004349,MBR0000642,PRV000083,INSTITUTIONAL,2026-04-03,2026-04-03,I10,APPROVED,3096.41,2667.37,1795.43,,2026-04-19,2026-07-10T03:00:00Z
CLM000004350,MBR0000033,PRV000001,INSTITUTIONAL,2026-06-16,2026-06-19,N39.0,APPROVED,3400.01,2372.16,2010.80,,2026-06-25,2026-07-13T23:00:00Z
CLM000004351,MBR0000516,PRV000044,PROFESSIONAL,2025-12-09,2025-12-12,Z00.00,APPROVED,2570.81,1799.18,1645.89,,2025-12-22,2026-07-05T05:00:00Z
CLM000004352,MBR0000151,PRV000095,INSTITUTIONAL,2026-06-03,2026-06-04,I10,DENIED,3699.34,2389.25,0.00,CO97,2026-06-14,2026-07-17T14:00:00Z
CLM000004353,MBR0000312,PRV000013,PROFESSIONAL,2026-06-04,2026-06-07,N39.0,APPROVED,3872.26,2318.65,1575.03,,2026-06-06,2026-07-02T10:00:00Z
CLM000004354,MBR0000019,PRV000072,INSTITUTIONAL,2025-12-29,2025-12-31,M54.50,APPROVED,2416.19,1433.17,954.56,,2026-01-16,2026-07-05T12:00:00Z
CLM000004355,MBR0000513,PRV000074,PROFESSIONAL,2026-03-27,2026-03-29,N39.0,APPROVED,1608.54,1161.90,944.98,,2026-04-13,2026-07-04T05:00:00Z
CLM000004356,MBR0000196,PRV000019,INSTITUTIONAL,2025-10-07,2025-10-10,J45.909,APPROVED,5167.26,3132.90,2840.88,,2025-10-27,2026-07-08T22:00:00Z
CLM000004357,MBR0000189,PRV000033,INSTITUTIONAL,2025-07-07,2025-07-10,Z00.00,APPROVED,1761.36,1412.11,1268.11,,2025-07-25,2026-07-08T07:00:00Z
CLM000004358,MBR0000639,PRV000070,PROFESSIONAL,2026-03-31,2026-03-31,Z00.00,APPROVED,2703.73,2038.64,1351.67,,2026-04-12,2026-07-09T01:00:00Z
CLM000004359,MBR0000876,PRV000052,INSTITUTIONAL,2026-01-28,2026-01-31,N39.0,APPROVED,5021.61,3381.61,2416.38,,2026-01-31,2026-07-04T20:00:00Z
CLM000004360,MBR0000028,PRV000065,INSTITUTIONAL,2025-05-10,2025-05-10,Z00.00,APPROVED,804.27,752.94,619.82,,2025-05-12,2026-07-18T02:00:00Z
CLM000004361,MBR0000203,PRV000047,INSTITUTIONAL,2026-05-13,2026-05-16,I10,APPROVED,3877.28,2496.84,1771.84,,2026-05-17,2026-07-02T03:00:00Z
CLM000004362,MBR0000808,PRV000061,PROFESSIONAL,2026-05-17,2026-05-19,J45.909,APPROVED,4453.36,2792.84,2563.66,,2026-06-03,2026-07-05T05:00:00Z
CLM000004363,MBR0000879,PRV000070,PROFESSIONAL,2026-06-28,2026-06-28,E11.9,APPROVED,5986.64,3586.08,3355.20,,2026-07-10,2026-07-20T10:00:00Z
CLM000004364,MBR0000367,PRV000085,INSTITUTIONAL,2025-09-12,2025-09-12,Z00.00,APPROVED,6753.02,3873.05,3545.46,,2025-09-20,2026-07-08T14:00:00Z
CLM000004365,MBR0000327,PRV000010,PROFESSIONAL,2025-11-26,2025-11-26,M54.50,PENDING,4591.81,3789.56,0.00,,2025-12-09,2026-07-18T16:00:00Z
CLM000004366,MBR0000272,PRV000089,PROFESSIONAL,2025-06-11,2025-06-14,N39.0,APPROVED,334.69,306.15,266.15,,2025-06-26,2026-07-16T01:00:00Z
CLM000004367,MBR0000108,PRV000067,PROFESSIONAL,2025-09-20,2025-09-23,J45.909,APPROVED,2034.38,1927.70,1507.84,,2025-09-21,2026-07-07T13:00:00Z
CLM000004368,MBR0000127,PRV000023,PROFESSIONAL,2026-05-12,2026-05-12,I10,APPROVED,3567.94,3204.01,2868.62,,2026-05-17,2026-07-16T13:00:00Z
CLM000004369,MBR0000260,PRV000015,INSTITUTIONAL,2025-11-22,2025-11-25,E11.9,APPROVED,5439.27,3880.78,2706.40,,2025-12-05,2026-07-20T23:00:00Z
CLM000004370,MBR0000529,PRV000069,PROFESSIONAL,2025-07-20,2025-07-21,Z00.00,APPROVED,4451.93,2770.81,2671.32,,2025-08-04,2026-07-12T12:00:00Z
CLM000004371,MBR0000358,PRV000082,PROFESSIONAL,2026-05-05,2026-05-06,J45.909,APPROVED,2464.01,1629.28,1285.56,,2026-05-12,2026-07-12T12:00:00Z
CLM000004372,MBR0000327,PRV000061,PROFESSIONAL,2025-09-26,2025-09-28,J45.909,APPROVED,713.42,543.84,427.55,,2025-10-03,2026-07-13T23:00:00Z
CLM000004373,MBR0000077,PRV000081,INSTITUTIONAL,2025-07-23,2025-07-24,I10,APPROVED,2323.44,1405.42,1011.78,,2025-08-06,2026-07-09T05:00:00Z
CLM000004374,MBR0000371,PRV000001,INSTITUTIONAL,2025-03-15,2025-03-17,I10,APPROVED,5482.25,3758.83,3304.34,,2025-03-26,2026-07-17T04:00:00Z
CLM000004375,MBR0000128,PRV000005,PROFESSIONAL,2025-06-03,2025-06-05,Z00.00,APPROVED,1837.13,1416.77,937.01,,2025-06-16,2026-07-02T20:00:00Z
CLM000004376,MBR0000542,PRV000085,PROFESSIONAL,2025-10-24,2025-10-24,J45.909,APPROVED,5306.41,3003.88,2438.26,,2025-11-05,2026-07-14T02:00:00Z
CLM000004377,MBR0000531,PRV000085,PROFESSIONAL,2026-01-12,2026-01-12,N39.0,DENIED,3693.13,3492.11,0.00,CO16,2026-01-22,2026-07-14T06:00:00Z
CLM000004378,MBR0000645,PRV000075,INSTITUTIONAL,2025-05-20,2025-05-23,M54.50,DENIED,1063.22,946.85,0.00,CO16,2025-05-29,2026-07-03T13:00:00Z
CLM000004379,MBR0000974,PRV000006,INSTITUTIONAL,2025-03-07,2025-03-08,E11.9,APPROVED,3572.98,3049.11,2984.84,,2025-03-16,2026-07-06T12:00:00Z
CLM000004380,MBR0000713,PRV000035,PROFESSIONAL,2025-05-07,2025-05-07,Z00.00,APPROVED,3756.62,2449.89,1899.42,,2025-05-09,2026-07-05T09:00:00Z
CLM000004381,MBR0000776,PRV000013,PROFESSIONAL,2025-06-16,2025-06-18,M54.50,APPROVED,3316.10,2440.71,1690.06,,2025-06-18,2026-07-05T23:00:00Z
CLM000004382,MBR0000485,PRV000092,PROFESSIONAL,2026-06-01,2026-06-02,Z00.00,APPROVED,784.99,541.19,381.60,,2026-06-09,2026-07-04T22:00:00Z
CLM000004383,MBR0000608,PRV000060,PROFESSIONAL,2025-03-01,2025-03-03,Z00.00,APPROVED,5051.84,3230.66,2965.71,,2025-03-17,2026-07-08T11:00:00Z
CLM000004384,MBR0000938,PRV000043,PROFESSIONAL,2025-11-10,2025-11-11,J45.909,PENDING,1995.15,1438.76,0.00,,2025-11-20,2026-07-05T06:00:00Z
CLM000004385,MBR0000806,PRV000059,PROFESSIONAL,2025-02-05,2025-02-05,E11.9,APPROVED,1999.01,1297.82,1293.97,,2025-02-22,2026-07-12T04:00:00Z
CLM000004386,MBR0000483,PRV000003,INSTITUTIONAL,2026-03-21,2026-03-22,J45.909,APPROVED,5769.88,3799.35,3258.70,,2026-03-28,2026-07-03T15:00:00Z
CLM000004387,MBR0000367,PRV000094,INSTITUTIONAL,2026-02-10,2026-02-12,Z00.00,DENIED,1820.71,1692.56,0.00,CO16,2026-02-28,2026-07-20T03:00:00Z
CLM000004388,MBR0000628,PRV000056,PROFESSIONAL,2026-04-08,2026-04-10,M54.50,APPROVED,2035.75,1249.68,1088.24,,2026-04-27,2026-07-01T04:00:00Z
CLM000004389,MBR0000559,PRV000027,INSTITUTIONAL,2026-01-24,2026-01-26,Z00.00,APPROVED,921.64,596.36,568.65,,2026-01-27,2026-07-05T11:00:00Z
CLM000004390,MBR0000531,PRV000057,PROFESSIONAL,2025-01-09,2025-01-12,M54.50,APPROVED,2455.88,1384.49,1378.60,,2025-01-28,2026-07-05T08:00:00Z
CLM000004391,MBR0000681,PRV000047,PROFESSIONAL,2025-02-18,2025-02-21,N39.0,APPROVED,2646.16,2392.19,1730.06,,2025-02-26,2026-07-07T18:00:00Z
CLM000004392,MBR0000446,PRV000097,PROFESSIONAL,2025-01-12,2025-01-13,N39.0,APPROVED,3651.50,3159.58,2216.31,,2025-01-21,2026-07-09T01:00:00Z
CLM000004393,MBR0000716,PRV000063,INSTITUTIONAL,2026-02-27,2026-02-27,N39.0,DENIED,3653.85,2849.70,0.00,CO97,2026-03-09,2026-07-09T05:00:00Z
CLM000004394,MBR0000605,PRV000026,INSTITUTIONAL,2025-05-02,2025-05-02,J45.909,APPROVED,6175.91,3504.46,2282.59,,2025-05-08,2026-07-13T01:00:00Z
CLM000004395,MBR0000256,PRV000010,PROFESSIONAL,2025-10-17,2025-10-19,M54.50,DENIED,5766.16,3526.86,0.00,CO16,2025-10-31,2026-07-11T13:00:00Z
CLM000004396,MBR0000504,PRV000076,PROFESSIONAL,2026-05-10,2026-05-11,N39.0,APPROVED,2407.70,2242.02,2053.65,,2026-05-30,2026-07-06T05:00:00Z
CLM000004397,MBR0000849,PRV000081,PROFESSIONAL,2026-01-08,2026-01-10,I10,APPROVED,2166.18,1815.77,1425.09,,2026-01-09,2026-07-12T10:00:00Z
CLM000004398,MBR0000574,PRV000007,PROFESSIONAL,2025-04-13,2025-04-16,N39.0,APPROVED,848.53,614.90,437.35,,2025-04-22,2026-07-06T04:00:00Z
CLM000004399,MBR0000421,PRV000057,INSTITUTIONAL,2025-03-17,2025-03-18,I10,APPROVED,1604.79,1431.64,1163.47,,2025-03-31,2026-07-07T04:00:00Z
CLM000004400,MBR0000907,PRV000022,PROFESSIONAL,2025-06-11,2025-06-11,N39.0,DENIED,4265.37,3119.59,0.00,CO16,2025-06-22,2026-07-10T08:00:00Z
CLM000004401,MBR0000937,PRV000051,INSTITUTIONAL,2025-11-10,2025-11-10,M54.50,APPROVED,779.15,466.43,322.53,,2025-11-22,2026-07-14T11:00:00Z
CLM000004402,MBR0000794,PRV000030,PROFESSIONAL,2026-01-13,2026-01-13,N39.0,APPROVED,3068.02,2829.49,2774.00,,2026-01-16,2026-07-10T04:00:00Z
CLM000004403,MBR0000638,PRV000082,PROFESSIONAL,2025-12-31,2026-01-03,E11.9,APPROVED,1585.27,1063.00,834.65,,2026-01-07,2026-07-01T08:00:00Z
CLM000004404,MBR0000569,PRV000061,PROFESSIONAL,2025-10-12,2025-10-15,N39.0,APPROVED,4044.38,2913.06,2366.45,,2025-10-20,2026-07-06T19:00:00Z
CLM000004405,MBR0000071,PRV000006,INSTITUTIONAL,2025-06-13,2025-06-14,J45.909,APPROVED,3263.17,2217.19,1856.87,,2025-06-27,2026-07-12T12:00:00Z
CLM000004406,MBR0000114,PRV000094,INSTITUTIONAL,2025-01-29,2025-01-29,Z00.00,PENDING,1528.52,880.93,0.00,,2025-02-05,2026-07-06T11:00:00Z
CLM000004407,MBR0000260,PRV000031,PROFESSIONAL,2026-03-06,2026-03-07,N39.0,APPROVED,140.18,101.08,69.43,,2026-03-07,2026-07-19T15:00:00Z
CLM000004408,MBR0000897,PRV000021,PROFESSIONAL,2025-02-27,2025-03-01,J45.909,PENDING,1085.22,880.26,0.00,,2025-03-04,2026-07-19T18:00:00Z
CLM000004409,MBR0000008,PRV000060,INSTITUTIONAL,2026-02-18,2026-02-20,I10,APPROVED,4238.20,3501.31,2409.27,,2026-02-21,2026-07-11T09:00:00Z
CLM000004410,MBR0000542,PRV000054,INSTITUTIONAL,2026-05-05,2026-05-05,I10,APPROVED,5731.41,3547.01,3096.25,,2026-05-19,2026-07-03T13:00:00Z
CLM000004411,MBR0000587,PRV000027,PROFESSIONAL,2025-02-10,2025-02-11,N39.0,APPROVED,1875.01,1098.87,1074.45,,2025-02-12,2026-07-17T10:00:00Z
CLM000004412,MBR0000798,PRV000088,INSTITUTIONAL,2025-03-22,2025-03-24,M54.50,APPROVED,3738.64,3228.32,2980.37,,2025-03-27,2026-07-11T13:00:00Z
CLM000004413,MBR0000894,PRV000098,PROFESSIONAL,2026-04-17,2026-04-19,Z00.00,APPROVED,3127.88,2666.16,2144.51,,2026-04-25,2026-07-02T10:00:00Z
CLM000004414,MBR0000492,PRV000048,PROFESSIONAL,2026-03-08,2026-03-09,M54.50,APPROVED,112.00,64.91,45.21,,2026-03-18,2026-07-05T00:00:00Z
CLM000004415,MBR0000269,PRV000028,INSTITUTIONAL,2026-01-17,2026-01-18,Z00.00,APPROVED,768.44,611.90,497.88,,2026-01-29,2026-07-15T04:00:00Z
CLM000004416,MBR0000083,PRV000064,INSTITUTIONAL,2025-03-02,2025-03-05,I10,APPROVED,1676.53,1430.86,1285.60,,2025-03-06,2026-07-15T02:00:00Z
CLM000004417,MBR0000616,PRV000016,INSTITUTIONAL,2025-09-21,2025-09-21,M54.50,APPROVED,2430.01,1646.67,1363.96,,2025-10-07,2026-07-12T16:00:00Z
CLM000004418,MBR0000408,PRV000053,INSTITUTIONAL,2025-12-09,2025-12-10,I10,PENDING,4305.23,2679.98,0.00,,2025-12-25,2026-07-04T09:00:00Z
CLM000004419,MBR0000914,PRV000003,INSTITUTIONAL,2025-04-17,2025-04-19,N39.0,DENIED,4047.38,2684.72,0.00,CO16,2025-05-03,2026-07-19T02:00:00Z
CLM000004420,MBR0000811,PRV000023,INSTITUTIONAL,2026-02-25,2026-02-28,N39.0,DENIED,1752.36,975.25,0.00,CO97,2026-03-16,2026-07-07T11:00:00Z
CLM000004421,MBR0000859,PRV000090,PROFESSIONAL,2025-07-14,2025-07-14,N39.0,APPROVED,1711.56,1341.57,1271.38,,2025-07-21,2026-07-05T17:00:00Z
CLM000004422,MBR0000234,PRV000087,PROFESSIONAL,2025-07-29,2025-07-29,M54.50,APPROVED,4202.16,2384.04,2080.27,,2025-08-08,2026-07-13T09:00:00Z
CLM000004423,MBR0000508,PRV000069,INSTITUTIONAL,2025-12-29,2026-01-01,J45.909,APPROVED,3231.18,2495.69,2020.90,,2026-01-13,2026-07-04T16:00:00Z
CLM000004424,MBR0000308,PRV000097,INSTITUTIONAL,2025-11-09,2025-11-10,M54.50,APPROVED,1152.77,692.32,687.58,,2025-11-21,2026-07-11T13:00:00Z
CLM000004425,MBR0000405,PRV000063,INSTITUTIONAL,2025-06-22,2025-06-23,N39.0,APPROVED,2396.19,2245.04,1916.52,,2025-06-25,2026-07-07T06:00:00Z
CLM000004426,MBR0000135,PRV000098,PROFESSIONAL,2025-09-24,2025-09-26,E11.9,APPROVED,2584.85,1716.70,1250.56,,2025-09-29,2026-07-12T02:00:00Z
CLM000004427,MBR0000403,PRV000091,INSTITUTIONAL,2026-04-09,2026-04-12,I10,APPROVED,2911.81,1710.92,1370.50,,2026-04-25,2026-07-18T07:00:00Z
CLM000004428,MBR0000093,PRV000073,INSTITUTIONAL,2026-02-27,2026-02-28,I10,APPROVED,2459.44,2087.13,1726.34,,2026-03-16,2026-07-16T23:00:00Z
CLM000004429,MBR0000923,PRV000073,INSTITUTIONAL,2026-02-15,2026-02-18,M54.50,APPROVED,3601.91,2096.29,2014.51,,2026-02-23,2026-07-05T15:00:00Z
CLM000004430,MBR0000652,PRV000060,INSTITUTIONAL,2026-04-21,2026-04-22,J45.909,APPROVED,4653.39,3529.70,2405.75,,2026-04-30,2026-07-11T08:00:00Z
CLM000004431,MBR0000807,PRV000087,INSTITUTIONAL,2026-06-11,2026-06-14,E11.9,PENDING,1228.08,737.88,0.00,,2026-06-15,2026-07-19T03:00:00Z
CLM000004432,MBR0000135,PRV000022,PROFESSIONAL,2025-02-20,2025-02-23,E11.9,APPROVED,229.73,144.24,135.43,,2025-02-28,2026-07-14T15:00:00Z
CLM000004433,MBR0000121,PRV000082,PROFESSIONAL,2025-08-10,2025-08-12,M54.50,APPROVED,3229.00,2428.98,2407.37,,2025-08-28,2026-07-20T14:00:00Z
CLM000004434,MBR0000535,PRV000023,PROFESSIONAL,2025-01-14,2025-01-15,N39.0,APPROVED,523.38,493.77,378.43,,2025-01-28,2026-07-11T23:00:00Z
CLM000004435,MBR0000852,PRV000068,INSTITUTIONAL,2026-04-27,2026-04-28,E11.9,APPROVED,4150.79,2694.71,2317.77,,2026-05-10,2026-07-10T15:00:00Z
CLM000004436,MBR0000835,PRV000086,INSTITUTIONAL,2026-06-27,2026-06-29,Z00.00,APPROVED,2446.21,1865.10,1242.00,,2026-06-29,2026-07-03T14:00:00Z
CLM000004437,MBR0000055,PRV000012,PROFESSIONAL,2025-09-16,2025-09-17,Z00.00,APPROVED,6702.81,3826.12,2713.87,,2025-09-30,2026-07-11T14:00:00Z
CLM000004438,MBR0000291,PRV000066,PROFESSIONAL,2025-04-06,2025-04-08,Z00.00,APPROVED,5658.95,3733.95,2992.09,,2025-04-12,2026-07-08T15:00:00Z
CLM000004439,MBR0000335,PRV000035,PROFESSIONAL,2025-11-20,2025-11-23,J45.909,APPROVED,2648.88,1861.65,1411.18,,2025-12-04,2026-07-09T01:00:00Z
CLM000004440,MBR0000341,PRV000087,INSTITUTIONAL,2026-02-10,2026-02-12,J45.909,DENIED,2582.28,1662.49,0.00,CO50,2026-02-15,2026-07-06T00:00:00Z
CLM000004441,MBR0000510,PRV000058,PROFESSIONAL,2026-04-12,2026-04-14,Z00.00,APPROVED,2783.94,2594.20,2571.39,,2026-04-27,2026-07-08T10:00:00Z
CLM000004442,MBR0000135,PRV000073,PROFESSIONAL,2026-06-23,2026-06-23,I10,APPROVED,2809.20,2127.58,1405.31,,2026-07-11,2026-07-04T00:00:00Z
CLM000004443,MBR0000699,PRV000034,INSTITUTIONAL,2025-10-12,2025-10-15,M54.50,APPROVED,5331.94,3449.57,3363.69,,2025-10-26,2026-07-03T09:00:00Z
CLM000004444,MBR0000095,PRV000019,INSTITUTIONAL,2025-10-12,2025-10-13,J45.909,DENIED,437.37,336.65,0.00,CO97,2025-10-17,2026-07-02T07:00:00Z
CLM000004445,MBR0000948,PRV000044,PROFESSIONAL,2026-06-30,2026-07-02,I10,APPROVED,4172.42,2935.59,2216.93,,2026-07-13,2026-07-08T22:00:00Z
CLM000004446,MBR0000185,PRV000007,PROFESSIONAL,2025-03-13,2025-03-16,Z00.00,APPROVED,2802.74,1708.28,1616.90,,2025-03-18,2026-07-06T05:00:00Z
CLM000004447,MBR0000975,PRV000047,PROFESSIONAL,2026-01-05,2026-01-08,M54.50,APPROVED,4315.11,3276.74,2532.56,,2026-01-17,2026-07-11T18:00:00Z
CLM000004448,MBR0000343,PRV000018,INSTITUTIONAL,2025-10-01,2025-10-03,Z00.00,APPROVED,526.89,318.41,301.85,,2025-10-07,2026-07-20T14:00:00Z
CLM000004449,MBR0000401,PRV000055,PROFESSIONAL,2026-01-20,2026-01-21,E11.9,APPROVED,3982.58,2860.52,2566.28,,2026-02-03,2026-07-20T11:00:00Z
CLM000004450,MBR0000340,PRV000086,PROFESSIONAL,2026-02-09,2026-02-09,J45.909,PENDING,2376.74,1663.89,0.00,,2026-02-25,2026-07-12T09:00:00Z
CLM000004451,MBR0000943,PRV000057,PROFESSIONAL,2025-11-10,2025-11-10,M54.50,APPROVED,3713.36,3290.43,2538.20,,2025-11-26,2026-07-05T20:00:00Z
CLM000004452,MBR0000449,PRV000007,INSTITUTIONAL,2025-10-17,2025-10-18,M54.50,DENIED,2568.94,1666.90,0.00,CO97,2025-11-01,2026-07-08T10:00:00Z
CLM000004453,MBR0000134,PRV000058,PROFESSIONAL,2025-03-22,2025-03-23,Z00.00,APPROVED,2676.77,1838.55,1522.28,,2025-03-27,2026-07-20T17:00:00Z
CLM000004454,MBR0000131,PRV000017,PROFESSIONAL,2025-05-10,2025-05-13,Z00.00,APPROVED,2175.01,1969.95,1713.95,,2025-05-23,2026-07-09T12:00:00Z
CLM000004455,MBR0000358,PRV000059,INSTITUTIONAL,2025-04-12,2025-04-13,E11.9,APPROVED,2374.96,1400.10,1343.87,,2025-04-20,2026-07-11T19:00:00Z
CLM000004456,MBR0000426,PRV000067,INSTITUTIONAL,2026-04-03,2026-04-05,M54.50,APPROVED,2827.39,2087.25,1483.46,,2026-04-22,2026-07-06T20:00:00Z
CLM000004457,MBR0000326,PRV000029,PROFESSIONAL,2025-04-19,2025-04-22,E11.9,APPROVED,3428.23,3103.70,2145.99,,2025-04-27,2026-07-18T18:00:00Z
CLM000004458,MBR0000710,PRV000018,PROFESSIONAL,2025-04-22,2025-04-23,M54.50,APPROVED,707.36,432.11,389.54,,2025-04-29,2026-07-06T22:00:00Z
CLM000004459,MBR0000982,PRV000058,INSTITUTIONAL,2026-02-14,2026-02-16,J45.909,DENIED,5044.39,3501.24,0.00,CO50,2026-02-28,2026-07-07T00:00:00Z
CLM000004460,MBR0000497,PRV000047,PROFESSIONAL,2026-06-17,2026-06-18,I10,PENDING,794.87,636.46,0.00,,2026-06-26,2026-07-04T07:00:00Z
CLM000004461,MBR0000495,PRV000072,PROFESSIONAL,2025-11-25,2025-11-28,I10,APPROVED,1265.13,882.14,649.81,,2025-11-30,2026-07-19T17:00:00Z
CLM000004462,MBR0000157,PRV000052,INSTITUTIONAL,2025-07-03,2025-07-05,M54.50,DENIED,178.29,122.51,0.00,CO50,2025-07-11,2026-07-15T10:00:00Z
CLM000004463,MBR0000282,PRV000001,PROFESSIONAL,2026-02-24,2026-02-26,J45.909,APPROVED,3464.72,2848.94,2497.65,,2026-03-09,2026-07-08T11:00:00Z
CLM000004464,MBR0000561,PRV000007,PROFESSIONAL,2025-03-21,2025-03-22,I10,APPROVED,2742.04,1930.68,1514.45,,2025-04-07,2026-07-09T06:00:00Z
CLM000004465,MBR0000473,PRV000052,PROFESSIONAL,2026-06-25,2026-06-28,I10,APPROVED,5628.09,3861.60,2646.22,,2026-07-02,2026-07-12T10:00:00Z
CLM000004466,MBR0000975,PRV000083,INSTITUTIONAL,2025-06-07,2025-06-07,J45.909,APPROVED,3089.87,1873.05,1619.42,,2025-06-25,2026-07-08T14:00:00Z
CLM000004467,MBR0000593,PRV000034,INSTITUTIONAL,2026-02-04,2026-02-06,E11.9,PENDING,1653.77,1363.34,0.00,,2026-02-10,2026-07-10T09:00:00Z
CLM000004468,MBR0000325,PRV000037,PROFESSIONAL,2026-06-19,2026-06-21,J45.909,DENIED,427.42,405.76,0.00,CO16,2026-06-24,2026-07-01T10:00:00Z
CLM000004469,MBR0000998,PRV000029,INSTITUTIONAL,2026-02-25,2026-02-27,I10,APPROVED,4218.52,2526.22,2285.07,,2026-03-02,2026-07-03T03:00:00Z
CLM000004470,MBR0000587,PRV000014,PROFESSIONAL,2025-03-24,2025-03-25,Z00.00,APPROVED,724.57,486.43,423.70,,2025-04-05,2026-07-07T11:00:00Z
CLM000004471,MBR0000366,PRV000017,INSTITUTIONAL,2025-01-12,2025-01-13,M54.50,APPROVED,2852.89,2513.31,2363.29,,2025-01-16,2026-07-16T02:00:00Z
CLM000004472,MBR0000151,PRV000060,INSTITUTIONAL,2026-03-21,2026-03-24,N39.0,APPROVED,1922.11,1495.90,1043.09,,2026-04-03,2026-07-02T06:00:00Z
CLM000004473,MBR0000529,PRV000036,INSTITUTIONAL,2025-11-22,2025-11-24,I10,APPROVED,3380.77,2676.43,1757.90,,2025-11-25,2026-07-15T17:00:00Z
CLM000004474,MBR0000936,PRV000070,INSTITUTIONAL,2026-01-28,2026-01-28,N39.0,DENIED,4905.53,2888.61,0.00,CO16,2026-01-30,2026-07-03T23:00:00Z
CLM000004475,MBR0000090,PRV000056,INSTITUTIONAL,2025-08-26,2025-08-28,I10,APPROVED,2377.19,2108.57,1748.42,,2025-09-11,2026-07-15T21:00:00Z
CLM000004476,MBR0000342,PRV000080,INSTITUTIONAL,2025-10-23,2025-10-26,J45.909,APPROVED,4109.46,2951.11,2862.84,,2025-10-25,2026-07-12T18:00:00Z
CLM000004477,MBR0000419,PRV000093,INSTITUTIONAL,2025-11-07,2025-11-08,M54.50,DENIED,1149.92,1001.74,0.00,CO16,2025-11-18,2026-07-17T12:00:00Z
CLM000004478,MBR0000715,PRV000042,PROFESSIONAL,2025-11-26,2025-11-28,Z00.00,APPROVED,2748.50,2062.32,1420.84,,2025-12-06,2026-07-16T21:00:00Z
CLM000004479,MBR0000453,PRV000090,PROFESSIONAL,2025-12-27,2025-12-27,Z00.00,DENIED,6322.77,3795.42,0.00,CO97,2026-01-11,2026-07-06T12:00:00Z
CLM000004480,MBR0000244,PRV000061,PROFESSIONAL,2026-03-18,2026-03-19,I10,APPROVED,1707.55,1225.00,834.14,,2026-04-04,2026-07-11T18:00:00Z
CLM000004481,MBR0000641,PRV000072,INSTITUTIONAL,2025-07-23,2025-07-26,N39.0,APPROVED,792.22,444.37,423.74,,2025-08-12,2026-07-13T15:00:00Z
CLM000004482,MBR0000901,PRV000049,PROFESSIONAL,2025-01-28,2025-01-31,M54.50,APPROVED,5644.63,3172.96,2772.67,,2025-02-01,2026-07-11T04:00:00Z
CLM000004483,MBR0000072,PRV000034,PROFESSIONAL,2026-03-17,2026-03-18,E11.9,APPROVED,2167.98,1938.21,1553.75,,2026-03-18,2026-07-03T18:00:00Z
CLM000004484,MBR0000812,PRV000051,INSTITUTIONAL,2025-05-12,2025-05-13,Z00.00,APPROVED,2777.52,2011.40,1834.56,,2025-05-29,2026-07-10T10:00:00Z
CLM000004485,MBR0000360,PRV000082,PROFESSIONAL,2025-05-26,2025-05-26,I10,APPROVED,1645.53,1012.69,872.00,,2025-06-08,2026-07-12T01:00:00Z
CLM000004486,MBR0000695,PRV000054,PROFESSIONAL,2025-11-18,2025-11-21,N39.0,APPROVED,3842.06,3241.94,2508.00,,2025-11-28,2026-07-15T14:00:00Z
CLM000004487,MBR0000276,PRV000056,INSTITUTIONAL,2025-01-26,2025-01-29,J45.909,APPROVED,1163.02,714.06,500.70,,2025-02-02,2026-07-02T03:00:00Z
CLM000004488,MBR0000173,PRV000092,PROFESSIONAL,2025-10-25,2025-10-26,N39.0,APPROVED,4104.78,3131.42,2626.21,,2025-10-29,2026-07-08T07:00:00Z
CLM000004489,MBR0000490,PRV000014,PROFESSIONAL,2025-07-14,2025-07-15,J45.909,APPROVED,2926.12,2639.71,2244.21,,2025-07-28,2026-07-18T13:00:00Z
CLM000004490,MBR0000370,PRV000057,PROFESSIONAL,2026-04-24,2026-04-25,I10,APPROVED,3977.25,2610.43,2130.70,,2026-05-05,2026-07-09T10:00:00Z
CLM000004491,MBR0000686,PRV000002,PROFESSIONAL,2025-08-27,2025-08-30,M54.50,APPROVED,137.59,95.64,85.38,,2025-09-01,2026-07-14T11:00:00Z
CLM000004492,MBR0000181,PRV000019,PROFESSIONAL,2025-01-30,2025-02-02,J45.909,APPROVED,3899.25,3262.11,2587.91,,2025-02-01,2026-07-06T06:00:00Z
CLM000004493,MBR0000203,PRV000029,PROFESSIONAL,2026-01-19,2026-01-20,J45.909,APPROVED,3834.08,2594.49,2564.96,,2026-01-26,2026-07-18T15:00:00Z
CLM000004494,MBR0000760,PRV000087,INSTITUTIONAL,2025-12-03,2025-12-06,Z00.00,APPROVED,5715.73,3880.29,2955.43,,2025-12-14,2026-07-12T16:00:00Z
CLM000004495,MBR0000039,PRV000082,INSTITUTIONAL,2025-10-31,2025-10-31,N39.0,APPROVED,1044.90,717.54,487.89,,2025-11-06,2026-07-13T00:00:00Z
CLM000004496,MBR0000772,PRV000057,PROFESSIONAL,2026-02-24,2026-02-24,I10,DENIED,345.53,203.39,0.00,CO50,2026-03-09,2026-07-02T01:00:00Z
CLM000004497,MBR0000648,PRV000070,INSTITUTIONAL,2025-06-16,2025-06-16,M54.50,APPROVED,3221.93,2030.01,1359.46,,2025-06-25,2026-07-12T20:00:00Z
CLM000004498,MBR0000425,PRV000094,INSTITUTIONAL,2026-05-03,2026-05-05,N39.0,APPROVED,4990.17,2878.90,2368.36,,2026-05-18,2026-07-08T17:00:00Z
CLM000004499,MBR0000555,PRV000053,PROFESSIONAL,2025-11-04,2025-11-04,J45.909,APPROVED,4982.14,2921.81,2502.29,,2025-11-24,2026-07-14T09:00:00Z
CLM000004500,MBR0000810,PRV000058,INSTITUTIONAL,2026-02-13,2026-02-14,N39.0,APPROVED,4228.97,3443.49,2979.76,,2026-03-01,2026-07-18T07:00:00Z
CLM000004501,MBR0000979,PRV000049,PROFESSIONAL,2025-03-26,2025-03-28,J45.909,APPROVED,3777.01,3457.34,2551.75,,2025-03-30,2026-07-04T05:00:00Z
CLM000004502,MBR0000557,PRV000088,PROFESSIONAL,2025-09-07,2025-09-09,E11.9,APPROVED,2740.20,1535.48,1379.77,,2025-09-14,2026-07-16T22:00:00Z
CLM000004503,MBR0000672,PRV000042,PROFESSIONAL,2025-05-30,2025-06-01,J45.909,PENDING,1783.36,1189.47,0.00,,2025-06-06,2026-07-20T04:00:00Z
CLM000004504,MBR0000730,PRV000024,INSTITUTIONAL,2025-06-20,2025-06-23,J45.909,APPROVED,3475.35,2300.13,1704.45,,2025-07-09,2026-07-12T22:00:00Z
CLM000004505,MBR0000115,PRV000013,PROFESSIONAL,2025-08-11,2025-08-12,Z00.00,APPROVED,1116.08,877.38,628.10,,2025-08-27,2026-07-12T20:00:00Z
CLM000004506,MBR0000147,PRV000091,INSTITUTIONAL,2026-01-06,2026-01-08,E11.9,APPROVED,703.42,597.95,515.13,,2026-01-21,2026-07-03T19:00:00Z
CLM000004507,MBR0000420,PRV000040,PROFESSIONAL,2025-04-06,2025-04-09,E11.9,PENDING,3673.28,2114.05,0.00,,2025-04-23,2026-07-09T00:00:00Z
CLM000004508,MBR0000944,PRV000078,INSTITUTIONAL,2025-03-05,2025-03-05,I10,APPROVED,135.14,87.47,84.68,,2025-03-13,2026-07-04T23:00:00Z
CLM000004509,MBR0000282,PRV000007,PROFESSIONAL,2025-12-22,2025-12-25,J45.909,APPROVED,3013.18,1754.47,1422.72,,2026-01-01,2026-07-12T07:00:00Z
CLM000004510,MBR0000760,PRV000017,INSTITUTIONAL,2025-07-06,2025-07-08,Z00.00,APPROVED,462.48,322.31,248.36,,2025-07-21,2026-07-04T19:00:00Z
CLM000004511,MBR0000045,PRV000064,INSTITUTIONAL,2025-12-24,2025-12-24,N39.0,APPROVED,6750.22,3806.90,3662.28,,2025-12-28,2026-07-09T09:00:00Z
CLM000004512,MBR0000537,PRV000047,INSTITUTIONAL,2026-01-24,2026-01-26,M54.50,APPROVED,621.83,564.43,535.28,,2026-02-12,2026-07-20T05:00:00Z
CLM000004513,MBR0000044,PRV000029,INSTITUTIONAL,2026-06-11,2026-06-11,I10,APPROVED,725.80,418.62,303.21,,2026-06-15,2026-07-12T11:00:00Z
CLM000004514,MBR0000068,PRV000015,INSTITUTIONAL,2025-08-11,2025-08-11,J45.909,PENDING,2773.48,1583.91,0.00,,2025-08-13,2026-07-18T08:00:00Z
CLM000004515,MBR0000732,PRV000014,INSTITUTIONAL,2025-02-26,2025-02-27,Z00.00,APPROVED,3427.58,2145.98,1691.97,,2025-02-27,2026-07-07T13:00:00Z
CLM000004516,MBR0000669,PRV000001,PROFESSIONAL,2026-03-24,2026-03-27,I10,PENDING,1651.72,1391.70,0.00,,2026-03-25,2026-07-14T21:00:00Z
CLM000004517,MBR0000563,PRV000005,PROFESSIONAL,2025-03-18,2025-03-20,I10,APPROVED,2136.73,1302.55,859.77,,2025-04-01,2026-07-19T18:00:00Z
CLM000004518,MBR0000027,PRV000047,INSTITUTIONAL,2025-09-20,2025-09-22,E11.9,APPROVED,1646.42,1441.88,1017.82,,2025-10-08,2026-07-20T21:00:00Z
CLM000004519,MBR0000858,PRV000087,PROFESSIONAL,2025-02-10,2025-02-12,E11.9,APPROVED,4475.28,3167.90,2416.35,,2025-03-02,2026-07-18T08:00:00Z
CLM000004520,MBR0000171,PRV000022,INSTITUTIONAL,2025-09-16,2025-09-18,J45.909,APPROVED,3457.24,2912.09,2588.55,,2025-09-26,2026-07-04T13:00:00Z
CLM000004521,MBR0000851,PRV000054,INSTITUTIONAL,2025-12-27,2025-12-28,N39.0,APPROVED,4459.91,3408.29,2401.75,,2025-12-31,2026-07-06T17:00:00Z
CLM000004522,MBR0000105,PRV000004,PROFESSIONAL,2025-04-02,2025-04-05,E11.9,APPROVED,2345.54,1529.10,1040.32,,2025-04-22,2026-07-04T19:00:00Z
CLM000004523,MBR0000716,PRV000061,PROFESSIONAL,2025-07-28,2025-07-28,J45.909,APPROVED,4378.56,2683.63,1820.79,,2025-08-14,2026-07-11T01:00:00Z
CLM000004524,MBR0000885,PRV000064,PROFESSIONAL,2025-07-30,2025-08-01,E11.9,PENDING,1592.30,1498.37,0.00,,2025-07-31,2026-07-07T09:00:00Z
CLM000004525,MBR0000451,PRV000029,INSTITUTIONAL,2026-04-09,2026-04-10,I10,APPROVED,3372.45,2289.31,2150.44,,2026-04-23,2026-07-17T05:00:00Z
CLM000004526,MBR0000225,PRV000083,INSTITUTIONAL,2025-06-25,2025-06-25,I10,APPROVED,944.85,878.25,597.34,,2025-06-30,2026-07-16T09:00:00Z
CLM000004527,MBR0000528,PRV000094,PROFESSIONAL,2025-04-14,2025-04-14,E11.9,DENIED,4805.68,2931.63,0.00,CO97,2025-05-03,2026-07-11T15:00:00Z
CLM000004528,MBR0000426,PRV000087,INSTITUTIONAL,2026-06-16,2026-06-19,E11.9,APPROVED,4683.77,2623.46,2069.32,,2026-06-26,2026-07-08T00:00:00Z
CLM000004529,MBR0000963,PRV000017,PROFESSIONAL,2026-02-27,2026-02-27,N39.0,PENDING,2715.02,1719.12,0.00,,2026-03-01,2026-07-07T14:00:00Z
CLM000004530,MBR0000670,PRV000031,INSTITUTIONAL,2025-11-27,2025-11-30,I10,APPROVED,2893.39,2343.43,1872.85,,2025-12-08,2026-07-12T16:00:00Z
CLM000004531,MBR0000229,PRV000003,PROFESSIONAL,2026-01-26,2026-01-26,J45.909,APPROVED,1953.64,1207.13,1027.60,,2026-01-31,2026-07-15T07:00:00Z
CLM000004532,MBR0000832,PRV000089,PROFESSIONAL,2025-02-07,2025-02-09,J45.909,APPROVED,1446.56,1141.67,1117.15,,2025-02-09,2026-07-07T14:00:00Z
CLM000004533,MBR0000158,PRV000009,INSTITUTIONAL,2025-03-05,2025-03-07,Z00.00,APPROVED,5829.53,3456.60,2474.36,,2025-03-08,2026-07-13T13:00:00Z
CLM000004534,MBR0000881,PRV000043,PROFESSIONAL,2026-03-16,2026-03-17,M54.50,APPROVED,709.34,566.05,453.59,,2026-03-25,2026-07-02T23:00:00Z
CLM000004535,MBR0000019,PRV000098,PROFESSIONAL,2026-05-23,2026-05-25,E11.9,PENDING,4639.67,3325.85,0.00,,2026-05-27,2026-07-06T12:00:00Z
CLM000004536,MBR0000572,PRV000041,PROFESSIONAL,2025-07-16,2025-07-18,J45.909,PENDING,2794.16,2017.87,0.00,,2025-08-02,2026-07-05T08:00:00Z
CLM000004537,MBR0000260,PRV000006,PROFESSIONAL,2026-03-12,2026-03-12,Z00.00,DENIED,4468.95,3504.31,0.00,CO97,2026-03-20,2026-07-09T04:00:00Z
CLM000004538,MBR0000394,PRV000026,PROFESSIONAL,2025-03-13,2025-03-14,M54.50,APPROVED,1147.03,996.92,764.05,,2025-03-16,2026-07-11T15:00:00Z
CLM000004539,MBR0000098,PRV000016,PROFESSIONAL,2025-10-18,2025-10-18,M54.50,APPROVED,908.14,853.00,737.15,,2025-10-27,2026-07-01T09:00:00Z
CLM000004540,MBR0000741,PRV000090,INSTITUTIONAL,2026-02-18,2026-02-18,Z00.00,DENIED,937.22,853.46,0.00,CO16,2026-02-22,2026-07-02T16:00:00Z
CLM000004541,MBR0000299,PRV000056,PROFESSIONAL,2026-03-31,2026-04-03,J45.909,DENIED,2624.10,1525.69,0.00,CO16,2026-04-08,2026-07-01T03:00:00Z
CLM000004542,MBR0000402,PRV000078,PROFESSIONAL,2025-04-30,2025-05-01,M54.50,APPROVED,3794.05,3189.57,2442.25,,2025-05-02,2026-07-18T19:00:00Z
CLM000004543,MBR0000039,PRV000066,PROFESSIONAL,2026-02-12,2026-02-14,Z00.00,APPROVED,3556.80,3175.94,2455.52,,2026-03-03,2026-07-17T15:00:00Z
CLM000004544,MBR0000267,PRV000037,INSTITUTIONAL,2025-11-04,2025-11-06,Z00.00,APPROVED,1095.05,928.84,910.66,,2025-11-17,2026-07-06T14:00:00Z
CLM000004545,MBR0000114,PRV000060,INSTITUTIONAL,2025-02-10,2025-02-12,J45.909,APPROVED,455.88,278.79,203.29,,2025-03-01,2026-07-10T00:00:00Z
CLM000004546,MBR0000051,PRV000032,INSTITUTIONAL,2025-09-12,2025-09-12,E11.9,DENIED,3931.87,3578.63,0.00,CO16,2025-09-22,2026-07-20T19:00:00Z
CLM000004547,MBR0000745,PRV000089,PROFESSIONAL,2026-03-22,2026-03-24,M54.50,APPROVED,3768.97,2643.27,2013.20,,2026-04-01,2026-07-07T18:00:00Z
CLM000004548,MBR0000508,PRV000041,INSTITUTIONAL,2026-06-17,2026-06-18,M54.50,DENIED,6091.16,3505.92,0.00,CO97,2026-06-18,2026-07-18T16:00:00Z
CLM000004549,MBR0000010,PRV000006,PROFESSIONAL,2026-03-26,2026-03-28,E11.9,DENIED,4036.14,2717.14,0.00,CO16,2026-04-09,2026-07-17T10:00:00Z
CLM000004550,MBR0000135,PRV000081,PROFESSIONAL,2025-08-18,2025-08-20,J45.909,APPROVED,1831.05,1075.93,947.49,,2025-09-07,2026-07-16T16:00:00Z
CLM000004551,MBR0000388,PRV000030,INSTITUTIONAL,2025-05-01,2025-05-04,N39.0,DENIED,1826.83,1063.16,0.00,CO50,2025-05-13,2026-07-09T23:00:00Z
CLM000004552,MBR0000061,PRV000011,INSTITUTIONAL,2025-01-24,2025-01-27,M54.50,APPROVED,565.92,435.31,323.58,,2025-02-12,2026-07-03T05:00:00Z
CLM000004553,MBR0000484,PRV000098,PROFESSIONAL,2025-01-14,2025-01-15,E11.9,DENIED,5538.82,3124.95,0.00,CO50,2025-01-27,2026-07-04T02:00:00Z
CLM000004554,MBR0000708,PRV000034,PROFESSIONAL,2025-05-03,2025-05-03,Z00.00,APPROVED,2011.17,1118.27,1053.77,,2025-05-15,2026-07-13T09:00:00Z
CLM000004555,MBR0000501,PRV000057,PROFESSIONAL,2025-10-11,2025-10-11,M54.50,APPROVED,2350.30,1535.79,1473.24,,2025-10-23,2026-07-14T03:00:00Z
CLM000004556,MBR0000710,PRV000047,INSTITUTIONAL,2025-08-05,2025-08-08,M54.50,APPROVED,1796.84,1185.95,1095.92,,2025-08-11,2026-07-12T16:00:00Z
CLM000004557,MBR0000819,PRV000020,INSTITUTIONAL,2026-06-01,2026-06-01,Z00.00,APPROVED,4273.26,3269.43,2180.11,,2026-06-16,2026-07-19T08:00:00Z
CLM000004558,MBR0000303,PRV000050,PROFESSIONAL,2026-03-27,2026-03-28,I10,APPROVED,666.17,380.12,322.96,,2026-04-10,2026-07-04T13:00:00Z
CLM000004559,MBR0000837,PRV000093,PROFESSIONAL,2026-03-15,2026-03-15,I10,APPROVED,3133.70,2162.34,1557.91,,2026-03-29,2026-07-19T11:00:00Z
CLM000004560,MBR0000892,PRV000015,PROFESSIONAL,2026-05-27,2026-05-27,I10,DENIED,1610.06,940.96,0.00,CO50,2026-06-16,2026-07-19T06:00:00Z
CLM000004561,MBR0000945,PRV000087,PROFESSIONAL,2025-03-02,2025-03-05,E11.9,APPROVED,4332.55,3809.78,3173.84,,2025-03-12,2026-07-06T19:00:00Z
CLM000004562,MBR0000326,PRV000075,PROFESSIONAL,2025-06-08,2025-06-11,Z00.00,APPROVED,3487.18,3218.70,2839.13,,2025-06-19,2026-07-17T16:00:00Z
CLM000004563,MBR0000232,PRV000060,PROFESSIONAL,2025-07-25,2025-07-25,J45.909,APPROVED,1619.59,1220.32,1027.12,,2025-08-05,2026-07-11T20:00:00Z
CLM000004564,MBR0000468,PRV000049,PROFESSIONAL,2025-09-19,2025-09-20,M54.50,APPROVED,6729.19,3917.99,3204.22,,2025-09-30,2026-07-03T20:00:00Z
CLM000004565,MBR0000113,PRV000061,PROFESSIONAL,2025-11-24,2025-11-26,J45.909,APPROVED,3534.66,2156.84,1874.76,,2025-12-05,2026-07-08T20:00:00Z
CLM000004566,MBR0000084,PRV000081,INSTITUTIONAL,2025-11-14,2025-11-14,I10,DENIED,2999.38,2039.41,0.00,CO50,2025-11-24,2026-07-06T11:00:00Z
CLM000004567,MBR0000476,PRV000039,PROFESSIONAL,2025-08-19,2025-08-19,E11.9,APPROVED,2669.17,1573.38,1234.55,,2025-09-08,2026-07-19T11:00:00Z
CLM000004568,MBR0000314,PRV000071,PROFESSIONAL,2025-09-27,2025-09-27,J45.909,APPROVED,2556.58,1832.84,1681.68,,2025-10-06,2026-07-12T15:00:00Z
CLM000004569,MBR0000932,PRV000022,INSTITUTIONAL,2026-05-08,2026-05-11,M54.50,APPROVED,382.80,241.81,162.59,,2026-05-26,2026-07-02T15:00:00Z
CLM000004570,MBR0000943,PRV000091,INSTITUTIONAL,2025-01-23,2025-01-25,Z00.00,APPROVED,319.42,214.39,175.02,,2025-02-02,2026-07-04T19:00:00Z
CLM000004571,MBR0000897,PRV000049,INSTITUTIONAL,2025-06-07,2025-06-08,N39.0,PENDING,383.27,311.76,0.00,,2025-06-19,2026-07-08T18:00:00Z
CLM000004572,MBR0000461,PRV000100,INSTITUTIONAL,2025-12-14,2025-12-17,J45.909,APPROVED,1886.40,1191.93,1184.25,,2026-01-02,2026-07-10T05:00:00Z
CLM000004573,MBR0000091,PRV000033,INSTITUTIONAL,2026-04-11,2026-04-13,J45.909,APPROVED,3105.11,2390.35,1916.73,,2026-04-18,2026-07-15T00:00:00Z
CLM000004574,MBR0000657,PRV000021,INSTITUTIONAL,2025-02-07,2025-02-07,J45.909,DENIED,1509.95,1004.24,0.00,CO97,2025-02-10,2026-07-06T18:00:00Z
CLM000004575,MBR0000706,PRV000063,INSTITUTIONAL,2025-04-11,2025-04-12,E11.9,APPROVED,4637.77,3115.58,2069.96,,2025-04-26,2026-07-03T12:00:00Z
CLM000004576,MBR0000918,PRV000012,PROFESSIONAL,2025-09-21,2025-09-21,J45.909,APPROVED,3776.12,3392.36,2408.28,,2025-10-03,2026-07-17T09:00:00Z
CLM000004577,MBR0000451,PRV000045,INSTITUTIONAL,2026-06-07,2026-06-10,J45.909,APPROVED,1318.72,1178.99,1122.53,,2026-06-12,2026-07-05T00:00:00Z
CLM000004578,MBR0000176,PRV000053,PROFESSIONAL,2025-06-27,2025-06-27,N39.0,APPROVED,3947.86,2816.05,1983.04,,2025-06-28,2026-07-02T05:00:00Z
CLM000004579,MBR0000902,PRV000031,INSTITUTIONAL,2026-02-11,2026-02-14,M54.50,APPROVED,3556.51,2824.01,2566.58,,2026-02-14,2026-07-14T06:00:00Z
CLM000004580,MBR0000554,PRV000006,INSTITUTIONAL,2025-02-23,2025-02-23,I10,APPROVED,1519.77,954.79,681.21,,2025-03-02,2026-07-19T16:00:00Z
CLM000004581,MBR0000439,PRV000028,INSTITUTIONAL,2025-07-24,2025-07-25,M54.50,PENDING,2076.58,1913.08,0.00,,2025-08-07,2026-07-03T08:00:00Z
CLM000004582,MBR0000595,PRV000099,PROFESSIONAL,2025-05-08,2025-05-10,I10,APPROVED,3720.91,2862.31,2551.55,,2025-05-25,2026-07-16T13:00:00Z
CLM000004583,MBR0000587,PRV000021,INSTITUTIONAL,2026-06-18,2026-06-18,Z00.00,DENIED,2824.76,2017.52,0.00,CO16,2026-06-19,2026-07-05T20:00:00Z
CLM000004584,MBR0000427,PRV000074,PROFESSIONAL,2025-03-18,2025-03-21,N39.0,APPROVED,5214.20,3528.00,3104.12,,2025-04-05,2026-07-15T14:00:00Z
CLM000004585,MBR0000807,PRV000052,PROFESSIONAL,2025-11-13,2025-11-16,J45.909,DENIED,3992.94,2894.74,0.00,CO50,2025-11-27,2026-07-15T08:00:00Z
CLM000004586,MBR0000116,PRV000041,PROFESSIONAL,2026-02-12,2026-02-13,I10,APPROVED,3695.74,2839.47,2361.68,,2026-02-15,2026-07-16T11:00:00Z
CLM000004587,MBR0000908,PRV000094,INSTITUTIONAL,2025-02-07,2025-02-09,E11.9,PENDING,1635.49,1046.69,0.00,,2025-02-27,2026-07-18T12:00:00Z
CLM000004588,MBR0000792,PRV000036,INSTITUTIONAL,2026-06-07,2026-06-07,J45.909,APPROVED,1764.22,1364.61,1273.94,,2026-06-27,2026-07-13T01:00:00Z
CLM000004589,MBR0000792,PRV000032,INSTITUTIONAL,2025-11-08,2025-11-10,N39.0,APPROVED,5181.93,3612.28,2873.29,,2025-11-17,2026-07-16T11:00:00Z
CLM000004590,MBR0000900,PRV000099,INSTITUTIONAL,2025-08-13,2025-08-16,E11.9,APPROVED,1026.56,653.35,437.97,,2025-08-17,2026-07-12T05:00:00Z
CLM000004591,MBR0000958,PRV000053,PROFESSIONAL,2025-07-02,2025-07-03,Z00.00,APPROVED,6975.10,3918.66,3296.40,,2025-07-19,2026-07-11T22:00:00Z
CLM000004592,MBR0000362,PRV000081,PROFESSIONAL,2025-04-03,2025-04-03,I10,APPROVED,1820.83,1479.14,1112.02,,2025-04-11,2026-07-08T15:00:00Z
CLM000004593,MBR0000594,PRV000040,INSTITUTIONAL,2026-04-08,2026-04-11,J45.909,APPROVED,3815.41,3373.79,2679.73,,2026-04-11,2026-07-16T02:00:00Z
CLM000004594,MBR0000846,PRV000044,PROFESSIONAL,2025-06-26,2025-06-28,J45.909,APPROVED,4073.22,3302.35,2258.83,,2025-07-02,2026-07-06T22:00:00Z
CLM000004595,MBR0000806,PRV000004,PROFESSIONAL,2025-09-27,2025-09-27,Z00.00,APPROVED,891.28,628.69,424.38,,2025-10-04,2026-07-11T05:00:00Z
CLM000004596,MBR0000059,PRV000006,PROFESSIONAL,2025-02-14,2025-02-14,Z00.00,APPROVED,5591.00,3306.94,2246.45,,2025-02-26,2026-07-02T08:00:00Z
CLM000004597,MBR0000363,PRV000100,INSTITUTIONAL,2026-02-26,2026-02-28,M54.50,APPROVED,3089.76,2499.24,2061.46,,2026-03-06,2026-07-16T11:00:00Z
CLM000004598,MBR0000480,PRV000037,PROFESSIONAL,2025-03-17,2025-03-17,N39.0,APPROVED,4303.25,3521.18,3424.80,,2025-03-27,2026-07-17T23:00:00Z
CLM000004599,MBR0000170,PRV000036,PROFESSIONAL,2025-04-29,2025-04-30,E11.9,DENIED,5328.26,3624.49,0.00,CO50,2025-05-14,2026-07-01T18:00:00Z
CLM000004600,MBR0000421,PRV000070,PROFESSIONAL,2025-09-09,2025-09-09,E11.9,APPROVED,1243.76,694.16,581.78,,2025-09-19,2026-07-08T07:00:00Z
CLM000004601,MBR0000598,PRV000022,PROFESSIONAL,2025-03-06,2025-03-06,Z00.00,APPROVED,3972.40,2262.84,1646.20,,2025-03-09,2026-07-08T20:00:00Z
CLM000004602,MBR0000254,PRV000062,INSTITUTIONAL,2025-08-29,2025-08-30,J45.909,APPROVED,6184.41,3729.67,3430.49,,2025-09-18,2026-07-19T20:00:00Z
CLM000004603,MBR0000051,PRV000021,INSTITUTIONAL,2025-04-21,2025-04-21,M54.50,APPROVED,3484.36,2476.10,2135.12,,2025-05-02,2026-07-01T10:00:00Z
CLM000004604,MBR0000956,PRV000024,PROFESSIONAL,2026-01-25,2026-01-27,M54.50,APPROVED,1578.37,1409.85,1101.70,,2026-02-10,2026-07-13T23:00:00Z
CLM000004605,MBR0000014,PRV000028,PROFESSIONAL,2025-08-23,2025-08-23,N39.0,APPROVED,4463.83,3508.95,2885.29,,2025-08-28,2026-07-09T21:00:00Z
CLM000004606,MBR0000804,PRV000086,INSTITUTIONAL,2025-04-07,2025-04-07,Z00.00,APPROVED,3363.79,2528.67,2097.99,,2025-04-13,2026-07-05T07:00:00Z
CLM000004607,MBR0000639,PRV000015,INSTITUTIONAL,2026-06-18,2026-06-18,M54.50,APPROVED,1417.70,1079.23,779.12,,2026-06-20,2026-07-20T09:00:00Z
CLM000004608,MBR0000496,PRV000024,INSTITUTIONAL,2025-10-29,2025-10-31,M54.50,APPROVED,5416.46,3103.29,2731.82,,2025-10-30,2026-07-01T19:00:00Z
CLM000004609,MBR0000110,PRV000057,INSTITUTIONAL,2025-12-18,2025-12-21,Z00.00,APPROVED,2324.25,1637.37,1170.19,,2026-01-01,2026-07-03T20:00:00Z
CLM000004610,MBR0000439,PRV000044,INSTITUTIONAL,2025-05-12,2025-05-13,E11.9,APPROVED,3375.30,1989.85,1892.44,,2025-05-23,2026-07-07T12:00:00Z
CLM000004611,MBR0000219,PRV000081,PROFESSIONAL,2025-09-16,2025-09-18,E11.9,APPROVED,460.39,380.67,270.71,,2025-09-22,2026-07-06T18:00:00Z
CLM000004612,MBR0000399,PRV000045,PROFESSIONAL,2025-10-25,2025-10-26,Z00.00,APPROVED,1317.28,1153.72,848.81,,2025-11-07,2026-07-17T07:00:00Z
CLM000004613,MBR0000300,PRV000083,INSTITUTIONAL,2026-06-05,2026-06-05,N39.0,APPROVED,466.58,395.90,312.33,,2026-06-20,2026-07-08T23:00:00Z
CLM000004614,MBR0000697,PRV000020,INSTITUTIONAL,2025-09-07,2025-09-09,N39.0,APPROVED,1427.74,941.34,843.33,,2025-09-19,2026-07-19T12:00:00Z
CLM000004615,MBR0000504,PRV000019,PROFESSIONAL,2025-10-14,2025-10-14,M54.50,APPROVED,5966.73,3816.77,2997.31,,2025-10-18,2026-07-12T01:00:00Z
CLM000004616,MBR0000499,PRV000033,PROFESSIONAL,2025-04-25,2025-04-25,E11.9,APPROVED,464.93,402.98,339.81,,2025-05-15,2026-07-06T21:00:00Z
CLM000004617,MBR0000244,PRV000010,PROFESSIONAL,2025-10-29,2025-10-30,N39.0,APPROVED,3533.17,2989.03,2871.68,,2025-11-06,2026-07-20T07:00:00Z
CLM000004618,MBR0000170,PRV000003,INSTITUTIONAL,2025-09-24,2025-09-24,I10,APPROVED,4438.15,3651.21,2913.35,,2025-10-14,2026-07-10T08:00:00Z
CLM000004619,MBR0000620,PRV000033,INSTITUTIONAL,2026-01-23,2026-01-24,M54.50,PENDING,3961.16,2246.41,0.00,,2026-02-10,2026-07-04T23:00:00Z
CLM000004620,MBR0000054,PRV000016,INSTITUTIONAL,2025-11-11,2025-11-14,J45.909,DENIED,2550.15,1644.91,0.00,CO97,2025-11-28,2026-07-09T03:00:00Z
CLM000004621,MBR0000591,PRV000095,PROFESSIONAL,2026-03-31,2026-04-03,Z00.00,APPROVED,4518.91,3975.69,3785.12,,2026-04-08,2026-07-15T21:00:00Z
CLM000004622,MBR0000606,PRV000049,PROFESSIONAL,2026-06-22,2026-06-24,Z00.00,APPROVED,4405.86,3408.80,2712.60,,2026-07-07,2026-07-17T05:00:00Z
CLM000004623,MBR0000830,PRV000059,PROFESSIONAL,2026-02-26,2026-02-28,N39.0,APPROVED,1973.51,1126.00,822.64,,2026-02-28,2026-07-09T08:00:00Z
CLM000004624,MBR0000135,PRV000062,INSTITUTIONAL,2026-02-06,2026-02-08,E11.9,APPROVED,3105.26,1917.69,1526.06,,2026-02-24,2026-07-16T03:00:00Z
CLM000004625,MBR0000967,PRV000048,INSTITUTIONAL,2025-05-30,2025-06-01,I10,DENIED,2274.57,1551.16,0.00,CO16,2025-06-11,2026-07-19T11:00:00Z
CLM000004626,MBR0000832,PRV000020,INSTITUTIONAL,2025-02-03,2025-02-03,J45.909,APPROVED,2531.41,2028.73,1754.63,,2025-02-07,2026-07-12T00:00:00Z
CLM000004627,MBR0000312,PRV000087,PROFESSIONAL,2025-10-24,2025-10-24,N39.0,APPROVED,994.03,632.17,575.55,,2025-11-02,2026-07-12T20:00:00Z
CLM000004628,MBR0000210,PRV000051,PROFESSIONAL,2025-08-29,2025-08-30,J45.909,APPROVED,5261.27,3789.70,3781.23,,2025-09-10,2026-07-08T01:00:00Z
CLM000004629,MBR0000084,PRV000014,INSTITUTIONAL,2026-06-30,2026-07-03,I10,DENIED,2210.67,1246.12,0.00,CO16,2026-07-06,2026-07-01T15:00:00Z
CLM000004630,MBR0000155,PRV000008,PROFESSIONAL,2026-06-05,2026-06-08,N39.0,APPROVED,4938.87,2953.23,2787.57,,2026-06-19,2026-07-16T00:00:00Z
CLM000004631,MBR0000017,PRV000006,INSTITUTIONAL,2026-01-21,2026-01-23,I10,APPROVED,3949.94,3268.18,3175.12,,2026-01-31,2026-07-12T11:00:00Z
CLM000004632,MBR0000311,PRV000033,INSTITUTIONAL,2026-03-27,2026-03-28,Z00.00,DENIED,4701.70,3705.92,0.00,CO50,2026-04-07,2026-07-07T11:00:00Z
CLM000004633,MBR0000132,PRV000066,INSTITUTIONAL,2025-04-01,2025-04-03,N39.0,APPROVED,2365.72,1405.81,1325.28,,2025-04-15,2026-07-06T18:00:00Z
CLM000004634,MBR0000250,PRV000053,PROFESSIONAL,2025-09-05,2025-09-05,J45.909,APPROVED,4107.03,2328.93,2206.11,,2025-09-19,2026-07-18T06:00:00Z
CLM000004635,MBR0000314,PRV000094,PROFESSIONAL,2026-02-09,2026-02-09,M54.50,APPROVED,4015.32,3247.77,3170.65,,2026-02-17,2026-07-20T23:00:00Z
CLM000004636,MBR0000092,PRV000045,PROFESSIONAL,2025-03-21,2025-03-21,I10,APPROVED,1739.06,1386.67,1069.64,,2025-03-28,2026-07-13T01:00:00Z
CLM000004637,MBR0000220,PRV000017,INSTITUTIONAL,2025-07-25,2025-07-26,N39.0,APPROVED,5335.85,3311.12,3022.16,,2025-08-05,2026-07-20T05:00:00Z
CLM000004638,MBR0000813,PRV000006,PROFESSIONAL,2026-06-14,2026-06-16,I10,APPROVED,5297.46,3382.68,2789.55,,2026-06-15,2026-07-07T00:00:00Z
CLM000004639,MBR0000283,PRV000023,INSTITUTIONAL,2025-05-12,2025-05-14,E11.9,DENIED,4089.58,2376.81,0.00,CO16,2025-05-27,2026-07-08T20:00:00Z
CLM000004640,MBR0000023,PRV000008,INSTITUTIONAL,2025-09-21,2025-09-22,M54.50,APPROVED,991.86,763.29,528.04,,2025-09-30,2026-07-09T06:00:00Z
CLM000004641,MBR0000780,PRV000025,PROFESSIONAL,2025-03-18,2025-03-20,I10,APPROVED,613.66,510.13,453.01,,2025-04-07,2026-07-08T20:00:00Z
CLM000004642,MBR0000777,PRV000038,INSTITUTIONAL,2026-01-27,2026-01-29,E11.9,APPROVED,3062.54,1702.07,1320.55,,2026-02-15,2026-07-01T10:00:00Z
CLM000004643,MBR0000709,PRV000025,INSTITUTIONAL,2025-05-11,2025-05-14,Z00.00,APPROVED,576.29,477.68,447.25,,2025-05-12,2026-07-13T23:00:00Z
CLM000004644,MBR0000313,PRV000077,INSTITUTIONAL,2025-03-04,2025-03-06,J45.909,APPROVED,2054.23,1766.95,1709.90,,2025-03-07,2026-07-07T02:00:00Z
CLM000004645,MBR0000394,PRV000096,PROFESSIONAL,2026-01-22,2026-01-22,J45.909,APPROVED,1609.80,969.95,927.98,,2026-01-26,2026-07-02T01:00:00Z
CLM000004646,MBR0000232,PRV000013,PROFESSIONAL,2025-03-07,2025-03-07,N39.0,APPROVED,4220.68,3026.03,2200.60,,2025-03-11,2026-07-10T12:00:00Z
CLM000004647,MBR0000252,PRV000085,INSTITUTIONAL,2026-01-11,2026-01-11,M54.50,APPROVED,4594.74,2768.49,2218.97,,2026-01-30,2026-07-06T09:00:00Z
CLM000004648,MBR0000265,PRV000063,INSTITUTIONAL,2026-04-26,2026-04-27,J45.909,PENDING,1840.97,1092.99,0.00,,2026-04-28,2026-07-08T03:00:00Z
CLM000004649,MBR0000115,PRV000082,INSTITUTIONAL,2025-03-11,2025-03-13,E11.9,DENIED,3161.92,2424.98,0.00,CO97,2025-03-14,2026-07-10T23:00:00Z
CLM000004650,MBR0000292,PRV000019,PROFESSIONAL,2026-01-02,2026-01-02,M54.50,DENIED,5574.57,3736.62,0.00,CO50,2026-01-19,2026-07-14T00:00:00Z
CLM000004651,MBR0000688,PRV000002,PROFESSIONAL,2026-03-14,2026-03-15,N39.0,APPROVED,3210.31,2220.15,1945.42,,2026-03-17,2026-07-18T11:00:00Z
CLM000004652,MBR0000405,PRV000035,PROFESSIONAL,2025-09-03,2025-09-06,Z00.00,DENIED,296.24,230.45,0.00,CO16,2025-09-11,2026-07-16T20:00:00Z
CLM000004653,MBR0000713,PRV000001,PROFESSIONAL,2025-06-17,2025-06-18,Z00.00,DENIED,941.23,742.57,0.00,CO50,2025-06-25,2026-07-17T19:00:00Z
CLM000004654,MBR0000801,PRV000057,INSTITUTIONAL,2025-04-24,2025-04-27,J45.909,APPROVED,1560.04,1101.55,905.56,,2025-05-04,2026-07-06T04:00:00Z
CLM000004655,MBR0000863,PRV000046,INSTITUTIONAL,2025-08-28,2025-08-31,I10,APPROVED,2551.22,1694.33,1511.42,,2025-09-09,2026-07-10T01:00:00Z
CLM000004656,MBR0000141,PRV000040,PROFESSIONAL,2026-04-29,2026-04-30,J45.909,APPROVED,2464.07,1585.11,1493.37,,2026-05-08,2026-07-11T19:00:00Z
CLM000004657,MBR0000359,PRV000092,PROFESSIONAL,2025-11-07,2025-11-07,M54.50,APPROVED,895.15,706.35,676.38,,2025-11-16,2026-07-14T15:00:00Z
CLM000004658,MBR0000221,PRV000028,PROFESSIONAL,2026-06-03,2026-06-05,N39.0,APPROVED,1064.64,833.46,739.36,,2026-06-09,2026-07-11T09:00:00Z
CLM000004659,MBR0000006,PRV000035,INSTITUTIONAL,2025-01-17,2025-01-17,N39.0,APPROVED,3547.27,2119.14,1715.45,,2025-02-04,2026-07-17T09:00:00Z
CLM000004660,MBR0000973,PRV000067,PROFESSIONAL,2025-06-25,2025-06-26,M54.50,APPROVED,2599.78,1650.70,1410.37,,2025-07-14,2026-07-01T23:00:00Z
CLM000004661,MBR0000190,PRV000062,PROFESSIONAL,2025-04-28,2025-04-29,I10,APPROVED,3069.06,2626.55,2207.16,,2025-05-14,2026-07-10T04:00:00Z
CLM000004662,MBR0000801,PRV000055,PROFESSIONAL,2026-04-16,2026-04-18,N39.0,APPROVED,3074.31,2001.07,1845.99,,2026-04-27,2026-07-05T09:00:00Z
CLM000004663,MBR0000605,PRV000009,INSTITUTIONAL,2025-10-29,2025-11-01,N39.0,APPROVED,5802.17,3267.27,3059.14,,2025-10-30,2026-07-03T17:00:00Z
CLM000004664,MBR0000436,PRV000026,PROFESSIONAL,2025-08-13,2025-08-14,E11.9,PENDING,312.35,250.70,0.00,,2025-08-18,2026-07-07T11:00:00Z
CLM000004665,MBR0000312,PRV000033,INSTITUTIONAL,2025-03-10,2025-03-13,Z00.00,APPROVED,3593.65,2106.71,1379.00,,2025-03-13,2026-07-03T07:00:00Z
CLM000004666,MBR0000976,PRV000024,INSTITUTIONAL,2026-06-13,2026-06-16,J45.909,PENDING,858.33,525.96,0.00,,2026-06-22,2026-07-12T06:00:00Z
CLM000004667,MBR0000884,PRV000025,PROFESSIONAL,2025-08-19,2025-08-21,J45.909,APPROVED,5000.70,3751.38,3300.01,,2025-09-06,2026-07-07T02:00:00Z
CLM000004668,MBR0000690,PRV000038,PROFESSIONAL,2026-03-26,2026-03-28,I10,APPROVED,76.79,68.66,67.47,,2026-04-01,2026-07-19T18:00:00Z
CLM000004669,MBR0000249,PRV000014,PROFESSIONAL,2026-05-16,2026-05-19,E11.9,APPROVED,172.54,128.16,116.16,,2026-05-20,2026-07-18T02:00:00Z
CLM000004670,MBR0000975,PRV000036,PROFESSIONAL,2025-08-18,2025-08-20,M54.50,APPROVED,5245.87,3006.98,2625.50,,2025-09-01,2026-07-08T15:00:00Z
CLM000004671,MBR0000281,PRV000061,INSTITUTIONAL,2025-03-21,2025-03-22,N39.0,APPROVED,743.07,642.96,522.96,,2025-04-05,2026-07-08T12:00:00Z
CLM000004672,MBR0000447,PRV000070,PROFESSIONAL,2025-06-22,2025-06-24,I10,APPROVED,2835.78,2246.32,2122.78,,2025-06-29,2026-07-13T09:00:00Z
CLM000004673,MBR0000989,PRV000012,INSTITUTIONAL,2025-11-22,2025-11-22,I10,APPROVED,2433.63,1419.16,1183.81,,2025-11-30,2026-07-14T14:00:00Z
CLM000004674,MBR0000658,PRV000066,PROFESSIONAL,2026-02-06,2026-02-07,N39.0,APPROVED,2336.18,2088.24,1596.52,,2026-02-17,2026-07-08T19:00:00Z
CLM000004675,MBR0000669,PRV000066,INSTITUTIONAL,2025-06-29,2025-07-01,M54.50,APPROVED,1246.60,823.43,681.44,,2025-07-09,2026-07-16T01:00:00Z
CLM000004676,MBR0000691,PRV000088,PROFESSIONAL,2026-02-12,2026-02-15,J45.909,APPROVED,50.08,45.21,42.71,,2026-02-25,2026-07-16T20:00:00Z
CLM000004677,MBR0000824,PRV000085,INSTITUTIONAL,2025-06-22,2025-06-23,J45.909,DENIED,4267.41,2381.51,0.00,CO16,2025-07-02,2026-07-07T03:00:00Z
CLM000004678,MBR0000246,PRV000013,INSTITUTIONAL,2025-02-04,2025-02-04,M54.50,APPROVED,4607.52,2700.72,1998.77,,2025-02-06,2026-07-07T03:00:00Z
CLM000004679,MBR0000052,PRV000056,PROFESSIONAL,2025-05-16,2025-05-18,M54.50,APPROVED,2246.00,1452.01,1345.12,,2025-05-21,2026-07-06T09:00:00Z
CLM000004680,MBR0000102,PRV000096,PROFESSIONAL,2025-05-13,2025-05-13,Z00.00,APPROVED,158.12,106.48,80.18,,2025-05-25,2026-07-09T06:00:00Z
CLM000004681,MBR0000392,PRV000078,PROFESSIONAL,2025-06-15,2025-06-15,M54.50,APPROVED,4508.10,3752.08,3389.92,,2025-07-05,2026-07-01T00:00:00Z
CLM000004682,MBR0000159,PRV000059,PROFESSIONAL,2025-07-17,2025-07-17,M54.50,DENIED,5901.32,3303.70,0.00,CO50,2025-07-31,2026-07-03T15:00:00Z
CLM000004683,MBR0000900,PRV000076,INSTITUTIONAL,2026-06-10,2026-06-11,E11.9,APPROVED,1643.09,1219.71,883.15,,2026-06-25,2026-07-11T12:00:00Z
CLM000004684,MBR0000352,PRV000026,INSTITUTIONAL,2025-03-07,2025-03-08,I10,APPROVED,2848.98,1678.19,1284.21,,2025-03-13,2026-07-07T15:00:00Z
CLM000004685,MBR0000075,PRV000096,PROFESSIONAL,2025-11-05,2025-11-06,M54.50,APPROVED,1102.55,696.66,687.18,,2025-11-16,2026-07-12T16:00:00Z
CLM000004686,MBR0000583,PRV000065,PROFESSIONAL,2025-12-04,2025-12-07,J45.909,APPROVED,6526.64,3791.53,2635.19,,2025-12-20,2026-07-14T16:00:00Z
CLM000004687,MBR0000344,PRV000079,PROFESSIONAL,2025-02-07,2025-02-08,J45.909,APPROVED,6400.20,3831.81,3593.22,,2025-02-18,2026-07-08T08:00:00Z
CLM000004688,MBR0000285,PRV000059,PROFESSIONAL,2025-09-11,2025-09-14,E11.9,APPROVED,3510.31,2547.08,2443.78,,2025-09-30,2026-07-13T15:00:00Z
CLM000004689,MBR0000317,PRV000059,INSTITUTIONAL,2025-02-27,2025-03-01,J45.909,APPROVED,952.04,589.79,453.81,,2025-03-07,2026-07-19T00:00:00Z
CLM000004690,MBR0000256,PRV000038,PROFESSIONAL,2026-05-28,2026-05-30,Z00.00,DENIED,1300.40,913.15,0.00,CO97,2026-06-15,2026-07-05T21:00:00Z
CLM000004691,MBR0000039,PRV000021,INSTITUTIONAL,2026-02-02,2026-02-04,Z00.00,APPROVED,2236.07,1359.19,1005.29,,2026-02-20,2026-07-12T02:00:00Z
CLM000004692,MBR0000050,PRV000042,PROFESSIONAL,2025-08-27,2025-08-30,E11.9,APPROVED,2594.82,1738.23,1473.14,,2025-08-29,2026-07-12T16:00:00Z
CLM000004693,MBR0001000,PRV000006,PROFESSIONAL,2025-10-17,2025-10-18,E11.9,APPROVED,1457.74,927.71,872.95,,2025-11-05,2026-07-01T23:00:00Z
CLM000004694,MBR0000472,PRV000060,INSTITUTIONAL,2025-08-14,2025-08-15,N39.0,APPROVED,349.87,246.36,177.94,,2025-08-30,2026-07-05T08:00:00Z
CLM000004695,MBR0000545,PRV000021,INSTITUTIONAL,2025-10-08,2025-10-09,J45.909,APPROVED,486.45,398.07,303.48,,2025-10-26,2026-07-10T09:00:00Z
CLM000004696,MBR0000916,PRV000036,INSTITUTIONAL,2025-12-28,2025-12-29,Z00.00,APPROVED,3215.84,2724.50,2554.39,,2026-01-14,2026-07-15T14:00:00Z
CLM000004697,MBR0000302,PRV000062,PROFESSIONAL,2026-02-24,2026-02-27,M54.50,APPROVED,4401.10,3690.74,3406.23,,2026-03-15,2026-07-02T04:00:00Z
CLM000004698,MBR0000370,PRV000027,PROFESSIONAL,2025-03-24,2025-03-26,E11.9,APPROVED,1424.14,804.46,700.41,,2025-04-13,2026-07-18T23:00:00Z
CLM000004699,MBR0000704,PRV000084,INSTITUTIONAL,2025-02-13,2025-02-13,J45.909,APPROVED,2741.57,1916.29,1365.48,,2025-02-16,2026-07-04T05:00:00Z
CLM000004700,MBR0000112,PRV000085,INSTITUTIONAL,2026-04-18,2026-04-18,Z00.00,APPROVED,5664.75,3525.32,2971.96,,2026-04-23,2026-07-01T17:00:00Z
CLM000004701,MBR0000824,PRV000066,INSTITUTIONAL,2025-02-22,2025-02-24,N39.0,APPROVED,4294.58,3010.63,2724.58,,2025-03-05,2026-07-10T10:00:00Z
CLM000004702,MBR0000682,PRV000079,INSTITUTIONAL,2025-08-17,2025-08-20,M54.50,APPROVED,6150.01,3463.81,2881.01,,2025-08-26,2026-07-12T22:00:00Z
CLM000004703,MBR0000706,PRV000062,INSTITUTIONAL,2025-10-09,2025-10-11,M54.50,PENDING,3725.79,2101.25,0.00,,2025-10-14,2026-07-12T11:00:00Z
CLM000004704,MBR0000022,PRV000047,INSTITUTIONAL,2026-01-03,2026-01-06,I10,DENIED,3892.23,3167.34,0.00,CO50,2026-01-11,2026-07-07T16:00:00Z
CLM000004705,MBR0000268,PRV000034,PROFESSIONAL,2025-09-18,2025-09-21,I10,APPROVED,1958.88,1847.81,1357.51,,2025-09-23,2026-07-06T04:00:00Z
CLM000004706,MBR0000674,PRV000095,PROFESSIONAL,2025-12-28,2025-12-29,E11.9,PENDING,2969.70,1661.27,0.00,,2025-12-29,2026-07-13T14:00:00Z
CLM000004707,MBR0000807,PRV000087,INSTITUTIONAL,2026-03-02,2026-03-03,M54.50,APPROVED,382.14,360.79,320.99,,2026-03-07,2026-07-19T10:00:00Z
CLM000004708,MBR0000400,PRV000042,INSTITUTIONAL,2025-06-18,2025-06-21,E11.9,APPROVED,2601.16,2139.13,1509.19,,2025-06-26,2026-07-05T17:00:00Z
CLM000004709,MBR0000118,PRV000033,PROFESSIONAL,2025-10-29,2025-10-30,N39.0,DENIED,508.21,400.68,0.00,CO16,2025-11-08,2026-07-20T12:00:00Z
CLM000004710,MBR0000512,PRV000056,INSTITUTIONAL,2025-10-18,2025-10-21,J45.909,APPROVED,1342.38,1198.13,1014.15,,2025-10-24,2026-07-10T14:00:00Z
CLM000004711,MBR0000761,PRV000018,PROFESSIONAL,2025-10-10,2025-10-13,I10,APPROVED,1763.54,1530.18,1234.46,,2025-10-16,2026-07-14T21:00:00Z
CLM000004712,MBR0000728,PRV000026,PROFESSIONAL,2025-03-18,2025-03-20,Z00.00,PENDING,1457.62,1200.59,0.00,,2025-03-19,2026-07-06T23:00:00Z
CLM000004713,MBR0000405,PRV000025,PROFESSIONAL,2025-10-20,2025-10-21,E11.9,APPROVED,4674.16,2861.72,2132.72,,2025-10-27,2026-07-03T11:00:00Z
CLM000004714,MBR0000485,PRV000005,INSTITUTIONAL,2026-03-29,2026-03-30,Z00.00,APPROVED,1732.53,1327.62,1188.71,,2026-04-08,2026-07-15T16:00:00Z
CLM000004715,MBR0000871,PRV000051,PROFESSIONAL,2025-04-26,2025-04-27,M54.50,APPROVED,2645.70,1885.51,1592.39,,2025-05-16,2026-07-20T17:00:00Z
CLM000004716,MBR0000689,PRV000086,PROFESSIONAL,2025-08-15,2025-08-15,J45.909,APPROVED,3642.01,2041.65,1762.46,,2025-09-02,2026-07-06T12:00:00Z
CLM000004717,MBR0000463,PRV000041,PROFESSIONAL,2025-08-04,2025-08-07,Z00.00,APPROVED,4083.55,3351.70,2905.10,,2025-08-12,2026-07-01T21:00:00Z
CLM000004718,MBR0000886,PRV000046,PROFESSIONAL,2025-11-22,2025-11-22,N39.0,APPROVED,1245.36,865.26,774.00,,2025-12-08,2026-07-14T08:00:00Z
CLM000004719,MBR0000166,PRV000008,INSTITUTIONAL,2025-12-22,2025-12-22,I10,APPROVED,2576.96,1993.96,1433.54,,2025-12-24,2026-07-08T02:00:00Z
CLM000004720,MBR0000433,PRV000010,INSTITUTIONAL,2025-06-12,2025-06-14,J45.909,PENDING,3800.32,3525.22,0.00,,2025-06-23,2026-07-20T10:00:00Z
CLM000004721,MBR0000619,PRV000050,INSTITUTIONAL,2025-03-28,2025-03-31,I10,APPROVED,4236.69,2362.11,2349.23,,2025-04-12,2026-07-17T20:00:00Z
CLM000004722,MBR0000271,PRV000062,PROFESSIONAL,2025-03-16,2025-03-18,E11.9,APPROVED,4078.57,3337.31,2652.63,,2025-03-23,2026-07-12T19:00:00Z
CLM000004723,MBR0000192,PRV000087,INSTITUTIONAL,2025-01-14,2025-01-15,I10,APPROVED,6058.47,3637.40,2716.51,,2025-01-23,2026-07-07T11:00:00Z
CLM000004724,MBR0000329,PRV000016,PROFESSIONAL,2026-03-24,2026-03-24,J45.909,APPROVED,1220.25,770.99,595.86,,2026-04-09,2026-07-02T21:00:00Z
CLM000004725,MBR0000435,PRV000054,PROFESSIONAL,2025-08-18,2025-08-21,Z00.00,APPROVED,1296.67,1181.77,989.24,,2025-08-23,2026-07-02T05:00:00Z
CLM000004726,MBR0000045,PRV000057,PROFESSIONAL,2025-01-22,2025-01-23,J45.909,APPROVED,5196.90,3680.22,3339.24,,2025-02-02,2026-07-04T17:00:00Z
CLM000004727,MBR0000079,PRV000005,INSTITUTIONAL,2026-06-02,2026-06-02,N39.0,APPROVED,2908.07,1729.82,1567.26,,2026-06-10,2026-07-07T05:00:00Z
CLM000004728,MBR0000490,PRV000091,INSTITUTIONAL,2025-11-24,2025-11-26,J45.909,APPROVED,1178.07,1107.71,915.90,,2025-12-11,2026-07-01T15:00:00Z
CLM000004729,MBR0000944,PRV000057,INSTITUTIONAL,2025-09-26,2025-09-26,Z00.00,APPROVED,1858.03,1204.27,785.60,,2025-10-01,2026-07-01T13:00:00Z
CLM000004730,MBR0000393,PRV000055,INSTITUTIONAL,2026-05-06,2026-05-08,J45.909,APPROVED,1147.27,775.11,677.38,,2026-05-09,2026-07-17T15:00:00Z
CLM000004731,MBR0000821,PRV000054,PROFESSIONAL,2025-06-06,2025-06-06,E11.9,APPROVED,2592.36,2195.67,2064.58,,2025-06-15,2026-07-10T14:00:00Z
CLM000004732,MBR0000439,PRV000037,INSTITUTIONAL,2025-09-17,2025-09-20,J45.909,APPROVED,4097.76,2908.14,2550.18,,2025-10-05,2026-07-07T12:00:00Z
CLM000004733,MBR0000457,PRV000049,PROFESSIONAL,2025-07-16,2025-07-17,J45.909,APPROVED,5992.73,3791.92,3245.21,,2025-07-25,2026-07-02T08:00:00Z
CLM000004734,MBR0000468,PRV000067,INSTITUTIONAL,2025-12-07,2025-12-09,N39.0,DENIED,2167.88,1640.38,0.00,CO97,2025-12-19,2026-07-07T12:00:00Z
CLM000004735,MBR0000778,PRV000097,PROFESSIONAL,2026-05-11,2026-05-11,J45.909,APPROVED,3552.79,2956.21,2363.94,,2026-05-19,2026-07-20T15:00:00Z
CLM000004736,MBR0000547,PRV000019,INSTITUTIONAL,2025-03-12,2025-03-14,E11.9,APPROVED,1603.77,945.11,624.35,,2025-03-14,2026-07-20T03:00:00Z
CLM000004737,MBR0000875,PRV000036,INSTITUTIONAL,2025-05-31,2025-06-03,J45.909,APPROVED,4901.97,3557.00,2536.01,,2025-06-11,2026-07-16T10:00:00Z
CLM000004738,MBR0000470,PRV000079,INSTITUTIONAL,2025-02-09,2025-02-10,M54.50,APPROVED,1979.18,1317.15,949.90,,2025-02-11,2026-07-20T22:00:00Z
CLM000004739,MBR0000815,PRV000047,INSTITUTIONAL,2025-10-19,2025-10-22,Z00.00,DENIED,3890.16,2445.98,0.00,CO50,2025-11-06,2026-07-18T07:00:00Z
CLM000004740,MBR0000602,PRV000100,INSTITUTIONAL,2025-03-05,2025-03-08,I10,APPROVED,5074.14,3656.86,3366.30,,2025-03-07,2026-07-15T22:00:00Z
CLM000004741,MBR0000847,PRV000064,PROFESSIONAL,2025-03-13,2025-03-16,E11.9,APPROVED,6071.23,3852.80,2651.70,,2025-03-19,2026-07-08T17:00:00Z
CLM000004742,MBR0000445,PRV000051,PROFESSIONAL,2025-08-15,2025-08-15,J45.909,APPROVED,1167.35,762.88,568.91,,2025-08-20,2026-07-19T18:00:00Z
CLM000004743,MBR0000515,PRV000100,PROFESSIONAL,2026-02-03,2026-02-03,N39.0,APPROVED,2963.58,2636.35,2470.43,,2026-02-22,2026-07-13T08:00:00Z
CLM000004744,MBR0000208,PRV000090,PROFESSIONAL,2025-02-23,2025-02-25,M54.50,APPROVED,4927.42,3983.09,3198.89,,2025-03-07,2026-07-10T10:00:00Z
CLM000004745,MBR0000738,PRV000035,INSTITUTIONAL,2025-08-29,2025-09-01,Z00.00,APPROVED,3306.77,2903.58,2071.83,,2025-09-17,2026-07-19T06:00:00Z
CLM000004746,MBR0000345,PRV000001,INSTITUTIONAL,2025-08-03,2025-08-05,E11.9,APPROVED,5506.97,3744.19,3511.11,,2025-08-12,2026-07-11T04:00:00Z
CLM000004747,MBR0000097,PRV000011,INSTITUTIONAL,2025-04-19,2025-04-20,M54.50,APPROVED,1412.41,1153.01,788.77,,2025-05-08,2026-07-03T21:00:00Z
CLM000004748,MBR0000781,PRV000040,INSTITUTIONAL,2026-06-27,2026-06-30,I10,APPROVED,638.45,420.48,345.92,,2026-07-12,2026-07-14T02:00:00Z
CLM000004749,MBR0000686,PRV000078,PROFESSIONAL,2025-04-01,2025-04-03,E11.9,APPROVED,952.66,839.10,607.43,,2025-04-07,2026-07-15T16:00:00Z
CLM000004750,MBR0000356,PRV000009,PROFESSIONAL,2026-04-24,2026-04-24,N39.0,APPROVED,1328.99,955.81,905.07,,2026-04-29,2026-07-10T01:00:00Z
CLM000004751,MBR0000348,PRV000011,INSTITUTIONAL,2025-01-11,2025-01-14,Z00.00,APPROVED,735.18,488.90,418.96,,2025-01-30,2026-07-04T17:00:00Z
CLM000004752,MBR0000122,PRV000042,PROFESSIONAL,2026-05-10,2026-05-10,E11.9,APPROVED,4980.10,2805.79,1976.80,,2026-05-29,2026-07-07T21:00:00Z
CLM000004753,MBR0000667,PRV000077,INSTITUTIONAL,2025-06-09,2025-06-09,E11.9,APPROVED,6369.43,3728.27,3559.56,,2025-06-12,2026-07-01T14:00:00Z
CLM000004754,MBR0000574,PRV000080,INSTITUTIONAL,2026-01-06,2026-01-09,I10,APPROVED,5022.55,3085.05,2582.19,,2026-01-11,2026-07-20T07:00:00Z
CLM000004755,MBR0000952,PRV000073,INSTITUTIONAL,2025-09-26,2025-09-29,I10,APPROVED,1264.03,1202.41,1133.61,,2025-10-01,2026-07-01T09:00:00Z
CLM000004756,MBR0000757,PRV000040,INSTITUTIONAL,2025-07-28,2025-07-30,I10,APPROVED,1050.36,669.60,625.94,,2025-08-14,2026-07-08T07:00:00Z
CLM000004757,MBR0000371,PRV000093,INSTITUTIONAL,2025-12-26,2025-12-29,Z00.00,APPROVED,1822.38,1235.81,894.83,,2026-01-13,2026-07-06T17:00:00Z
CLM000004758,MBR0000906,PRV000084,INSTITUTIONAL,2025-02-24,2025-02-24,N39.0,APPROVED,1004.60,600.27,496.90,,2025-02-28,2026-07-07T19:00:00Z
CLM000004759,MBR0000511,PRV000034,INSTITUTIONAL,2026-02-24,2026-02-25,E11.9,APPROVED,4426.28,3096.56,2486.56,,2026-03-03,2026-07-11T17:00:00Z
CLM000004760,MBR0000533,PRV000050,PROFESSIONAL,2025-10-06,2025-10-07,I10,APPROVED,5096.96,3107.92,2706.98,,2025-10-17,2026-07-17T12:00:00Z
CLM000004761,MBR0000333,PRV000094,INSTITUTIONAL,2025-04-13,2025-04-15,E11.9,APPROVED,1927.92,1576.80,1246.80,,2025-04-29,2026-07-16T04:00:00Z
CLM000004762,MBR0000415,PRV000095,PROFESSIONAL,2025-02-12,2025-02-13,Z00.00,APPROVED,851.98,566.71,482.64,,2025-02-21,2026-07-06T17:00:00Z
CLM000004763,MBR0000617,PRV000021,PROFESSIONAL,2026-01-14,2026-01-17,E11.9,APPROVED,4053.66,3176.40,2773.27,,2026-01-24,2026-07-10T18:00:00Z
CLM000004764,MBR0000177,PRV000021,INSTITUTIONAL,2025-01-17,2025-01-18,J45.909,APPROVED,2614.32,1739.52,1327.10,,2025-01-27,2026-07-17T08:00:00Z
CLM000004765,MBR0000390,PRV000060,INSTITUTIONAL,2025-08-22,2025-08-25,Z00.00,APPROVED,5368.38,3975.40,3340.65,,2025-08-26,2026-07-11T21:00:00Z
CLM000004766,MBR0000984,PRV000079,INSTITUTIONAL,2025-11-22,2025-11-22,I10,APPROVED,5739.63,3572.44,2863.80,,2025-12-08,2026-07-03T08:00:00Z
CLM000004767,MBR0000407,PRV000019,INSTITUTIONAL,2025-11-14,2025-11-14,J45.909,APPROVED,905.63,827.68,692.80,,2025-11-17,2026-07-01T22:00:00Z
CLM000004768,MBR0000333,PRV000056,PROFESSIONAL,2025-09-20,2025-09-23,E11.9,APPROVED,4756.92,2944.00,2412.14,,2025-09-28,2026-07-12T12:00:00Z
CLM000004769,MBR0000633,PRV000003,INSTITUTIONAL,2025-03-01,2025-03-01,Z00.00,APPROVED,4016.68,2492.10,1885.57,,2025-03-21,2026-07-15T03:00:00Z
CLM000004770,MBR0000509,PRV000011,INSTITUTIONAL,2026-05-09,2026-05-11,M54.50,APPROVED,5361.27,3092.07,3020.62,,2026-05-14,2026-07-09T05:00:00Z
CLM000004771,MBR0000616,PRV000028,INSTITUTIONAL,2025-09-30,2025-09-30,I10,APPROVED,2933.73,1683.28,1483.42,,2025-10-03,2026-07-13T11:00:00Z
CLM000004772,MBR0000794,PRV000014,INSTITUTIONAL,2025-10-23,2025-10-24,N39.0,APPROVED,3735.81,2098.06,1517.39,,2025-10-31,2026-07-18T23:00:00Z
CLM000004773,MBR0000687,PRV000080,INSTITUTIONAL,2026-06-27,2026-06-30,E11.9,APPROVED,297.99,255.27,182.65,,2026-07-17,2026-07-16T06:00:00Z
CLM000004774,MBR0000454,PRV000044,PROFESSIONAL,2025-04-29,2025-04-30,I10,APPROVED,809.69,464.69,382.55,,2025-05-03,2026-07-11T09:00:00Z
CLM000004775,MBR0000101,PRV000016,PROFESSIONAL,2025-07-14,2025-07-16,E11.9,PENDING,2164.08,1284.14,0.00,,2025-08-03,2026-07-04T15:00:00Z
CLM000004776,MBR0000251,PRV000045,PROFESSIONAL,2026-01-04,2026-01-04,E11.9,APPROVED,2045.98,1880.85,1679.41,,2026-01-15,2026-07-11T23:00:00Z
CLM000004777,MBR0000452,PRV000026,PROFESSIONAL,2025-04-21,2025-04-21,N39.0,APPROVED,849.64,652.88,533.61,,2025-04-25,2026-07-14T20:00:00Z
CLM000004778,MBR0000688,PRV000063,PROFESSIONAL,2025-09-12,2025-09-13,N39.0,DENIED,1382.39,896.32,0.00,CO97,2025-09-13,2026-07-14T04:00:00Z
CLM000004779,MBR0000526,PRV000032,INSTITUTIONAL,2025-03-11,2025-03-14,I10,APPROVED,1352.87,770.05,514.76,,2025-03-15,2026-07-01T23:00:00Z
CLM000004780,MBR0000001,PRV000056,INSTITUTIONAL,2025-07-05,2025-07-05,N39.0,APPROVED,4018.55,3363.48,2804.87,,2025-07-18,2026-07-04T01:00:00Z
CLM000004781,MBR0000285,PRV000053,PROFESSIONAL,2025-03-06,2025-03-09,N39.0,APPROVED,3355.63,2303.05,1546.86,,2025-03-18,2026-07-06T10:00:00Z
CLM000004782,MBR0000857,PRV000048,INSTITUTIONAL,2025-09-19,2025-09-20,J45.909,APPROVED,1650.69,968.03,887.54,,2025-09-20,2026-07-09T03:00:00Z
CLM000004783,MBR0000378,PRV000047,INSTITUTIONAL,2026-03-28,2026-03-28,I10,APPROVED,2932.31,2279.99,1866.40,,2026-04-14,2026-07-03T10:00:00Z
CLM000004784,MBR0000634,PRV000059,INSTITUTIONAL,2025-07-23,2025-07-25,I10,APPROVED,4219.68,3685.16,2629.97,,2025-07-25,2026-07-18T21:00:00Z
CLM000004785,MBR0000849,PRV000035,INSTITUTIONAL,2025-06-16,2025-06-19,Z00.00,APPROVED,2626.91,1879.33,1790.82,,2025-07-01,2026-07-19T11:00:00Z
CLM000004786,MBR0000177,PRV000022,PROFESSIONAL,2026-06-19,2026-06-22,M54.50,APPROVED,3857.50,2330.23,1944.68,,2026-07-04,2026-07-15T18:00:00Z
CLM000004787,MBR0000120,PRV000023,INSTITUTIONAL,2025-10-01,2025-10-04,Z00.00,APPROVED,801.07,490.56,327.00,,2025-10-05,2026-07-13T18:00:00Z
CLM000004788,MBR0000139,PRV000094,PROFESSIONAL,2026-02-14,2026-02-14,J45.909,APPROVED,4342.70,2637.40,2366.23,,2026-02-22,2026-07-14T04:00:00Z
CLM000004789,MBR0000129,PRV000002,INSTITUTIONAL,2026-06-06,2026-06-07,E11.9,APPROVED,3356.55,2752.63,2598.47,,2026-06-10,2026-07-09T07:00:00Z
CLM000004790,MBR0000059,PRV000025,INSTITUTIONAL,2026-01-07,2026-01-07,Z00.00,APPROVED,1379.13,1281.90,1277.61,,2026-01-26,2026-07-17T08:00:00Z
CLM000004791,MBR0000234,PRV000092,INSTITUTIONAL,2025-04-03,2025-04-05,J45.909,APPROVED,2330.53,1614.95,1375.50,,2025-04-19,2026-07-10T22:00:00Z
CLM000004792,MBR0000751,PRV000040,PROFESSIONAL,2025-09-25,2025-09-28,N39.0,APPROVED,3526.92,2995.17,2513.80,,2025-10-15,2026-07-20T02:00:00Z
CLM000004793,MBR0000471,PRV000054,INSTITUTIONAL,2025-08-19,2025-08-21,N39.0,APPROVED,5925.67,3898.52,2551.50,,2025-08-31,2026-07-19T20:00:00Z
CLM000004794,MBR0000941,PRV000010,INSTITUTIONAL,2026-03-22,2026-03-22,M54.50,DENIED,1098.52,742.90,0.00,CO50,2026-04-08,2026-07-04T13:00:00Z
CLM000004795,MBR0000376,PRV000096,PROFESSIONAL,2025-06-08,2025-06-08,I10,APPROVED,3017.04,2091.82,1452.19,,2025-06-12,2026-07-17T08:00:00Z
CLM000004796,MBR0000701,PRV000090,INSTITUTIONAL,2026-04-15,2026-04-15,J45.909,APPROVED,4055.17,3427.82,3420.76,,2026-04-30,2026-07-04T16:00:00Z
CLM000004797,MBR0000421,PRV000070,INSTITUTIONAL,2026-01-02,2026-01-04,N39.0,APPROVED,2190.60,1500.81,1094.18,,2026-01-21,2026-07-13T21:00:00Z
CLM000004798,MBR0000742,PRV000063,PROFESSIONAL,2025-05-21,2025-05-22,Z00.00,APPROVED,3330.94,2869.33,2043.15,,2025-06-07,2026-07-20T19:00:00Z
CLM000004799,MBR0000526,PRV000057,PROFESSIONAL,2026-01-01,2026-01-03,J45.909,APPROVED,2238.18,1360.28,1321.82,,2026-01-04,2026-07-02T08:00:00Z
CLM000004800,MBR0000233,PRV000091,PROFESSIONAL,2025-10-09,2025-10-10,M54.50,APPROVED,4893.38,3538.99,3011.77,,2025-10-28,2026-07-20T11:00:00Z
CLM000004801,MBR0000921,PRV000042,INSTITUTIONAL,2025-06-29,2025-06-30,I10,APPROVED,5060.81,3957.23,3666.95,,2025-07-05,2026-07-10T23:00:00Z
CLM000004802,MBR0000891,PRV000011,INSTITUTIONAL,2025-11-30,2025-12-03,M54.50,APPROVED,3592.02,2636.19,2390.55,,2025-12-09,2026-07-14T19:00:00Z
CLM000004803,MBR0000524,PRV000066,PROFESSIONAL,2025-01-30,2025-01-30,I10,APPROVED,3361.10,2819.44,2326.37,,2025-02-04,2026-07-10T09:00:00Z
CLM000004804,MBR0000927,PRV000035,PROFESSIONAL,2025-02-05,2025-02-07,Z00.00,APPROVED,777.49,639.11,445.94,,2025-02-06,2026-07-10T10:00:00Z
CLM000004805,MBR0000344,PRV000062,PROFESSIONAL,2026-02-04,2026-02-06,M54.50,APPROVED,5298.06,3474.31,2790.32,,2026-02-24,2026-07-09T05:00:00Z
CLM000004806,MBR0000875,PRV000005,PROFESSIONAL,2026-05-24,2026-05-27,M54.50,APPROVED,2584.18,1671.24,1670.69,,2026-06-05,2026-07-06T17:00:00Z
CLM000004807,MBR0000791,PRV000035,PROFESSIONAL,2025-04-04,2025-04-06,I10,APPROVED,6036.43,3801.00,2849.27,,2025-04-19,2026-07-19T18:00:00Z
CLM000004808,MBR0000706,PRV000074,PROFESSIONAL,2026-06-12,2026-06-15,J45.909,APPROVED,2961.34,2466.82,1794.37,,2026-06-28,2026-07-01T05:00:00Z
CLM000004809,MBR0000853,PRV000061,INSTITUTIONAL,2026-03-08,2026-03-11,E11.9,APPROVED,4097.66,3652.68,3632.49,,2026-03-23,2026-07-18T10:00:00Z
CLM000004810,MBR0000251,PRV000080,INSTITUTIONAL,2025-06-15,2025-06-15,Z00.00,DENIED,750.11,638.07,0.00,CO16,2025-06-17,2026-07-16T09:00:00Z
CLM000004811,MBR0000153,PRV000015,PROFESSIONAL,2025-10-07,2025-10-08,N39.0,APPROVED,1935.61,1646.16,1126.81,,2025-10-13,2026-07-14T02:00:00Z
CLM000004812,MBR0000030,PRV000076,PROFESSIONAL,2025-09-01,2025-09-02,N39.0,APPROVED,4379.83,3106.03,2235.28,,2025-09-12,2026-07-06T21:00:00Z
CLM000004813,MBR0000440,PRV000044,PROFESSIONAL,2025-02-02,2025-02-05,M54.50,DENIED,511.91,341.34,0.00,CO16,2025-02-14,2026-07-07T01:00:00Z
CLM000004814,MBR0000622,PRV000044,INSTITUTIONAL,2026-06-05,2026-06-08,E11.9,APPROVED,1957.11,1624.11,1310.77,,2026-06-15,2026-07-04T23:00:00Z
CLM000004815,MBR0000033,PRV000091,PROFESSIONAL,2026-03-02,2026-03-02,I10,APPROVED,5260.28,3144.43,2349.22,,2026-03-19,2026-07-12T13:00:00Z
CLM000004816,MBR0000532,PRV000008,PROFESSIONAL,2026-03-04,2026-03-07,N39.0,PENDING,3772.37,2406.59,0.00,,2026-03-17,2026-07-15T15:00:00Z
CLM000004817,MBR0000034,PRV000062,INSTITUTIONAL,2025-05-31,2025-05-31,E11.9,PENDING,707.00,415.53,0.00,,2025-06-16,2026-07-13T11:00:00Z
CLM000004818,MBR0000917,PRV000004,INSTITUTIONAL,2026-04-21,2026-04-23,Z00.00,APPROVED,690.15,463.20,413.37,,2026-05-09,2026-07-18T03:00:00Z
CLM000004819,MBR0000382,PRV000090,INSTITUTIONAL,2025-06-04,2025-06-04,J45.909,APPROVED,4462.48,3785.43,2489.65,,2025-06-09,2026-07-10T12:00:00Z
CLM000004820,MBR0000075,PRV000032,INSTITUTIONAL,2025-02-17,2025-02-17,E11.9,APPROVED,2192.57,1220.48,1163.11,,2025-03-06,2026-07-20T18:00:00Z
CLM000004821,MBR0000297,PRV000044,PROFESSIONAL,2025-08-06,2025-08-09,J45.909,APPROVED,141.99,83.90,76.25,,2025-08-21,2026-07-07T03:00:00Z
CLM000004822,MBR0000320,PRV000008,PROFESSIONAL,2025-10-01,2025-10-01,J45.909,APPROVED,254.78,174.16,119.14,,2025-10-11,2026-07-06T08:00:00Z
CLM000004823,MBR0000092,PRV000023,PROFESSIONAL,2026-05-14,2026-05-14,I10,APPROVED,6580.45,3973.89,3250.25,,2026-05-19,2026-07-17T08:00:00Z
CLM000004824,MBR0000640,PRV000049,PROFESSIONAL,2026-02-12,2026-02-15,J45.909,APPROVED,183.16,149.01,147.55,,2026-03-02,2026-07-04T06:00:00Z
CLM000004825,MBR0000484,PRV000095,INSTITUTIONAL,2025-05-22,2025-05-25,I10,APPROVED,3242.94,2949.30,2014.94,,2025-06-01,2026-07-12T12:00:00Z
CLM000004826,MBR0000063,PRV000049,PROFESSIONAL,2026-01-16,2026-01-16,I10,APPROVED,1591.09,1447.20,1119.41,,2026-01-24,2026-07-03T18:00:00Z
CLM000004827,MBR0000369,PRV000038,PROFESSIONAL,2025-06-12,2025-06-14,M54.50,APPROVED,5094.91,3245.95,3079.72,,2025-06-27,2026-07-10T09:00:00Z
CLM000004828,MBR0000385,PRV000086,INSTITUTIONAL,2025-04-09,2025-04-12,J45.909,APPROVED,2570.47,1721.76,1218.67,,2025-04-22,2026-07-20T00:00:00Z
CLM000004829,MBR0000715,PRV000050,PROFESSIONAL,2025-04-17,2025-04-17,E11.9,APPROVED,6824.56,3945.89,3084.35,,2025-05-02,2026-07-03T04:00:00Z
CLM000004830,MBR0000981,PRV000037,PROFESSIONAL,2025-11-16,2025-11-19,J45.909,APPROVED,4424.31,2743.58,2081.56,,2025-11-19,2026-07-11T02:00:00Z
CLM000004831,MBR0000690,PRV000034,PROFESSIONAL,2026-02-17,2026-02-18,E11.9,APPROVED,3594.21,2259.33,1789.78,,2026-02-28,2026-07-02T20:00:00Z
CLM000004832,MBR0000252,PRV000012,INSTITUTIONAL,2025-12-18,2025-12-20,M54.50,DENIED,827.68,777.99,0.00,CO97,2025-12-31,2026-07-12T01:00:00Z
CLM000004833,MBR0000292,PRV000083,PROFESSIONAL,2025-01-17,2025-01-18,I10,APPROVED,3635.11,2706.42,2618.73,,2025-02-06,2026-07-06T11:00:00Z
CLM000004834,MBR0000106,PRV000098,PROFESSIONAL,2025-05-10,2025-05-11,J45.909,APPROVED,918.51,561.53,467.43,,2025-05-18,2026-07-01T23:00:00Z
CLM000004835,MBR0000824,PRV000093,PROFESSIONAL,2025-01-28,2025-01-30,E11.9,APPROVED,3185.66,1858.62,1648.77,,2025-02-05,2026-07-18T22:00:00Z
CLM000004836,MBR0000531,PRV000050,INSTITUTIONAL,2025-04-16,2025-04-19,E11.9,APPROVED,249.91,180.62,154.42,,2025-04-23,2026-07-05T12:00:00Z
CLM000004837,MBR0000353,PRV000054,PROFESSIONAL,2025-10-02,2025-10-05,J45.909,APPROVED,2073.25,1204.63,1139.81,,2025-10-19,2026-07-01T01:00:00Z
CLM000004838,MBR0000116,PRV000074,INSTITUTIONAL,2025-11-13,2025-11-13,E11.9,APPROVED,2864.84,1890.81,1239.94,,2025-11-25,2026-07-18T19:00:00Z
CLM000004839,MBR0000448,PRV000061,INSTITUTIONAL,2026-01-29,2026-01-30,N39.0,APPROVED,5649.34,3320.86,2405.87,,2026-02-09,2026-07-06T14:00:00Z
CLM000004840,MBR0000381,PRV000051,PROFESSIONAL,2026-05-24,2026-05-24,Z00.00,APPROVED,3242.91,3059.44,2819.69,,2026-06-06,2026-07-17T01:00:00Z
CLM000004841,MBR0000313,PRV000038,PROFESSIONAL,2025-09-12,2025-09-14,E11.9,DENIED,3099.06,2452.04,0.00,CO16,2025-09-26,2026-07-03T16:00:00Z
CLM000004842,MBR0000158,PRV000096,INSTITUTIONAL,2025-08-08,2025-08-08,J45.909,APPROVED,3528.86,2870.49,2712.25,,2025-08-24,2026-07-18T04:00:00Z
CLM000004843,MBR0000799,PRV000057,PROFESSIONAL,2025-07-06,2025-07-08,N39.0,APPROVED,6164.15,3865.03,3372.03,,2025-07-19,2026-07-14T14:00:00Z
CLM000004844,MBR0000298,PRV000089,INSTITUTIONAL,2026-04-27,2026-04-30,M54.50,PENDING,2231.94,1605.45,0.00,,2026-05-01,2026-07-16T13:00:00Z
CLM000004845,MBR0000315,PRV000090,INSTITUTIONAL,2025-12-17,2025-12-18,I10,APPROVED,1956.25,1601.64,1176.71,,2025-12-27,2026-07-03T17:00:00Z
CLM000004846,MBR0000787,PRV000098,INSTITUTIONAL,2025-02-09,2025-02-12,N39.0,APPROVED,1594.98,904.80,705.28,,2025-02-15,2026-07-17T12:00:00Z
CLM000004847,MBR0000001,PRV000011,INSTITUTIONAL,2025-12-05,2025-12-05,I10,APPROVED,1495.82,1327.24,1118.52,,2025-12-06,2026-07-19T08:00:00Z
CLM000004848,MBR0000140,PRV000069,PROFESSIONAL,2026-01-25,2026-01-27,J45.909,APPROVED,2189.60,1457.05,1293.88,,2026-02-07,2026-07-19T14:00:00Z
CLM000004849,MBR0000086,PRV000019,PROFESSIONAL,2025-03-18,2025-03-20,E11.9,APPROVED,2299.89,1689.22,1396.34,,2025-03-22,2026-07-10T22:00:00Z
CLM000004850,MBR0000924,PRV000031,PROFESSIONAL,2025-08-07,2025-08-09,J45.909,APPROVED,4213.55,3513.74,2738.03,,2025-08-20,2026-07-19T21:00:00Z
CLM000004851,MBR0000860,PRV000084,PROFESSIONAL,2025-04-08,2025-04-10,I10,APPROVED,4794.12,3217.10,3180.52,,2025-04-22,2026-07-18T21:00:00Z
CLM000004852,MBR0000487,PRV000008,INSTITUTIONAL,2025-02-01,2025-02-04,E11.9,APPROVED,5071.40,3870.08,2860.32,,2025-02-03,2026-07-15T04:00:00Z
CLM000004853,MBR0000473,PRV000008,PROFESSIONAL,2025-11-20,2025-11-20,Z00.00,APPROVED,508.62,405.03,295.83,,2025-12-02,2026-07-03T08:00:00Z
CLM000004854,MBR0000050,PRV000047,INSTITUTIONAL,2025-07-22,2025-07-25,E11.9,APPROVED,4378.32,3091.70,2307.85,,2025-08-09,2026-07-17T05:00:00Z
CLM000004855,MBR0000160,PRV000026,PROFESSIONAL,2025-02-25,2025-02-26,M54.50,APPROVED,1251.78,1082.52,899.78,,2025-03-13,2026-07-01T03:00:00Z
CLM000004856,MBR0000691,PRV000047,PROFESSIONAL,2026-04-23,2026-04-23,Z00.00,APPROVED,4074.72,2737.11,2397.11,,2026-05-08,2026-07-18T14:00:00Z
CLM000004857,MBR0000033,PRV000026,INSTITUTIONAL,2026-06-10,2026-06-12,Z00.00,PENDING,221.17,135.53,0.00,,2026-06-12,2026-07-08T22:00:00Z
CLM000004858,MBR0000206,PRV000046,INSTITUTIONAL,2025-05-19,2025-05-20,I10,PENDING,1982.25,1199.48,0.00,,2025-06-04,2026-07-04T01:00:00Z
CLM000004859,MBR0000998,PRV000012,INSTITUTIONAL,2026-01-23,2026-01-25,N39.0,APPROVED,1491.85,1126.90,763.56,,2026-02-07,2026-07-12T12:00:00Z
CLM000004860,MBR0000679,PRV000072,PROFESSIONAL,2025-04-08,2025-04-10,J45.909,APPROVED,5126.58,2898.02,2148.94,,2025-04-27,2026-07-20T19:00:00Z
CLM000004861,MBR0000011,PRV000034,PROFESSIONAL,2025-04-15,2025-04-15,N39.0,APPROVED,5185.61,3487.01,2837.22,,2025-04-22,2026-07-17T06:00:00Z
CLM000004862,MBR0000005,PRV000027,INSTITUTIONAL,2025-03-23,2025-03-26,I10,APPROVED,4945.65,3065.44,2828.02,,2025-04-01,2026-07-12T09:00:00Z
CLM000004863,MBR0000145,PRV000060,PROFESSIONAL,2025-10-02,2025-10-02,Z00.00,APPROVED,343.13,311.99,246.42,,2025-10-08,2026-07-01T21:00:00Z
CLM000004864,MBR0000228,PRV000040,PROFESSIONAL,2025-02-26,2025-02-27,I10,PENDING,2409.58,1654.30,0.00,,2025-03-09,2026-07-05T01:00:00Z
CLM000004865,MBR0000666,PRV000092,INSTITUTIONAL,2026-03-02,2026-03-05,M54.50,APPROVED,4547.90,3901.12,2587.67,,2026-03-14,2026-07-10T22:00:00Z
CLM000004866,MBR0000141,PRV000058,PROFESSIONAL,2025-10-04,2025-10-06,I10,APPROVED,2969.47,2175.80,1781.90,,2025-10-08,2026-07-13T19:00:00Z
CLM000004867,MBR0000984,PRV000054,PROFESSIONAL,2026-02-11,2026-02-12,E11.9,DENIED,3367.17,2822.65,0.00,CO16,2026-02-27,2026-07-06T06:00:00Z
CLM000004868,MBR0000180,PRV000065,INSTITUTIONAL,2026-06-10,2026-06-10,N39.0,APPROVED,501.39,457.34,326.74,,2026-06-11,2026-07-11T23:00:00Z
CLM000004869,MBR0000316,PRV000018,PROFESSIONAL,2025-03-20,2025-03-22,I10,APPROVED,4394.18,2510.83,1826.49,,2025-03-22,2026-07-07T06:00:00Z
CLM000004870,MBR0000443,PRV000009,PROFESSIONAL,2025-01-19,2025-01-19,J45.909,APPROVED,174.44,100.10,84.39,,2025-02-08,2026-07-20T04:00:00Z
CLM000004871,MBR0000717,PRV000051,PROFESSIONAL,2025-07-02,2025-07-05,J45.909,APPROVED,1196.99,710.19,698.68,,2025-07-09,2026-07-10T13:00:00Z
CLM000004872,MBR0000190,PRV000022,INSTITUTIONAL,2025-04-27,2025-04-30,Z00.00,APPROVED,454.98,304.12,251.56,,2025-05-16,2026-07-01T02:00:00Z
CLM000004873,MBR0000283,PRV000095,INSTITUTIONAL,2025-05-19,2025-05-22,I10,APPROVED,1343.23,776.51,714.30,,2025-05-28,2026-07-15T09:00:00Z
CLM000004874,MBR0000151,PRV000056,INSTITUTIONAL,2025-06-30,2025-07-03,M54.50,DENIED,6334.52,3577.95,0.00,CO16,2025-07-16,2026-07-19T23:00:00Z
CLM000004875,MBR0000629,PRV000039,INSTITUTIONAL,2026-04-12,2026-04-12,I10,APPROVED,3565.92,2273.43,1921.93,,2026-04-29,2026-07-13T20:00:00Z
CLM000004876,MBR0000042,PRV000032,PROFESSIONAL,2025-01-15,2025-01-15,M54.50,APPROVED,2087.65,1840.14,1422.35,,2025-01-20,2026-07-12T07:00:00Z
CLM000004877,MBR0000297,PRV000047,PROFESSIONAL,2025-04-22,2025-04-25,I10,APPROVED,1689.34,1262.30,1028.11,,2025-05-07,2026-07-18T16:00:00Z
CLM000004878,MBR0000915,PRV000081,PROFESSIONAL,2025-02-09,2025-02-09,N39.0,APPROVED,1802.06,1688.22,1379.57,,2025-02-15,2026-07-01T17:00:00Z
CLM000004879,MBR0000195,PRV000081,INSTITUTIONAL,2025-11-05,2025-11-05,Z00.00,APPROVED,1949.29,1834.56,1428.77,,2025-11-18,2026-07-08T17:00:00Z
CLM000004880,MBR0000935,PRV000008,PROFESSIONAL,2026-03-06,2026-03-06,M54.50,APPROVED,1473.09,1210.65,1178.10,,2026-03-08,2026-07-18T18:00:00Z
CLM000004881,MBR0000803,PRV000093,INSTITUTIONAL,2025-02-01,2025-02-02,N39.0,APPROVED,1492.29,1076.62,893.60,,2025-02-03,2026-07-11T00:00:00Z
CLM000004882,MBR0000118,PRV000048,PROFESSIONAL,2025-10-22,2025-10-22,E11.9,APPROVED,2790.10,1710.77,1456.85,,2025-10-28,2026-07-02T22:00:00Z
CLM000004883,MBR0000380,PRV000010,INSTITUTIONAL,2025-01-28,2025-01-29,M54.50,APPROVED,1924.62,1083.44,1042.92,,2025-02-14,2026-07-04T22:00:00Z
CLM000004884,MBR0000243,PRV000055,INSTITUTIONAL,2025-06-04,2025-06-04,I10,APPROVED,811.02,730.67,563.66,,2025-06-20,2026-07-08T15:00:00Z
CLM000004885,MBR0000456,PRV000037,PROFESSIONAL,2025-07-09,2025-07-10,N39.0,APPROVED,1418.60,865.98,646.05,,2025-07-21,2026-07-18T01:00:00Z
CLM000004886,MBR0000162,PRV000001,INSTITUTIONAL,2026-03-27,2026-03-30,M54.50,APPROVED,4420.10,3412.47,3043.39,,2026-03-30,2026-07-13T09:00:00Z
CLM000004887,MBR0000558,PRV000100,PROFESSIONAL,2025-03-17,2025-03-17,N39.0,DENIED,4103.99,3570.01,0.00,CO16,2025-04-01,2026-07-05T15:00:00Z
CLM000004888,MBR0000782,PRV000037,INSTITUTIONAL,2025-10-11,2025-10-11,N39.0,APPROVED,4983.42,3756.92,2870.95,,2025-10-15,2026-07-16T00:00:00Z
CLM000004889,MBR0000396,PRV000007,INSTITUTIONAL,2026-03-24,2026-03-26,M54.50,APPROVED,4654.76,3353.51,3025.88,,2026-04-10,2026-07-16T09:00:00Z
CLM000004890,MBR0000522,PRV000051,PROFESSIONAL,2025-04-24,2025-04-24,Z00.00,APPROVED,4420.38,3128.72,2524.25,,2025-04-26,2026-07-18T03:00:00Z
CLM000004891,MBR0000866,PRV000028,PROFESSIONAL,2026-01-14,2026-01-15,Z00.00,APPROVED,523.26,401.02,276.89,,2026-01-26,2026-07-12T02:00:00Z
CLM000004892,MBR0000241,PRV000017,INSTITUTIONAL,2025-10-21,2025-10-21,M54.50,APPROVED,2048.20,1612.09,1110.49,,2025-11-10,2026-07-05T00:00:00Z
CLM000004893,MBR0000345,PRV000092,PROFESSIONAL,2026-05-07,2026-05-08,J45.909,APPROVED,4533.04,3940.65,2636.54,,2026-05-10,2026-07-01T11:00:00Z
CLM000004894,MBR0000341,PRV000038,INSTITUTIONAL,2026-01-17,2026-01-18,I10,APPROVED,1341.75,1035.40,993.32,,2026-01-19,2026-07-10T06:00:00Z
CLM000004895,MBR0000225,PRV000038,PROFESSIONAL,2026-05-29,2026-05-31,J45.909,APPROVED,2064.35,1674.24,1535.00,,2026-06-01,2026-07-03T21:00:00Z
CLM000004896,MBR0000730,PRV000078,PROFESSIONAL,2025-06-11,2025-06-12,Z00.00,APPROVED,1431.72,985.03,795.28,,2025-06-29,2026-07-08T22:00:00Z
CLM000004897,MBR0000875,PRV000039,INSTITUTIONAL,2025-10-31,2025-11-01,Z00.00,APPROVED,921.17,775.91,518.83,,2025-11-13,2026-07-03T08:00:00Z
CLM000004898,MBR0000224,PRV000054,INSTITUTIONAL,2025-12-05,2025-12-07,M54.50,APPROVED,2531.94,1670.42,1509.83,,2025-12-19,2026-07-02T07:00:00Z
CLM000004899,MBR0000304,PRV000026,PROFESSIONAL,2025-07-08,2025-07-11,J45.909,APPROVED,2806.01,1715.06,1625.55,,2025-07-13,2026-07-11T00:00:00Z
CLM000004900,MBR0000212,PRV000069,PROFESSIONAL,2025-09-22,2025-09-22,J45.909,APPROVED,1998.01,1128.35,900.91,,2025-09-30,2026-07-18T10:00:00Z
CLM000004901,MBR0000749,PRV000081,INSTITUTIONAL,2025-12-17,2025-12-18,M54.50,APPROVED,5416.16,3444.25,2331.97,,2025-12-19,2026-07-08T00:00:00Z
CLM000004902,MBR0000194,PRV000067,INSTITUTIONAL,2025-11-03,2025-11-03,N39.0,APPROVED,4346.66,2480.17,1771.22,,2025-11-21,2026-07-13T17:00:00Z
CLM000004903,MBR0000277,PRV000062,INSTITUTIONAL,2025-03-05,2025-03-06,I10,APPROVED,5373.19,3218.61,2247.86,,2025-03-11,2026-07-09T07:00:00Z
CLM000004904,MBR0000364,PRV000066,PROFESSIONAL,2025-12-24,2025-12-26,M54.50,DENIED,6074.55,3472.96,0.00,CO97,2025-12-28,2026-07-18T08:00:00Z
CLM000004905,MBR0000168,PRV000055,INSTITUTIONAL,2025-06-14,2025-06-15,Z00.00,APPROVED,6482.82,3866.94,3188.40,,2025-06-19,2026-07-07T18:00:00Z
CLM000004906,MBR0000730,PRV000046,INSTITUTIONAL,2025-10-05,2025-10-08,M54.50,APPROVED,6020.89,3474.74,2389.90,,2025-10-12,2026-07-02T08:00:00Z
CLM000004907,MBR0000144,PRV000059,INSTITUTIONAL,2025-11-25,2025-11-27,Z00.00,APPROVED,203.75,165.53,123.68,,2025-12-15,2026-07-09T05:00:00Z
CLM000004908,MBR0000626,PRV000003,PROFESSIONAL,2026-05-29,2026-05-29,N39.0,APPROVED,164.72,110.62,93.16,,2026-06-14,2026-07-15T12:00:00Z
CLM000004909,MBR0000800,PRV000073,INSTITUTIONAL,2026-02-18,2026-02-18,I10,PENDING,592.10,375.69,0.00,,2026-02-20,2026-07-04T06:00:00Z
CLM000004910,MBR0000208,PRV000062,PROFESSIONAL,2025-02-10,2025-02-12,J45.909,APPROVED,1153.00,916.67,845.55,,2025-02-19,2026-07-07T15:00:00Z
CLM000004911,MBR0000870,PRV000040,PROFESSIONAL,2025-07-06,2025-07-06,J45.909,APPROVED,5772.22,3503.76,3006.06,,2025-07-16,2026-07-20T20:00:00Z
CLM000004912,MBR0000273,PRV000053,PROFESSIONAL,2026-06-11,2026-06-13,N39.0,APPROVED,4761.49,3497.13,2833.00,,2026-06-21,2026-07-12T04:00:00Z
CLM000004913,MBR0000838,PRV000068,INSTITUTIONAL,2026-05-06,2026-05-06,I10,APPROVED,2000.92,1866.42,1412.48,,2026-05-17,2026-07-14T04:00:00Z
CLM000004914,MBR0000603,PRV000033,INSTITUTIONAL,2025-04-26,2025-04-27,N39.0,APPROVED,4459.70,3745.05,3637.05,,2025-04-28,2026-07-11T00:00:00Z
CLM000004915,MBR0000331,PRV000060,INSTITUTIONAL,2025-05-12,2025-05-13,N39.0,APPROVED,4946.04,2944.32,1920.47,,2025-05-15,2026-07-05T18:00:00Z
CLM000004916,MBR0000382,PRV000058,INSTITUTIONAL,2025-06-22,2025-06-24,N39.0,APPROVED,140.34,80.26,67.90,,2025-07-11,2026-07-04T05:00:00Z
CLM000004917,MBR0000707,PRV000083,INSTITUTIONAL,2025-01-09,2025-01-09,N39.0,APPROVED,1967.48,1579.04,1547.47,,2025-01-19,2026-07-15T18:00:00Z
CLM000004918,MBR0000112,PRV000048,PROFESSIONAL,2026-03-05,2026-03-06,J45.909,PENDING,5259.66,3537.05,0.00,,2026-03-15,2026-07-13T17:00:00Z
CLM000004919,MBR0000603,PRV000088,PROFESSIONAL,2026-03-30,2026-04-01,Z00.00,APPROVED,3652.65,2578.69,2526.62,,2026-04-13,2026-07-11T10:00:00Z
CLM000004920,MBR0000956,PRV000047,PROFESSIONAL,2025-06-17,2025-06-17,M54.50,PENDING,2511.63,1928.83,0.00,,2025-07-02,2026-07-01T06:00:00Z
CLM000004921,MBR0000456,PRV000030,INSTITUTIONAL,2025-01-30,2025-02-02,Z00.00,DENIED,4524.94,2528.03,0.00,CO16,2025-02-13,2026-07-20T22:00:00Z
CLM000004922,MBR0000634,PRV000072,INSTITUTIONAL,2026-03-05,2026-03-07,J45.909,PENDING,3789.95,3504.02,0.00,,2026-03-13,2026-07-11T07:00:00Z
CLM000004923,MBR0000464,PRV000035,PROFESSIONAL,2025-06-06,2025-06-07,I10,PENDING,1572.56,1042.81,0.00,,2025-06-21,2026-07-07T13:00:00Z
CLM000004924,MBR0000649,PRV000005,PROFESSIONAL,2026-06-29,2026-07-01,M54.50,APPROVED,2676.95,1700.33,1125.89,,2026-07-06,2026-07-02T20:00:00Z
CLM000004925,MBR0000880,PRV000065,PROFESSIONAL,2025-04-21,2025-04-21,M54.50,DENIED,4352.36,3596.66,0.00,CO16,2025-05-03,2026-07-08T20:00:00Z
CLM000004926,MBR0000826,PRV000068,PROFESSIONAL,2025-01-12,2025-01-14,N39.0,DENIED,4225.87,2792.00,0.00,CO16,2025-01-25,2026-07-07T05:00:00Z
CLM000004927,MBR0000920,PRV000031,INSTITUTIONAL,2025-11-15,2025-11-18,N39.0,APPROVED,2041.47,1800.96,1250.28,,2025-12-01,2026-07-16T21:00:00Z
CLM000004928,MBR0000502,PRV000097,PROFESSIONAL,2025-03-09,2025-03-09,N39.0,APPROVED,1732.38,1637.81,1502.44,,2025-03-18,2026-07-11T09:00:00Z
CLM000004929,MBR0000221,PRV000089,PROFESSIONAL,2025-02-23,2025-02-23,N39.0,APPROVED,631.69,568.50,487.61,,2025-03-07,2026-07-17T05:00:00Z
CLM000004930,MBR0000380,PRV000068,PROFESSIONAL,2025-10-05,2025-10-07,I10,APPROVED,3705.38,2529.94,1713.91,,2025-10-11,2026-07-05T10:00:00Z
CLM000004931,MBR0000106,PRV000005,INSTITUTIONAL,2025-10-07,2025-10-08,E11.9,APPROVED,4534.75,3619.74,2656.85,,2025-10-16,2026-07-02T15:00:00Z
CLM000004932,MBR0000182,PRV000039,PROFESSIONAL,2025-03-12,2025-03-14,I10,APPROVED,3353.90,2306.30,2253.67,,2025-04-01,2026-07-16T02:00:00Z
CLM000004933,MBR0000824,PRV000093,INSTITUTIONAL,2026-06-12,2026-06-14,I10,APPROVED,4039.93,3292.93,2685.35,,2026-06-27,2026-07-07T12:00:00Z
CLM000004934,MBR0000499,PRV000024,PROFESSIONAL,2025-11-12,2025-11-12,N39.0,APPROVED,5927.75,3343.01,2222.88,,2025-12-01,2026-07-19T11:00:00Z
CLM000004935,MBR0000613,PRV000096,INSTITUTIONAL,2025-09-04,2025-09-05,E11.9,DENIED,525.65,317.16,0.00,CO16,2025-09-10,2026-07-05T18:00:00Z
CLM000004936,MBR0000939,PRV000082,INSTITUTIONAL,2026-01-23,2026-01-24,Z00.00,APPROVED,630.61,481.02,478.17,,2026-02-04,2026-07-01T17:00:00Z
CLM000004937,MBR0000199,PRV000067,PROFESSIONAL,2026-03-26,2026-03-26,M54.50,APPROVED,4547.26,2748.37,1965.38,,2026-04-04,2026-07-19T06:00:00Z
CLM000004938,MBR0000731,PRV000074,INSTITUTIONAL,2026-02-26,2026-02-26,M54.50,APPROVED,1127.94,642.64,448.77,,2026-03-15,2026-07-07T08:00:00Z
CLM000004939,MBR0000192,PRV000017,PROFESSIONAL,2026-01-28,2026-01-29,J45.909,APPROVED,5497.50,3252.96,2429.39,,2026-02-11,2026-07-12T22:00:00Z
CLM000004940,MBR0000310,PRV000070,INSTITUTIONAL,2025-06-09,2025-06-11,Z00.00,APPROVED,5546.98,3877.49,3467.65,,2025-06-17,2026-07-18T08:00:00Z
CLM000004941,MBR0000945,PRV000011,PROFESSIONAL,2025-07-12,2025-07-15,E11.9,DENIED,840.55,561.82,0.00,CO50,2025-07-30,2026-07-03T09:00:00Z
CLM000004942,MBR0000409,PRV000010,PROFESSIONAL,2026-01-02,2026-01-04,J45.909,APPROVED,878.70,728.45,566.49,,2026-01-12,2026-07-01T09:00:00Z
CLM000004943,MBR0000891,PRV000063,PROFESSIONAL,2025-11-18,2025-11-21,I10,APPROVED,682.16,596.53,487.35,,2025-12-07,2026-07-20T22:00:00Z
CLM000004944,MBR0000138,PRV000001,PROFESSIONAL,2025-12-24,2025-12-27,I10,APPROVED,3997.13,2348.81,1914.13,,2025-12-28,2026-07-05T22:00:00Z
CLM000004945,MBR0000162,PRV000082,PROFESSIONAL,2026-02-24,2026-02-27,J45.909,APPROVED,6032.68,3635.65,2746.01,,2026-03-07,2026-07-08T15:00:00Z
CLM000004946,MBR0000696,PRV000069,PROFESSIONAL,2025-05-08,2025-05-08,N39.0,APPROVED,3441.12,2972.04,2931.88,,2025-05-26,2026-07-02T12:00:00Z
CLM000004947,MBR0000987,PRV000030,PROFESSIONAL,2025-06-01,2025-06-02,J45.909,APPROVED,869.95,625.20,623.43,,2025-06-03,2026-07-05T06:00:00Z
CLM000004948,MBR0000612,PRV000019,INSTITUTIONAL,2025-02-22,2025-02-24,Z00.00,APPROVED,946.05,599.67,438.26,,2025-03-03,2026-07-06T12:00:00Z
CLM000004949,MBR0000514,PRV000029,PROFESSIONAL,2025-11-02,2025-11-03,Z00.00,APPROVED,3857.44,2421.74,2357.09,,2025-11-22,2026-07-18T19:00:00Z
CLM000004950,MBR0000149,PRV000006,INSTITUTIONAL,2025-05-12,2025-05-13,I10,APPROVED,274.21,224.75,183.49,,2025-05-22,2026-07-02T16:00:00Z
CLM000004951,MBR0000333,PRV000038,PROFESSIONAL,2025-01-11,2025-01-13,N39.0,APPROVED,684.39,387.40,337.48,,2025-01-15,2026-07-14T05:00:00Z
CLM000004952,MBR0000933,PRV000091,PROFESSIONAL,2025-07-26,2025-07-26,J45.909,APPROVED,3570.23,2061.97,1501.90,,2025-08-07,2026-07-15T11:00:00Z
CLM000004953,MBR0000168,PRV000080,PROFESSIONAL,2026-05-06,2026-05-06,Z00.00,APPROVED,1963.53,1757.11,1601.74,,2026-05-22,2026-07-17T17:00:00Z
CLM000004954,MBR0000755,PRV000060,PROFESSIONAL,2026-02-02,2026-02-05,I10,APPROVED,1513.97,1236.63,911.67,,2026-02-10,2026-07-10T08:00:00Z
CLM000004955,MBR0000850,PRV000072,INSTITUTIONAL,2026-01-27,2026-01-28,J45.909,APPROVED,3548.04,2771.12,2613.83,,2026-02-03,2026-07-09T01:00:00Z
CLM000004956,MBR0000615,PRV000012,PROFESSIONAL,2025-12-28,2025-12-28,M54.50,DENIED,2244.27,1399.90,0.00,CO50,2026-01-02,2026-07-15T21:00:00Z
CLM000004957,MBR0000079,PRV000076,INSTITUTIONAL,2025-04-24,2025-04-25,M54.50,APPROVED,1367.11,774.67,613.01,,2025-05-03,2026-07-18T08:00:00Z
CLM000004958,MBR0000065,PRV000086,INSTITUTIONAL,2026-04-02,2026-04-02,N39.0,PENDING,183.48,104.89,0.00,,2026-04-17,2026-07-19T06:00:00Z
CLM000004959,MBR0000034,PRV000049,INSTITUTIONAL,2026-06-27,2026-06-30,Z00.00,APPROVED,1198.28,912.14,664.29,,2026-07-10,2026-07-05T04:00:00Z
CLM000004960,MBR0000191,PRV000093,INSTITUTIONAL,2025-12-21,2025-12-24,Z00.00,DENIED,5873.92,3892.83,0.00,CO50,2025-12-27,2026-07-10T16:00:00Z
CLM000004961,MBR0000825,PRV000072,PROFESSIONAL,2026-06-15,2026-06-17,J45.909,APPROVED,787.14,727.99,572.56,,2026-07-01,2026-07-13T01:00:00Z
CLM000004962,MBR0000218,PRV000070,INSTITUTIONAL,2025-11-22,2025-11-25,E11.9,APPROVED,3223.14,1995.27,1931.54,,2025-11-27,2026-07-06T23:00:00Z
CLM000004963,MBR0000720,PRV000079,PROFESSIONAL,2025-06-04,2025-06-04,E11.9,APPROVED,5049.71,2890.67,1973.58,,2025-06-12,2026-07-07T21:00:00Z
CLM000004964,MBR0000012,PRV000061,INSTITUTIONAL,2025-09-11,2025-09-11,N39.0,PENDING,2371.41,1512.01,0.00,,2025-09-14,2026-07-20T01:00:00Z
CLM000004965,MBR0000038,PRV000052,PROFESSIONAL,2026-05-07,2026-05-07,N39.0,APPROVED,5482.81,3490.31,2285.72,,2026-05-09,2026-07-04T09:00:00Z
CLM000004966,MBR0000519,PRV000049,INSTITUTIONAL,2025-06-20,2025-06-23,M54.50,APPROVED,2682.56,1985.82,1580.18,,2025-07-04,2026-07-14T00:00:00Z
CLM000004967,MBR0000049,PRV000035,PROFESSIONAL,2025-04-24,2025-04-27,E11.9,APPROVED,1637.62,1151.61,862.90,,2025-04-30,2026-07-13T04:00:00Z
CLM000004968,MBR0000457,PRV000073,PROFESSIONAL,2026-04-20,2026-04-23,E11.9,APPROVED,1643.60,1160.12,1109.05,,2026-05-08,2026-07-06T02:00:00Z
CLM000004969,MBR0000540,PRV000075,PROFESSIONAL,2026-01-06,2026-01-09,N39.0,PENDING,572.33,403.43,0.00,,2026-01-16,2026-07-09T06:00:00Z
CLM000004970,MBR0000756,PRV000070,PROFESSIONAL,2026-03-04,2026-03-04,Z00.00,APPROVED,668.33,469.70,399.16,,2026-03-09,2026-07-03T06:00:00Z
CLM000004971,MBR0000555,PRV000095,INSTITUTIONAL,2026-04-18,2026-04-19,J45.909,APPROVED,4907.42,2964.58,2189.23,,2026-05-06,2026-07-17T23:00:00Z
CLM000004972,MBR0000619,PRV000028,INSTITUTIONAL,2025-08-28,2025-08-28,J45.909,APPROVED,629.16,395.95,375.18,,2025-09-03,2026-07-20T05:00:00Z
CLM000004973,MBR0000538,PRV000055,INSTITUTIONAL,2025-08-30,2025-09-02,I10,APPROVED,5749.83,3879.02,3066.03,,2025-09-10,2026-07-05T15:00:00Z
CLM000004974,MBR0000643,PRV000086,INSTITUTIONAL,2025-06-13,2025-06-16,E11.9,APPROVED,379.93,242.61,227.50,,2025-06-29,2026-07-03T14:00:00Z
CLM000004975,MBR0000123,PRV000019,PROFESSIONAL,2026-04-30,2026-05-02,Z00.00,APPROVED,4552.24,3223.29,3041.92,,2026-05-15,2026-07-02T07:00:00Z
CLM000004976,MBR0000136,PRV000082,PROFESSIONAL,2025-10-06,2025-10-08,M54.50,DENIED,3056.62,2511.21,0.00,CO16,2025-10-24,2026-07-07T19:00:00Z
CLM000004977,MBR0000388,PRV000078,INSTITUTIONAL,2025-05-14,2025-05-16,E11.9,APPROVED,2496.17,1530.01,1078.23,,2025-06-02,2026-07-20T20:00:00Z
CLM000004978,MBR0000963,PRV000043,INSTITUTIONAL,2025-08-05,2025-08-05,I10,APPROVED,3319.69,2136.40,1688.60,,2025-08-11,2026-07-10T09:00:00Z
CLM000004979,MBR0000359,PRV000034,INSTITUTIONAL,2025-06-22,2025-06-25,M54.50,APPROVED,3151.21,2193.16,1546.12,,2025-06-27,2026-07-18T16:00:00Z
CLM000004980,MBR0000580,PRV000035,INSTITUTIONAL,2025-07-11,2025-07-12,I10,APPROVED,3958.45,2418.56,1827.69,,2025-07-26,2026-07-18T11:00:00Z
CLM000004981,MBR0000017,PRV000035,INSTITUTIONAL,2025-11-22,2025-11-25,E11.9,APPROVED,2383.27,1628.60,1100.08,,2025-11-23,2026-07-20T13:00:00Z
CLM000004982,MBR0000989,PRV000085,INSTITUTIONAL,2025-05-29,2025-05-30,N39.0,APPROVED,2454.10,1652.47,1075.61,,2025-06-04,2026-07-15T06:00:00Z
CLM000004983,MBR0000023,PRV000087,PROFESSIONAL,2025-04-08,2025-04-08,Z00.00,APPROVED,1704.12,1559.45,1105.66,,2025-04-12,2026-07-19T07:00:00Z
CLM000004984,MBR0000668,PRV000073,PROFESSIONAL,2025-10-06,2025-10-08,J45.909,DENIED,4067.64,2780.91,0.00,CO97,2025-10-07,2026-07-16T07:00:00Z
CLM000004985,MBR0000209,PRV000021,PROFESSIONAL,2025-04-28,2025-04-28,I10,APPROVED,1201.36,697.16,607.73,,2025-04-29,2026-07-02T20:00:00Z
CLM000004986,MBR0000065,PRV000001,INSTITUTIONAL,2026-01-30,2026-02-02,N39.0,APPROVED,1319.55,904.77,613.66,,2026-02-01,2026-07-18T14:00:00Z
CLM000004987,MBR0000418,PRV000100,PROFESSIONAL,2025-04-08,2025-04-11,J45.909,APPROVED,1294.45,875.87,821.42,,2025-04-16,2026-07-19T17:00:00Z
CLM000004988,MBR0000717,PRV000022,INSTITUTIONAL,2026-05-07,2026-05-10,I10,APPROVED,2460.32,2308.22,2269.91,,2026-05-23,2026-07-06T09:00:00Z
CLM000004989,MBR0000193,PRV000095,INSTITUTIONAL,2025-07-23,2025-07-26,Z00.00,APPROVED,4544.98,3328.45,3151.08,,2025-08-08,2026-07-10T03:00:00Z
CLM000004990,MBR0000603,PRV000068,INSTITUTIONAL,2026-03-21,2026-03-24,Z00.00,APPROVED,2164.62,2056.39,1484.62,,2026-03-24,2026-07-16T03:00:00Z
CLM000004991,MBR0000282,PRV000062,INSTITUTIONAL,2026-04-04,2026-04-05,J45.909,APPROVED,3850.00,3074.61,2641.36,,2026-04-09,2026-07-01T22:00:00Z
CLM000004992,MBR0000519,PRV000029,INSTITUTIONAL,2025-02-06,2025-02-08,N39.0,APPROVED,4088.33,3074.80,2826.30,,2025-02-09,2026-07-14T08:00:00Z
CLM000004993,MBR0000183,PRV000059,PROFESSIONAL,2025-03-03,2025-03-03,I10,APPROVED,4587.73,3299.55,2558.31,,2025-03-12,2026-07-18T16:00:00Z
CLM000004994,MBR0000643,PRV000017,PROFESSIONAL,2025-10-12,2025-10-13,J45.909,APPROVED,1112.29,930.79,623.89,,2025-10-20,2026-07-11T16:00:00Z
CLM000004995,MBR0000182,PRV000032,INSTITUTIONAL,2025-05-25,2025-05-25,E11.9,APPROVED,2429.37,1918.38,1811.15,,2025-06-04,2026-07-12T16:00:00Z
CLM000004996,MBR0000336,PRV000005,PROFESSIONAL,2025-04-21,2025-04-24,E11.9,DENIED,3572.42,3234.00,0.00,CO50,2025-04-24,2026-07-13T22:00:00Z
CLM000004997,MBR0000144,PRV000093,INSTITUTIONAL,2026-05-31,2026-06-03,M54.50,APPROVED,4713.00,3164.02,2985.05,,2026-06-17,2026-07-09T23:00:00Z
CLM000004998,MBR0000401,PRV000073,PROFESSIONAL,2025-04-29,2025-05-01,E11.9,APPROVED,782.34,607.20,413.85,,2025-05-13,2026-07-10T07:00:00Z
CLM000004999,MBR0000158,PRV000085,PROFESSIONAL,2025-12-10,2025-12-12,I10,APPROVED,1195.10,1052.06,708.17,,2025-12-22,2026-07-01T23:00:00Z
CLM000005000,MBR0000541,PRV000041,INSTITUTIONAL,2025-10-05,2025-10-06,M54.50,APPROVED,4165.18,3714.72,2985.25,,2025-10-24,2026-07-03T00:00:00Z
